estacion,distribucion,metodo,T,metis
est_01,gamma2p,momentos,2,115.58547822462047
est_01,gamma2p,momentos,5,221.57250904620201
est_01,gamma2p,momentos,10,296.54809388261924
est_01,gamma2p,momentos,20,369.87834457419984
est_01,gamma2p,momentos,25,393.3047631796107
est_01,gamma2p,momentos,50,465.8046953030283
est_01,gamma2p,momentos,100,538.1693907501094
est_01,gamma2p,momentos,200,610.6302759340475
est_01,gamma2p,momentos,500,706.8051352896701
est_01,gamma2p,mv,2,113.28696450940637
est_01,gamma2p,mv,5,223.51072094234593
est_01,gamma2p,mv,10,302.430669530703
est_01,gamma2p,mv,20,380.08782698363166
est_01,gamma2p,mv,25,404.9730885115979
est_01,gamma2p,mv,50,482.1805943562541
est_01,gamma2p,mv,100,559.4898775179228
est_01,gamma2p,mv,200,637.1048129449579
est_01,gamma2p,mv,500,740.3813145768959
est_01,gamma2p,ml,2,110.80720347611832
est_01,gamma2p,ml,5,225.3953528599953
est_01,gamma2p,ml,10,308.4880613548104
est_01,gamma2p,ml,20,390.76913332620654
est_01,gamma2p,ml,25,417.22051668376326
est_01,gamma2p,ml,50,499.49952551722845
est_01,gamma2p,ml,100,582.1580712184017
est_01,gamma2p,ml,200,665.3671248399787
est_01,gamma2p,ml,500,776.3749346001835
est_01,gen_exponencial,momentos,2,114.6087992913403
est_01,gen_exponencial,momentos,5,220.5704635482684
est_01,gen_exponencial,momentos,10,296.46866645174896
est_01,gen_exponencial,momentos,20,371.09439926408703
est_01,gen_exponencial,momentos,25,394.97570306284814
est_01,gen_exponencial,momentos,50,468.9089164942435
est_01,gen_exponencial,momentos,100,542.6217139031272
est_01,gen_exponencial,momentos,200,616.2261439317617
est_01,gen_exponencial,momentos,500,713.4483482326012
est_01,gen_exponencial,mv,2,111.37156650428514
est_01,gen_exponencial,mv,5,224.09420210991814
est_01,gen_exponencial,mv,10,305.8313057599167
est_01,gen_exponencial,mv,20,386.5050388229451
est_01,gen_exponencial,mv,25,412.3566117039792
est_01,gen_exponencial,mv,50,492.4503741313071
est_01,gen_exponencial,mv,100,572.3593602938674
est_01,gen_exponencial,mv,200,652.1774692405412
est_01,gen_exponencial,mv,500,757.6262164462613
est_01,gumbel,momentos,2,125.37359439184112
est_01,gumbel,momentos,5,227.72943018507783
est_01,gumbel,momentos,10,295.4978997553451
est_01,gumbel,momentos,20,360.5030427897471
est_01,gumbel,momentos,25,381.1235407081077
est_01,gumbel,momentos,50,444.6455325961324
est_01,gumbel,momentos,100,507.6984880671567
est_01,gumbel,momentos,200,570.5213738951211
est_01,gumbel,momentos,500,653.4042426360675
est_01,gumbel,mv,2,122.98552536027321
est_01,gumbel,mv,5,218.6007608579544
est_01,gumbel,mv,10,281.90636651357937
est_01,gumbel,mv,20,342.6306233341709
est_01,gumbel,mv,25,361.8931670793686
est_01,gumbel,mv,50,421.23194504533
est_01,gumbel,mv,100,480.13257478924885
est_01,gumbel,mv,200,538.8182860291903
est_01,gumbel,mv,500,616.2429384876741
est_01,gumbel,ml,2,124.7076702399956
est_01,gumbel,ml,5,230.5033896522213
est_01,gumbel,ml,10,300.54936149240916
est_01,gumbel,ml,20,367.7391393836432
est_01,gumbel,ml,25,389.052632600758
est_01,gumbel,ml,50,454.70941492498764
est_01,gumbel,ml,100,519.8813978747357
est_01,gumbel,ml,200,584.8155792061024
est_01,gumbel,ml,500,670.4839014609328
est_01,gumbel,me,2,125.79634265890803
est_01,gumbel,me,5,225.73580790910145
est_01,gumbel,me,10,291.90442992453546
est_01,gumbel,me,20,355.37496077432354
est_01,gumbel,me,25,375.5086592506527
est_01,gumbel,me,50,437.5310525193694
est_01,gumbel,me,100,499.0954821718973
est_01,gumbel,me,200,560.4352735620388
est_01,gumbel,me,500,641.3614808093199
est_01,gamma3p,momentos,2,129.17700729170127
est_01,gamma3p,momentos,5,234.32039405044924
est_01,gamma3p,momentos,10,298.7354338418265
est_01,gamma3p,momentos,20,357.11409663712055
est_01,gamma3p,momentos,25,375.0322862414253
est_01,gamma3p,momentos,50,428.6850481101255
est_01,gamma3p,momentos,100,479.9845754339589
est_01,gamma3p,momentos,200,529.5317216420449
est_01,gamma3p,momentos,500,592.998841677364
est_01,gve,momentos,2,127.29648000108634
est_01,gve,momentos,5,230.67560369360348
est_01,gve,momentos,10,297.0561904627267
est_01,gve,momentos,20,359.2268830292081
est_01,gve,momentos,25,378.64636676128674
est_01,gve,momentos,50,437.5709388033135
est_01,gve,momentos,100,494.74347026503233
est_01,gve,momentos,200,550.4318008645437
est_01,gve,momentos,500,622.0021103943159
est_01,gve,mv,2,96.2781385381018
est_01,gve,mv,5,215.8598872791606
est_01,gve,mv,10,346.64467433876575
est_01,gve,mv,20,533.4293053402398
est_01,gve,mv,25,609.6110196420308
est_01,gve,mv,50,913.3687721027609
est_01,gve,mv,100,1354.2191125507607
est_01,gve,mv,200,1995.1252309150793
est_01,gve,mv,500,3310.363596478938
est_01,gve,ml,2,118.68873373629513
est_01,gve,ml,5,223.8777853468575
est_01,gve,ml,10,299.61452511481525
est_01,gve,ml,20,377.1903085703134
est_01,gve,ml,25,402.8584184300071
est_01,gve,ml,50,485.3002802260238
est_01,gve,ml,100,572.4173508468422
est_01,gve,ml,200,664.7893350520948
est_01,gve,ml,500,795.7742738799831
est_01,lognormal3p,momentos,2,129.9799836081878
est_01,lognormal3p,momentos,5,233.4724552098769
est_01,lognormal3p,momentos,10,297.2284812568687
est_01,lognormal3p,momentos,20,355.582437306247
est_01,lognormal3p,momentos,25,373.62884115608813
est_01,lognormal3p,momentos,50,428.09966108776143
est_01,lognormal3p,momentos,100,480.84603146965264
est_01,lognormal3p,momentos,200,532.4614537309501
est_01,lognormal3p,momentos,500,599.6071152355629
est_01,lognormal3p,mv,2,92.87588855481793
est_01,lognormal3p,mv,5,220.4457585519877
est_01,lognormal3p,mv,10,350.77048844155735
est_01,lognormal3p,mv,20,516.5351590253457
est_01,lognormal3p,mv,25,578.4178006116113
est_01,lognormal3p,mv,50,800.3923277253577
est_01,lognormal3p,mv,100,1072.80672186134
est_01,lognormal3p,mv,200,1403.329187614071
est_01,lognormal3p,mv,500,1944.0455298239185
est_01,exponencial_x0_beta,mv,2,103.65799126660812
est_01,exponencial_x0_beta,mv,5,225.24272299606332
est_01,exponencial_x0_beta,mv,10,317.2180219549792
est_01,exponencial_x0_beta,mv,20,409.1933209138948
est_01,exponencial_x0_beta,mv,25,438.80275368443415
est_01,exponencial_x0_beta,mv,50,530.77805264335
est_01,exponencial_x0_beta,mv,100,622.7533516022656
est_01,exponencial_x0_beta,mv,200,714.7286505611816
est_01,exponencial_x0_beta,mv,500,836.3133822906367
est_01,exponencial_beta,momentos,2,100.0731241933421
est_01,exponencial_beta,momentos,5,232.36259860767325
est_01,exponencial_beta,momentos,10,332.4357228010154
est_01,exponencial_beta,momentos,20,432.5088469943573
est_01,exponencial_beta,momentos,25,464.7251972153463
est_01,exponencial_beta,momentos,50,564.7983214086885
est_01,exponencial_beta,momentos,100,664.8714456020305
est_01,exponencial_beta,momentos,200,764.9445697953726
est_01,exponencial_beta,momentos,500,897.2340442097037
est_01,exponencial_beta,mv,2,100.0731241933421
est_01,exponencial_beta,mv,5,232.36259860767325
est_01,exponencial_beta,mv,10,332.4357228010154
est_01,exponencial_beta,mv,20,432.5088469943573
est_01,exponencial_beta,mv,25,464.7251972153463
est_01,exponencial_beta,mv,50,564.7983214086885
est_01,exponencial_beta,mv,100,664.8714456020305
est_01,exponencial_beta,mv,200,764.9445697953726
est_01,exponencial_beta,mv,500,897.2340442097037
est_01,uniforme,momentos,2,144.37499999999997
est_01,uniforme,momentos,5,264.6945792622554
est_01,uniforme,momentos,10,304.8011056830071
est_01,uniforme,momentos,20,324.854368893383
est_01,uniforme,momentos,25,328.86502153545814
est_01,uniforme,momentos,50,336.8863268196086
est_01,uniforme,momentos,100,340.8969794616837
est_01,uniforme,momentos,200,342.9023057827213
est_01,uniforme,momentos,500,344.10550157534385
est_01,uniforme,mv,2,212.5
est_01,uniforme,mv,5,331.0
est_01,uniforme,mv,10,370.5
est_01,uniforme,mv,20,390.25
est_01,uniforme,mv,25,394.2
est_01,uniforme,mv,50,402.09999999999997
est_01,uniforme,mv,100,406.05
est_01,uniforme,mv,200,408.025
est_01,uniforme,mv,500,409.21
est_01,normal,momentos,2,144.37501169430735
est_01,normal,momentos,5,241.79681326042504
est_01,normal,momentos,10,292.77043970729915
est_01,normal,momentos,20,334.85358123881014
est_01,normal,momentos,25,347.11038412527984
est_01,normal,momentos,50,382.20396132943097
est_01,normal,momentos,100,413.7645496826612
est_01,normal,momentos,200,442.64535098976893
est_01,normal,momentos,500,477.64143986991945
est_01,normal,mv,2,144.37501169430735
est_01,normal,mv,5,241.79681326042504
est_01,normal,mv,10,292.77043970729915
est_01,normal,mv,20,334.85358123881014
est_01,normal,mv,25,347.11038412527984
est_01,normal,mv,50,382.20396132943097
est_01,normal,mv,100,413.7645496826612
est_01,normal,mv,200,442.64535098976893
est_01,normal,mv,500,477.64143986991945
est_01,normal,ml,2,144.375011580139
est_01,normal,ml,5,240.8457105054505
est_01,normal,ml,10,291.3216952546171
est_01,normal,ml,20,332.9939904827278
est_01,normal,ml,25,345.13113352503774
est_01,normal,ml,50,379.88210164767287
est_01,normal,ml,100,411.13457253186016
est_01,normal,ml,200,439.7334184044531
est_01,normal,ml,500,474.3878499551689
est_01,lognormal2p,momentos,2,97.73819680257681
est_01,lognormal2p,momentos,5,220.38827924678347
est_01,lognormal2p,momentos,10,337.2502395892204
est_01,lognormal2p,momentos,20,479.1712544503982
est_01,lognormal2p,momentos,25,530.7841071222117
est_01,lognormal2p,momentos,50,711.4123039582257
est_01,lognormal2p,momentos,100,925.8035287732747
est_01,lognormal2p,momentos,200,1178.1562318729073
est_01,lognormal2p,momentos,500,1577.8037392531671
est_01,lognormal2p,mv,2,97.73819680257681
est_01,lognormal2p,mv,5,220.38827924678347
est_01,lognormal2p,mv,10,337.2502395892204
est_01,lognormal2p,mv,20,479.1712544503982
est_01,lognormal2p,mv,25,530.7841071222117
est_01,lognormal2p,mv,50,711.4123039582257
est_01,lognormal2p,mv,100,925.8035287732747
est_01,lognormal2p,mv,200,1178.1562318729073
est_01,lognormal2p,mv,500,1577.8037392531671
est_01,logpearson3,momentos_indirecto,2,93.35082421509459
est_01,logpearson3,momentos_indirecto,5,216.74715742616706
est_01,logpearson3,momentos_indirecto,10,345.94263256281516
est_01,logpearson3,momentos_indirecto,20,516.1985378529564
est_01,logpearson3,momentos_indirecto,25,581.440044977721
est_01,logpearson3,momentos_indirecto,50,822.5933833558996
est_01,logpearson3,momentos_indirecto,100,1132.7439729333682
est_01,logpearson3,momentos_indirecto,200,1528.148478744698
est_01,logpearson3,momentos_indirecto,500,2215.497937177149
est_01,gen_pareto,momentos,2,155.60794741772256
est_01,gen_pareto,momentos,5,445.22459639556894
est_01,gen_pareto,momentos,10,737.9846886180123
est_01,gen_pareto,momentos,20,1114.4181094684106
est_01,gen_pareto,momentos,25,1257.1707690756073
est_01,gen_pareto,momentos,50,1781.9919951060256
est_01,gen_pareto,momentos,100,2456.811598931746
est_01,gen_pareto,momentos,200,3324.5003948896842
est_01,gen_pareto,momentos,500,4863.275511438295
est_01,gen_pareto,mc,2,295.71897140305293
est_01,gen_pareto,mc,5,1099.9110727715345
est_01,gen_pareto,mc,10,2383.851450449609
est_01,gen_pareto,mc,20,4855.054368239484
est_01,gen_pareto,mc,25,6062.019113342589
est_01,gen_pareto,mc,50,11934.431899071029
est_01,gen_pareto,mc,100,23237.077927543658
est_01,gen_pareto,mc,200,44991.306028711
est_01,gen_pareto,mc,500,107311.7219327696
est_01,gen_pareto,mpp,2,9203.005325768709
est_01,gen_pareto,mpp,5,495329.42929518997
est_01,gen_pareto,mpp,10,9698109.287446214
est_01,gen_pareto,mpp,20,189697297.64965284
est_01,gen_pareto,mpp,25,494065155.0321748
est_01,gen_pareto,mpp,50,9663538511.642174
est_01,gen_pareto,mpp,100,189011277709.90393
est_01,gen_pareto,mpp,200,3696913019126.765
est_01,gen_pareto,mpp,500,188327212715794.6
est_02,exponencial_beta,momentos,2,98.83123549483888
est_02,exponencial_beta,momentos,5,229.47902234789552
est_02,exponencial_beta,momentos,10,328.3102578427344
est_02,exponencial_beta,momentos,20,427.14149333757314
est_02,exponencial_beta,momentos,25,458.9580446957909
est_02,exponencial_beta,momentos,50,557.7892801906297
est_02,exponencial_beta,momentos,100,656.6205156854686
est_02,exponencial_beta,momentos,200,755.4517511803075
est_02,exponencial_beta,momentos,500,886.0995380333641
est_02,exponencial_beta,mv,2,98.83123549483888
est_02,exponencial_beta,mv,5,229.47902234789552
est_02,exponencial_beta,mv,10,328.3102578427344
est_02,exponencial_beta,mv,20,427.14149333757314
est_02,exponencial_beta,mv,25,458.9580446957909
est_02,exponencial_beta,mv,50,557.7892801906297
est_02,exponencial_beta,mv,100,656.6205156854686
est_02,exponencial_beta,mv,200,755.4517511803075
est_02,exponencial_beta,mv,500,886.0995380333641
est_02,logpearson3,momentos_indirecto,2,107.556460843434
est_02,logpearson3,momentos_indirecto,5,198.62420647828944
est_02,logpearson3,momentos_indirecto,10,280.3951398545414
est_02,logpearson3,momentos_indirecto,20,377.50031566007294
est_02,logpearson3,momentos_indirecto,25,412.55966107341357
est_02,logpearson3,momentos_indirecto,50,534.9760738239243
est_02,logpearson3,momentos_indirecto,100,680.6382279400883
est_02,logpearson3,momentos_indirecto,200,853.5393216378636
est_02,logpearson3,momentos_indirecto,500,1131.696462248598
est_02,logpearson3,mv,2,86.79530548949853
est_02,logpearson3,mv,5,198.48562337567466
est_02,logpearson3,mv,10,365.5562292642662
est_02,logpearson3,mv,20,672.8626264159201
est_02,logpearson3,mv,25,819.387249710734
est_02,logpearson3,mv,50,1515.647413389706
est_02,logpearson3,mv,100,2819.445817433526
est_02,logpearson3,mv,200,5278.802859694151
est_02,logpearson3,mv,500,12223.688483743832
est_02,exponencial_x0_beta,momentos,2,109.22383181937651
est_02,exponencial_x0_beta,momentos,5,208.83837051893673
est_02,exponencial_x0_beta,momentos,10,284.1938600382423
est_02,exponencial_x0_beta,momentos,20,359.54934955754766
est_02,exponencial_x0_beta,momentos,25,383.80839873780235
est_02,exponencial_x0_beta,momentos,50,459.16388825710794
est_02,exponencial_x0_beta,momentos,100,534.5193777764134
est_02,exponencial_x0_beta,momentos,200,609.8748672957189
est_02,exponencial_x0_beta,momentos,500,709.4894059952792
est_02,exponencial_x0_beta,mv,2,110.37712871905975
est_02,exponencial_x0_beta,mv,5,206.54781683837328
est_02,exponencial_x0_beta,mv,10,279.29813396323016
est_02,exponencial_x0_beta,mv,20,352.0484510880869
est_02,exponencial_x0_beta,mv,25,375.4688220825435
est_02,exponencial_x0_beta,mv,50,448.21913920740036
est_02,exponencial_x0_beta,mv,100,520.9694563322572
est_02,exponencial_x0_beta,mv,200,593.7197734571141
est_02,exponencial_x0_beta,mv,500,689.8904615764276
est_02,gen_exponencial,momentos,2,115.68209138287787
est_02,gen_exponencial,momentos,5,214.9961781894908
est_02,gen_exponencial,momentos,10,285.47756909826654
est_02,gen_exponencial,momentos,20,354.5777431893499
est_02,gen_exponencial,momentos,25,376.66822501842665
est_02,gen_exponencial,momentos,50,445.01791990700775
est_02,gen_exponencial,momentos,100,513.1289297510002
est_02,gen_exponencial,momentos,200,581.1226216711261
est_02,gen_exponencial,momentos,500,670.9214391064355
est_02,gen_exponencial,mv,2,119.79686059351478
est_02,gen_exponencial,mv,5,205.57027992702734
est_02,gen_exponencial,mv,10,265.25343663972757
est_02,gen_exponencial,mv,20,323.4073484144162
est_02,gen_exponencial,mv,25,341.9578384713222
est_02,gen_exponencial,mv,50,399.28372274223113
est_02,gen_exponencial,mv,100,456.34667920433344
est_02,gen_exponencial,mv,200,513.2804761113057
est_02,gen_exponencial,mv,500,588.4504606557847
est_02,gamma3p,momentos,2,114.62825727555895
est_02,gamma3p,momentos,5,213.92575403992112
est_02,gamma3p,momentos,10,284.9798890945896
est_02,gamma3p,momentos,20,354.8761336239239
est_02,gamma3p,momentos,25,377.27100129872485
est_02,gamma3p,momentos,50,446.7433965138688
est_02,gamma3p,momentos,100,516.2964638255028
est_02,gamma3p,momentos,200,586.1155299680242
est_02,gamma3p,momentos,500,679.0071001285312
est_02,gamma2p,momentos,2,116.69919891114908
est_02,gamma2p,momentos,5,216.43636462862193
est_02,gamma2p,momentos,10,286.01103470456707
est_02,gamma2p,momentos,20,353.5788953321156
est_02,gamma2p,momentos,25,375.0864829790232
est_02,gamma2p,momentos,50,441.45244421290977
est_02,gamma2p,momentos,100,507.44591531379086
est_02,gamma2p,momentos,200,573.322476089437
est_02,gamma2p,momentos,500,660.4958568574109
est_02,gamma2p,mv,2,122.28704408322884
est_02,gamma2p,mv,5,210.169527215686
est_02,gamma2p,mv,10,269.4994262299884
est_02,gamma2p,mv,20,326.1554397023248
est_02,gamma2p,mv,25,344.0336123363719
est_02,gamma2p,mv,50,398.8098965768524
est_02,gamma2p,mv,100,452.7834880876827
est_02,gamma2p,mv,200,506.254842166491
est_02,gamma2p,mv,500,576.4925325777369
est_02,gamma2p,ml,2,116.8876030002275
est_02,gamma2p,ml,5,216.24920284054073
est_02,gamma2p,ml,10,285.4888488922633
est_02,gamma2p,ml,20,352.69528613806364
est_02,gamma2p,ml,25,374.08194703147353
est_02,gamma2p,ml,50,440.05998420463294
est_02,gamma2p,ml,100,505.64889036080507
est_02,gamma2p,ml,200,571.1060894372816
est_02,gamma2p,ml,500,657.7046197628447
est_02,lognormal2p,momentos,2,112.00943193155982
est_02,lognormal2p,momentos,5,201.69767745063268
est_02,lognormal2p,momentos,10,274.38291306224755
est_02,lognormal2p,momentos,20,353.75435731941957
est_02,lognormal2p,momentos,25,380.9254003061524
est_02,lognormal2p,momentos,50,470.8228972636055
est_02,lognormal2p,momentos,100,569.6544465573204
est_02,lognormal2p,momentos,200,678.1704025864852
est_02,lognormal2p,momentos,500,837.7238000149954
est_02,lognormal2p,mv,2,112.00943193155982
est_02,lognormal2p,mv,5,201.69767745063268
est_02,lognormal2p,mv,10,274.38291306224755
est_02,lognormal2p,mv,20,353.75435731941957
est_02,lognormal2p,mv,25,380.9254003061524
est_02,lognormal2p,mv,50,470.8228972636055
est_02,lognormal2p,mv,100,569.6544465573204
est_02,lognormal2p,mv,200,678.1704025864852
est_02,lognormal2p,mv,500,837.7238000149954
est_02,gve,momentos,2,2357.3501483352
est_02,gve,momentos,5,2449.9623936751295
est_02,gve,momentos,10,2515.543399079672
est_02,gve,momentos,20,2581.846068167042
est_02,gve,momentos,25,2603.601459924016
est_02,gve,momentos,50,2672.897012506014
est_02,gve,momentos,100,2745.216763814028
est_02,gve,momentos,200,2820.9557833828853
est_02,gve,momentos,500,2926.822915530301
est_02,gve,mv,2,96.15435155082461
est_02,gve,mv,5,195.13007897216846
est_02,gve,mv,10,320.01542202314533
est_02,gve,mv,20,520.264839909692
est_02,gve,mv,25,607.9562790600851
est_02,gve,mv,50,985.6693944001543
est_02,gve,mv,100,1597.9917808054201
est_02,gve,mv,200,2591.7603020383112
est_02,gve,mv,500,4915.053677742605
est_02,gve,ml,2,109.26882178489927
est_02,gve,ml,5,196.0893435370599
est_02,gve,ml,10,270.6257482225576
est_02,gve,ml,20,358.34050983027237
est_02,gve,ml,25,390.0412063235327
est_02,gve,ml,50,501.37292692043275
est_02,gve,ml,100,635.6770538533328
est_02,gve,ml,200,798.1302631036651
est_02,gve,ml,500,1066.712910498383
est_02,lognormal3p,momentos,2,119.26440595079303
est_02,lognormal3p,momentos,5,213.92887444995375
est_02,lognormal3p,momentos,10,281.05745975663143
est_02,lognormal3p,momentos,20,348.28691769432163
est_02,lognormal3p,momentos,25,370.1876414651707
est_02,lognormal3p,momentos,50,439.4450050701617
est_02,lognormal3p,momentos,100,510.99065902344233
est_02,lognormal3p,momentos,200,585.233102385197
est_02,lognormal3p,momentos,500,688.022276772259
est_02,lognormal3p,mv,2,93.23701863513234
est_02,lognormal3p,mv,5,201.00056632888462
est_02,lognormal3p,mv,10,325.6234963645857
est_02,lognormal3p,mv,20,497.85996827368393
est_02,lognormal3p,mv,25,565.2345348739215
est_02,lognormal3p,mv,50,817.9237060125679
est_02,lognormal3p,mv,100,1147.2160711255028
est_02,lognormal3p,mv,200,1569.1315016725082
est_02,lognormal3p,mv,500,2300.9256889645976
est_02,gumbel,momentos,2,124.74103749056142
est_02,gumbel,momentos,5,220.85303789293937
est_02,gumbel,momentos,10,284.48754514041417
est_02,gumbel,momentos,20,345.527292264358
est_02,gumbel,momentos,25,364.8899137394069
est_02,gumbel,momentos,50,424.5369838120357
est_02,gumbel,momentos,100,483.7436292820993
est_02,gumbel,momentos,200,542.7342396482044
est_02,gumbel,momentos,500,620.5611486079615
est_02,gumbel,mv,2,122.84462493451927
est_02,gumbel,mv,5,199.6452829575068
est_02,gumbel,mv,10,250.4940012144802
est_02,gumbel,mv,20,299.2693125704975
est_02,gumbel,mv,25,314.74149152950497
est_02,gumbel,mv,50,362.4039500314903
est_02,gumbel,mv,100,409.7144764215134
est_02,gumbel,mv,200,456.8523746478253
est_02,gumbel,mv,500,519.0418805886111
est_02,gumbel,ml,2,125.28729550997137
est_02,gumbel,ml,5,218.3272143414964
est_02,gumbel,ml,10,279.9277362784288
est_02,gumbel,ml,20,339.0164358594651
est_02,gumbel,ml,25,357.76015904556084
est_02,gumbel,ml,50,415.500696490023
est_02,gumbel,ml,100,472.8148868695763
est_02,gumbel,ml,200,529.9199473959072
est_02,gumbel,ml,500,605.2592313792748
est_02,gumbel,me,2,127.03291033614781
est_02,gumbel,me,5,210.68270968497882
est_02,gumbel,me,10,266.06615546311184
est_02,gumbel,me,20,319.1912863296519
est_02,gumbel,me,25,336.04328602245135
est_02,gumbel,me,50,387.9563189676861
est_02,gumbel,me,100,439.4860342264859
est_02,gumbel,me,200,490.8277262101195
est_02,gumbel,me,500,558.5633397772922
est_02,normal,momentos,2,142.58334431427315
est_02,normal,momentos,5,234.06229281543705
est_02,normal,momentos,10,281.92646360359987
est_02,normal,momentos,20,321.4424802963889
est_02,normal,momentos,25,332.9516027106292
est_02,normal,momentos,50,365.9044273368644
est_02,normal,momentos,100,395.53977989880775
est_02,normal,momentos,200,422.65881581247027
est_02,normal,momentos,500,455.5200990257224
est_02,normal,mv,2,142.58334431427315
est_02,normal,mv,5,234.06229281543705
est_02,normal,mv,10,281.92646360359987
est_02,normal,mv,20,321.4424802963889
est_02,normal,mv,25,332.9516027106292
est_02,normal,mv,50,365.9044273368644
est_02,normal,mv,100,395.53977989880775
est_02,normal,mv,200,422.65881581247027
est_02,normal,mv,500,455.5200990257224
est_02,normal,ml,2,142.5833435172538
est_02,normal,ml,5,227.42256052431026
est_02,normal,ml,10,271.81265069142773
est_02,normal,ml,20,308.46051307269823
est_02,normal,ml,25,319.1342795518799
est_02,normal,ml,50,349.6953199362157
est_02,normal,ml,100,377.17967724768334
est_02,normal,ml,200,402.33035738336616
est_02,normal,ml,500,432.8065006200144
est_02,uniforme,momentos,2,142.58333333333334
est_02,uniforme,momentos,5,255.56326614173656
est_02,uniforme,momentos,10,293.2232437445376
est_02,uniforme,momentos,20,312.05323254593816
est_02,uniforme,momentos,25,315.81923030621823
est_02,uniforme,momentos,50,323.3512258267785
est_02,uniforme,momentos,100,327.11722358705856
est_02,uniforme,momentos,200,329.0002224671986
est_02,uniforme,momentos,500,330.1300217952827
est_02,uniforme,mv,2,250.0
est_02,uniforme,mv,5,374.8
est_02,uniforme,mv,10,416.40000000000003
est_02,uniforme,mv,20,437.2
est_02,uniforme,mv,25,441.36
est_02,uniforme,mv,50,449.68
est_02,uniforme,mv,100,453.84
est_02,uniforme,mv,200,455.92
est_02,uniforme,mv,500,457.168
est_02,gen_pareto,momentos,2,114.18055948333344
est_02,gen_pareto,momentos,5,235.32601600086997
est_02,gen_pareto,momentos,10,331.79614973458143
est_02,gen_pareto,momentos,20,432.6327879790441
est_02,gen_pareto,momentos,25,466.05635539030226
est_02,gen_pareto,momentos,50,572.9699811014586
est_02,gen_pareto,momentos,100,684.7228125943458
est_02,gen_pareto,momentos,200,801.5338856788717
est_02,gen_pareto,momentos,500,964.1031502606361
est_02,gen_pareto,mc,2,268.66367283516536
est_02,gen_pareto,mc,5,908.8872343290925
est_02,gen_pareto,mc,10,1917.6389121138498
est_02,gen_pareto,mc,20,3836.4646806027704
est_02,gen_pareto,mc,25,4766.90511786606
est_02,gen_pareto,mc,50,9256.277640803453
est_02,gen_pareto,mc,100,17795.86559992899
est_02,gen_pareto,mc,200,34039.686343039764
est_02,gen_pareto,mc,500,79921.11634698368
est_02,gen_pareto,mpp,2,7421.718208831025
est_02,gen_pareto,mpp,5,365438.772391161
est_02,gen_pareto,mpp,10,6674435.266116338
est_02,gen_pareto,mpp,20,121767901.33049466
est_02,gen_pareto,mpp,25,310108898.70145345
est_02,gen_pareto,mpp,50,5657247934.469225
est_02,gen_pareto,mpp,100,103203785766.07855
est_02,gen_pareto,mpp,200,1882721202329.257
est_02,gen_pareto,mpp,500,87469535683163.05
est_03,logpearson3,momentos_indirecto,2,34.826760883705646
est_03,logpearson3,momentos_indirecto,5,88.65132419935769
est_03,logpearson3,momentos_indirecto,10,152.48485491214623
est_03,logpearson3,momentos_indirecto,20,245.61270964740135
est_03,logpearson3,momentos_indirecto,25,283.61841627733475
est_03,logpearson3,momentos_indirecto,50,433.711850935101
est_03,logpearson3,momentos_indirecto,100,646.0424954723604
est_03,logpearson3,momentos_indirecto,200,943.3897093302122
est_03,logpearson3,momentos_indirecto,500,1520.0508790185854
est_03,lognormal2p,momentos,2,38.08092840150621
est_03,lognormal2p,momentos,5,92.03826947086078
est_03,lognormal2p,momentos,10,146.04965916862972
est_03,lognormal2p,momentos,20,213.82434962007974
est_03,lognormal2p,momentos,25,238.9328529733114
est_03,lognormal2p,momentos,50,328.3486840194709
est_03,lognormal2p,momentos,100,437.0144370435695
est_03,lognormal2p,momentos,200,567.6934833256839
est_03,lognormal2p,momentos,500,779.4527569367907
est_03,lognormal2p,mv,2,38.08092840150621
est_03,lognormal2p,mv,5,92.03826947086078
est_03,lognormal2p,mv,10,146.04965916862972
est_03,lognormal2p,mv,20,213.82434962007974
est_03,lognormal2p,mv,25,238.9328529733114
est_03,lognormal2p,mv,50,328.3486840194709
est_03,lognormal2p,mv,100,437.0144370435695
est_03,lognormal2p,mv,200,567.6934833256839
est_03,lognormal2p,mv,500,779.4527569367907
est_03,gen_exponencial,momentos,2,34.45749931517734
est_03,gen_exponencial,momentos,5,103.60992494470013
est_03,gen_exponencial,momentos,10,160.4937036397177
est_03,gen_exponencial,momentos,20,218.85773605354248
est_03,gen_exponencial,momentos,25,237.81639388171075
est_03,gen_exponencial,momentos,50,297.00587420890133
est_03,gen_exponencial,momentos,100,356.4609835293381
est_03,gen_exponencial,momentos,200,416.047200504362
est_03,gen_exponencial,momentos,500,494.90991667388386
est_03,gen_exponencial,mv,2,45.805724772829954
est_03,gen_exponencial,mv,5,98.04353537318308
est_03,gen_exponencial,mv,10,136.6018533796599
est_03,gen_exponencial,mv,20,174.86898200072807
est_03,gen_exponencial,mv,25,187.15541592282958
est_03,gen_exponencial,mv,50,225.2632300227996
est_03,gen_exponencial,mv,100,263.3202146776021
est_03,gen_exponencial,mv,200,301.3521874978077
est_03,gen_exponencial,mv,500,351.60981176324015
est_03,gamma2p,momentos,2,35.64411715989209
est_03,gamma2p,momentos,5,101.71533751094229
est_03,gamma2p,momentos,10,156.45519509539045
est_03,gamma2p,momentos,20,214.1960374669478
est_03,gamma2p,momentos,25,233.3453920894488
est_03,gamma2p,momentos,50,294.4119456107391
est_03,gamma2p,momentos,100,357.696876955114
est_03,gamma2p,momentos,200,423.02140848161207
est_03,gamma2p,momentos,500,512.2736287248794
est_03,gamma2p,mv,2,46.10515463293789
est_03,gamma2p,mv,5,98.56918728484831
est_03,gamma2p,mv,10,137.3988883417405
est_03,gamma2p,mv,20,176.23805846593513
est_03,gamma2p,mv,25,188.78723617318613
est_03,gamma2p,mv,50,227.98207107916633
est_03,gamma2p,mv,100,267.5615287174248
est_03,gamma2p,mv,200,307.5728920352889
est_03,gamma2p,mv,500,361.16794661462444
est_03,gamma2p,ml,2,42.60353273239194
est_03,gamma2p,ml,5,100.27403508233682
est_03,gamma2p,ml,10,144.63892231690966
est_03,gamma2p,ml,20,189.84974345096043
est_03,gamma2p,ml,25,204.59372035805333
est_03,gamma2p,ml,50,250.9876123934056
est_03,gamma2p,ml,100,298.27676220883933
est_03,gamma2p,ml,200,346.44579394900035
est_03,gamma2p,ml,500,411.4369723906052
est_03,lognormal3p,momentos,2,40.561799322891126
est_03,lognormal3p,momentos,5,99.43797258336576
est_03,lognormal3p,momentos,10,148.75901189259804
est_03,lognormal3p,momentos,20,203.7938471968847
est_03,lognormal3p,momentos,25,222.8677857398306
est_03,lognormal3p,momentos,50,286.6967715208863
est_03,lognormal3p,momentos,100,357.970215460995
est_03,lognormal3p,momentos,200,437.3413803197358
est_03,lognormal3p,momentos,500,555.814757663237
est_03,lognormal3p,mv,2,40.51700895951098
est_03,lognormal3p,mv,5,88.47383479736634
est_03,lognormal3p,mv,10,131.60101379264293
est_03,lognormal3p,mv,20,182.0162385268598
est_03,lognormal3p,mv,25,199.95827160008864
est_03,lognormal3p,mv,50,261.4922182588103
est_03,lognormal3p,mv,100,332.54615774522523
est_03,lognormal3p,mv,200,414.1184161459362
est_03,lognormal3p,mv,500,539.8994064570065
est_03,gve,momentos,2,556.6298566480735
est_03,gve,momentos,5,614.9651960150801
est_03,gve,momentos,10,661.2585546029284
est_03,gve,momentos,20,712.4490264491292
est_03,gve,momentos,25,730.2345763306412
est_03,gve,momentos,50,790.2336412285318
est_03,gve,momentos,100,858.4388382287761
est_03,gve,momentos,200,936.2064518815068
est_03,gve,momentos,500,1056.207974314143
est_03,gve,mv,2,40.09202981510669
est_03,gve,mv,5,83.46988656942756
est_03,gve,mv,10,125.78602452292482
est_03,gve,mv,20,180.92004064329728
est_03,gve,mv,25,202.16052820203868
est_03,gve,mv,50,281.8778448184352
est_03,gve,mv,100,387.85945554382386
est_03,gve,mv,200,529.0644838153713
est_03,gve,mv,500,790.5363324931343
est_03,gve,ml,2,38.46168854166402
est_03,gve,ml,5,80.53174723027686
est_03,gve,ml,10,123.20453911784183
est_03,gve,ml,20,180.56774926379336
est_03,gve,ml,25,203.10152855842315
est_03,gve,ml,50,289.4269915969562
est_03,gve,ml,100,407.67015754701345
est_03,gve,ml,200,569.9579643585216
est_03,gve,ml,500,881.1478216961317
est_03,exponencial_x0_beta,momentos,2,38.69354827720133
est_03,exponencial_x0_beta,momentos,5,109.45406016387767
est_03,exponencial_x0_beta,momentos,10,162.98232101282017
est_03,exponencial_x0_beta,momentos,20,216.51058186176257
est_03,exponencial_x0_beta,momentos,25,233.74283289949642
est_03,exponencial_x0_beta,momentos,50,287.27109374843894
est_03,exponencial_x0_beta,momentos,100,340.79935459738135
est_03,exponencial_x0_beta,momentos,200,394.3276154463239
est_03,exponencial_x0_beta,momentos,500,465.0881273330002
est_03,exponencial_x0_beta,mv,2,43.39605437909964
est_03,exponencial_x0_beta,mv,5,100.11445068210983
est_03,exponencial_x0_beta,mv,10,143.02026115877047
est_03,exponencial_x0_beta,mv,20,185.92607163543101
est_03,exponencial_x0_beta,mv,25,199.73865746178058
est_03,exponencial_x0_beta,mv,50,242.6444679384412
est_03,exponencial_x0_beta,mv,100,285.5502784151018
est_03,exponencial_x0_beta,mv,200,328.4560888917624
est_03,exponencial_x0_beta,mv,500,385.1744851947726
est_03,exponencial_beta,momentos,2,43.24562165542292
est_03,exponencial_beta,momentos,5,100.41322390259582
est_03,exponencial_beta,momentos,10,143.65884555801875
est_03,exponencial_beta,momentos,20,186.9044672134416
est_03,exponencial_beta,momentos,25,200.82644780519155
est_03,exponencial_beta,momentos,50,244.0720694606145
est_03,exponencial_beta,momentos,100,287.3176911160374
est_03,exponencial_beta,momentos,200,330.56331277146035
est_03,exponencial_beta,momentos,500,387.7309150186332
est_03,exponencial_beta,mv,2,43.24562165542292
est_03,exponencial_beta,mv,5,100.41322390259582
est_03,exponencial_beta,mv,10,143.65884555801875
est_03,exponencial_beta,mv,20,186.9044672134416
est_03,exponencial_beta,mv,25,200.82644780519155
est_03,exponencial_beta,mv,50,244.0720694606145
est_03,exponencial_beta,mv,100,287.3176911160374
est_03,exponencial_beta,mv,200,330.56331277146035
est_03,exponencial_beta,mv,500,387.7309150186332
est_03,gumbel,momentos,2,49.716090073590024
est_03,gumbel,momentos,5,117.98859763833903
est_03,gumbel,momentos,10,163.19093823310214
est_03,gumbel,momentos,20,206.55010857419427
est_03,gumbel,momentos,25,220.3042154036672
est_03,gumbel,momentos,50,262.67410704779024
est_03,gumbel,momentos,100,304.7311460628508
est_03,gumbel,momentos,200,346.63472600716574
est_03,gumbel,momentos,500,401.9185428921651
est_03,gumbel,mv,2,49.88788280562546
est_03,gumbel,mv,5,90.01092581789587
est_03,gumbel,mv,10,116.57587151318799
est_03,gumbel,mv,20,142.05760520990452
est_03,gumbel,mv,25,150.14075082149537
est_03,gumbel,mv,50,175.04109571142217
est_03,gumbel,mv,100,199.75758036330993
est_03,gumbel,mv,200,224.38387871450686
est_03,gumbel,mv,500,256.87360322998086
est_03,gumbel,ml,2,52.64285647950621
est_03,gumbel,ml,5,105.07660714025823
est_03,gumbel,ml,10,139.79231248886276
est_03,gumbel,ml,20,173.0924505329466
est_03,gumbel,ml,25,183.6556982263753
est_03,gumbel,ml,50,216.19606349542704
est_03,gumbel,ml,100,248.49615581522067
est_03,gumbel,ml,200,280.67839052381595
est_03,gumbel,ml,500,323.1367383056606
est_03,gumbel,me,2,53.654961097995184
est_03,gumbel,me,5,100.64433585514949
est_03,gumbel,me,10,131.75539062479368
est_03,gumbel,me,20,161.5978612911098
est_03,gumbel,me,25,171.06429080004642
est_03,gumbel,me,50,200.2258785005939
est_03,gumbel,me,100,229.1721416150796
est_03,gumbel,me,200,258.0127846777704
est_03,gumbel,me,500,296.0625368001961
est_03,normal,momentos,2,62.390251702675144
est_03,normal,momentos,5,127.37170227506874
est_03,normal,momentos,10,161.3716913350658
est_03,normal,momentos,20,189.44162575836845
est_03,normal,momentos,25,197.61705279973927
est_03,normal,momentos,50,221.02486825624527
est_03,normal,momentos,100,242.07613993406602
est_03,normal,momentos,200,261.3399631487831
est_03,normal,momentos,500,284.6827527834957
est_03,normal,mv,2,62.390251702675144
est_03,normal,mv,5,127.37170227506874
est_03,normal,mv,10,161.3716913350658
est_03,normal,mv,20,189.44162575836845
est_03,normal,mv,25,197.61705279973927
est_03,normal,mv,50,221.02486825624527
est_03,normal,mv,100,242.07613993406602
est_03,normal,mv,200,261.3399631487831
est_03,normal,mv,500,284.6827527834957
est_03,normal,ml,2,62.39024964170829
est_03,normal,ml,5,110.2023974452396
est_03,normal,ml,10,135.2189596785494
est_03,normal,ml,20,155.8722975412862
est_03,normal,ml,25,161.88762534046384
est_03,normal,ml,50,179.11066241498116
est_03,normal,ml,100,194.5997982229137
est_03,normal,ml,200,208.7737625571978
est_03,normal,ml,500,225.94895483638896
est_03,uniforme,momentos,2,62.390243902439025
est_03,uniforme,momentos,5,142.64477283778416
est_03,uniforme,momentos,10,169.3962824828992
est_03,uniforme,momentos,20,182.7720373054567
est_03,uniforme,momentos,25,185.4471882699682
est_03,uniforme,momentos,50,190.79749019899117
est_03,uniforme,momentos,100,193.47264116350271
est_03,uniforme,momentos,200,194.81021664575843
est_03,uniforme,momentos,500,195.6127619351119
est_03,uniforme,mv,2,202.0
est_03,uniforme,mv,5,322.0
est_03,uniforme,mv,10,362.0
est_03,uniforme,mv,20,382.0
est_03,uniforme,mv,25,386.0
est_03,uniforme,mv,50,394.0
est_03,uniforme,mv,100,398.0
est_03,uniforme,mv,200,400.0
est_03,uniforme,mv,500,401.2
est_03,gen_pareto,momentos,2,34.140095213828836
est_03,gen_pareto,momentos,5,78.61173676809345
est_03,gen_pareto,momentos,10,108.73347871008598
est_03,gen_pareto,momentos,20,136.12677189844078
est_03,gen_pareto,momentos,25,144.40622214593714
est_03,gen_pareto,momentos,50,168.5682529274291
est_03,gen_pareto,momentos,100,190.54166982005387
est_03,gen_pareto,momentos,200,210.52471902247999
est_03,gen_pareto,momentos,500,234.19035524753372
est_03,gen_pareto,mc,2,127.80628128441964
est_03,gen_pareto,mc,5,467.25731861036894
est_03,gen_pareto,mc,10,979.6506741140327
est_03,gen_pareto,mc,20,1917.7857001490863
est_03,gen_pareto,mc,25,2362.131434829656
est_03,gen_pareto,mc,50,4448.953621271049
est_03,gen_pareto,mc,100,8269.692054312125
est_03,gen_pareto,mc,200,15265.0375459234
est_03,gen_pareto,mc,500,34139.0733874015
est_03,gen_pareto,mpp,2,4029.3398176423884
est_03,gen_pareto,mpp,5,191641.6889790298
est_03,gen_pareto,mpp,10,3400693.0956892935
est_03,gen_pareto,mpp,20,60272019.96823285
est_03,gen_pareto,mpp,25,152072080.14724112
est_03,gen_pareto,mpp,50,2695050332.314127
est_03,gen_pareto,mpp,100,47762121276.18908
est_03,gen_pareto,mpp,200,846448024991.4869
est_03,gen_pareto,mpp,500,37848579207926.72
est_04,lognormal2p,momentos,2,17.491555011144293
est_04,lognormal2p,momentos,5,35.94309037166319
est_04,lognormal2p,momentos,10,52.39305529349154
est_04,lognormal2p,momentos,20,71.51346617735656
est_04,lognormal2p,momentos,25,78.29609336154314
est_04,lognormal2p,momentos,50,101.48764483482041
est_04,lognormal2p,momentos,100,128.15721936220035
est_04,lognormal2p,momentos,200,158.66061302353472
est_04,lognormal2p,momentos,500,205.50822509571938
est_04,lognormal2p,mv,2,17.491555011144293
est_04,lognormal2p,mv,5,35.94309037166319
est_04,lognormal2p,mv,10,52.39305529349154
est_04,lognormal2p,mv,20,71.51346617735656
est_04,lognormal2p,mv,25,78.29609336154314
est_04,lognormal2p,mv,50,101.48764483482041
est_04,lognormal2p,mv,100,128.15721936220035
est_04,lognormal2p,mv,200,158.66061302353472
est_04,lognormal2p,mv,500,205.50822509571938
est_04,gve,momentos,2,303.0297638147853
est_04,gve,momentos,5,319.4711394417062
est_04,gve,momentos,10,331.42494822293077
est_04,gve,momentos,20,343.76301848793145
est_04,gve,momentos,25,347.86545015079065
est_04,gve,momentos,50,361.1063309088859
est_04,gve,momentos,100,375.20051447512486
est_04,gve,momentos,200,390.25365601251406
est_04,gve,momentos,500,411.77986822784544
est_04,gve,mv,2,18.114934542113048
est_04,gve,mv,5,34.28628911250258
est_04,gve,mv,10,48.606341194023535
est_04,gve,mv,20,65.87793767597968
est_04,gve,mv,25,72.21754281026486
est_04,gve,mv,50,94.84060152704663
est_04,gve,mv,100,122.78014753232551
est_04,gve,mv,200,157.37415394020277
est_04,gve,mv,500,216.1529103091714
est_04,gve,ml,2,18.809718970702704
est_04,gve,ml,5,34.830303542135375
est_04,gve,ml,10,47.67907101490391
est_04,gve,ml,20,62.006274654116055
est_04,gve,ml,25,67.01058730367481
est_04,gve,ml,50,83.98365691291657
est_04,gve,ml,100,103.43261637928262
est_04,gve,ml,200,125.78489717727545
est_04,gve,ml,500,160.59668200899478
est_04,exponencial_x0_beta,mv,2,17.075369611607396
est_04,exponencial_x0_beta,mv,5,37.835899622356116
est_04,exponencial_x0_beta,mv,10,53.54063431332859
est_04,exponencial_x0_beta,mv,20,69.24536900430104
est_04,exponencial_x0_beta,mv,25,74.30116432407728
est_04,exponencial_x0_beta,mv,50,90.00589901504976
est_04,exponencial_x0_beta,mv,100,105.71063370602224
est_04,exponencial_x0_beta,mv,200,121.41536839699471
est_04,exponencial_x0_beta,mv,500,142.17589840774343
est_04,lognormal3p,momentos,2,19.45057980608405
est_04,lognormal3p,momentos,5,36.299526991491774
est_04,lognormal3p,momentos,10,48.662758461283175
est_04,lognormal3p,momentos,20,61.3204220795003
est_04,lognormal3p,momentos,25,65.49636005217909
est_04,lognormal3p,momentos,50,78.8544632847639
est_04,lognormal3p,momentos,100,92.87431787125726
est_04,lognormal3p,momentos,200,107.63330049530703
est_04,lognormal3p,momentos,500,128.38210145614028
est_04,lognormal3p,mv,2,18.218407090589753
est_04,lognormal3p,mv,5,35.20272552202607
est_04,lognormal3p,mv,10,49.201039750716035
est_04,lognormal3p,mv,20,64.65593848676534
est_04,lognormal3p,mv,25,69.97989610678557
est_04,lognormal3p,mv,50,87.69663882828132
est_04,lognormal3p,mv,100,107.32884406624144
est_04,lognormal3p,mv,200,129.0401846595698
est_04,lognormal3p,mv,500,161.20831110415793
est_04,exponencial_beta,momentos,2,16.654786421787573
est_04,exponencial_beta,momentos,5,38.671216507097135
est_04,exponencial_beta,momentos,10,55.32600292888471
est_04,exponencial_beta,momentos,20,71.98078935067225
est_04,exponencial_beta,momentos,25,77.34243301419424
est_04,exponencial_beta,momentos,50,93.99721943598182
est_04,exponencial_beta,momentos,100,110.65200585776938
est_04,exponencial_beta,momentos,200,127.30679227955696
est_04,exponencial_beta,momentos,500,149.32322236486652
est_04,exponencial_beta,mv,2,16.654786421787573
est_04,exponencial_beta,mv,5,38.671216507097135
est_04,exponencial_beta,mv,10,55.32600292888471
est_04,exponencial_beta,mv,20,71.98078935067225
est_04,exponencial_beta,mv,25,77.34243301419424
est_04,exponencial_beta,mv,50,93.99721943598182
est_04,exponencial_beta,mv,100,110.65200585776938
est_04,exponencial_beta,mv,200,127.30679227955696
est_04,exponencial_beta,mv,500,149.32322236486652
est_04,logpearson3,momentos_indirecto,2,16.437975324330658
est_04,logpearson3,momentos_indirecto,5,35.05979929730733
est_04,logpearson3,momentos_indirecto,10,54.06869523976314
est_04,logpearson3,momentos_indirecto,20,78.86373756071546
est_04,logpearson3,momentos_indirecto,25,88.3317125846963
est_04,logpearson3,momentos_indirecto,50,123.27884283747305
est_04,logpearson3,momentos_indirecto,100,168.24989113347814
est_04,logpearson3,momentos_indirecto,200,225.76875760929525
est_04,logpearson3,momentos_indirecto,500,326.41481305523325
est_04,gen_exponencial,momentos,2,18.875266919738063
est_04,gen_exponencial,momentos,5,36.917443565070265
est_04,gen_exponencial,momentos,10,49.8975417838672
est_04,gen_exponencial,momentos,20,62.67746641327406
est_04,gen_exponencial,momentos,25,66.76920178818467
est_04,gen_exponencial,momentos,50,79.44010128905636
est_04,gen_exponencial,momentos,100,92.0762878378508
est_04,gen_exponencial,momentos,200,104.69540562709663
est_04,gen_exponencial,momentos,500,121.36475488712449
est_04,gen_exponencial,mv,2,19.36060977821333
est_04,gen_exponencial,mv,5,36.245988563716104
est_04,gen_exponencial,mv,10,48.25213867018947
est_04,gen_exponencial,mv,20,60.030017751080386
est_04,gen_exponencial,mv,25,63.796056150342714
est_04,gen_exponencial,mv,50,75.44986327601302
est_04,gen_exponencial,mv,100,87.06420402646935
est_04,gen_exponencial,mv,200,98.65914528196052
est_04,gen_exponencial,mv,500,113.9729409704031
est_04,gamma3p,mv,2,18.714083835072195
est_04,gamma3p,mv,5,36.628165252759786
est_04,gamma3p,mv,10,49.6743367943471
est_04,gamma3p,mv,20,62.62055448243255
est_04,gamma3p,mv,25,66.7869145747729
est_04,gamma3p,mv,50,79.75792004378947
est_04,gamma3p,mv,100,92.80306960454047
est_04,gamma3p,mv,200,105.94689570077622
est_04,gamma3p,mv,500,123.49700707192503
est_04,gamma2p,momentos,2,19.036045040618546
est_04,gamma2p,momentos,5,37.04843984159663
est_04,gamma2p,momentos,10,49.87185761617506
est_04,gamma2p,momentos,20,62.45407604773097
est_04,gamma2p,momentos,25,66.48020400318563
est_04,gamma2p,momentos,50,78.95673161668937
est_04,gamma2p,momentos,100,91.4310037805851
est_04,gamma2p,momentos,200,103.93919401264132
est_04,gamma2p,momentos,500,120.5631633717756
est_04,gamma2p,mv,2,19.681702640110178
est_04,gamma2p,mv,5,36.457585266709906
est_04,gamma2p,mv,10,48.1539541024662
est_04,gamma2p,mv,20,59.50991379756835
est_04,gamma2p,mv,25,63.12414395800203
est_04,gamma2p,mv,50,74.2753276867526
est_04,gamma2p,mv,100,85.36233710506963
est_04,gamma2p,mv,200,96.4283974949365
est_04,gamma2p,mv,500,111.07025594572964
est_04,gamma2p,ml,2,19.126467662766927
est_04,gamma2p,ml,5,36.97150131764817
est_04,gamma2p,ml,10,49.63947220817065
est_04,gamma2p,ml,20,62.051322422337975
est_04,gamma2p,ml,25,66.02003344722985
est_04,gamma2p,ml,50,78.31134004656178
est_04,gamma2p,ml,100,90.59114030774279
est_04,gamma2p,ml,200,102.89668103494988
est_04,gamma2p,ml,500,119.24150187495921
est_04,gumbel,momentos,2,20.794636473499796
est_04,gumbel,momentos,5,38.210762799170794
est_04,gumbel,momentos,10,49.74175385391975
est_04,gumbel,momentos,20,60.80255731599519
est_04,gumbel,momentos,25,64.31119161965971
est_04,gumbel,momentos,50,75.11963284439726
est_04,gumbel,momentos,100,85.8482662357415
est_04,gumbel,momentos,200,96.53775264600566
est_04,gumbel,momentos,500,110.64050019371032
est_04,gumbel,mv,2,20.588764030282345
est_04,gumbel,mv,5,34.92392011689495
est_04,gumbel,mv,10,44.415040789321026
est_04,gumbel,mv,20,53.51915160634495
est_04,gumbel,mv,25,56.40709691940449
est_04,gumbel,mv,50,65.30348921194383
est_04,gumbel,mv,100,74.13419194026929
est_04,gumbel,mv,200,82.93267291769509
est_04,gumbel,mv,500,94.540597869896
est_04,gumbel,ml,2,20.942860365235884
est_04,gumbel,ml,5,37.53743934315498
est_04,gumbel,ml,10,48.5244945684987
est_04,gumbel,ml,20,59.063541723898815
est_04,gumbel,ml,25,62.406667971839255
est_04,gumbel,ml,50,72.7052572320543
est_04,gumbel,ml,100,82.92780332575016
est_04,gumbel,ml,200,93.113049065904
est_04,gumbel,ml,500,106.55054679702035
est_04,gumbel,me,2,21.18655436121275
est_04,gumbel,me,5,36.47023948951315
est_04,gumbel,me,10,46.589368921771765
est_04,gumbel,me,20,56.295880818805955
est_04,gumbel,me,25,59.37491578472259
est_04,gumbel,me,50,68.85996483165903
est_04,gumbel,me,100,78.27497776530903
est_04,gumbel,me,200,87.65563689827093
est_04,gumbel,me,500,100.03163537993814
est_04,normal,momentos,2,24.027779767596265
est_04,normal,momentos,5,40.604366630482986
est_04,normal,momentos,10,49.2776690425667
est_04,normal,momentos,20,56.43823105072056
est_04,normal,momentos,25,58.52375969464484
est_04,normal,momentos,50,64.49502815306302
est_04,normal,momentos,100,69.86514886393975
est_04,normal,momentos,200,74.7792964555559
est_04,normal,momentos,500,80.7339770081364
est_04,normal,mv,2,24.027779767596265
est_04,normal,mv,5,40.604366630482986
est_04,normal,mv,10,49.2776690425667
est_04,normal,mv,20,56.43823105072056
est_04,normal,mv,25,58.52375969464484
est_04,normal,mv,50,64.49502815306302
est_04,normal,mv,100,69.86514886393975
est_04,normal,mv,200,74.7792964555559
est_04,normal,mv,500,80.7339770081364
est_04,normal,ml,2,24.027779594179542
est_04,normal,ml,5,39.15968324080419
est_04,normal,ml,10,47.07708973004527
est_04,normal,ml,20,53.61359421431017
est_04,normal,ml,25,55.51736480069023
est_04,normal,ml,50,60.96822508382922
est_04,normal,ml,100,65.87032886670525
est_04,normal,ml,200,70.35619851385883
est_04,normal,ml,500,75.79191656084805
est_04,uniforme,momentos,2,24.02777777777778
est_04,uniforme,momentos,5,44.500484347396615
est_04,uniforme,momentos,10,51.32471987060289
est_04,uniforme,momentos,20,54.736837632206026
est_04,uniforme,momentos,25,55.419261184526654
est_04,uniforme,momentos,50,56.78410828916791
est_04,uniforme,momentos,100,57.46653184148854
est_04,uniforme,momentos,200,57.807743617648846
est_04,uniforme,momentos,500,58.012470683345036
est_04,uniforme,mv,2,51.0
est_04,uniforme,mv,5,80.4
est_04,uniforme,mv,10,90.2
est_04,uniforme,mv,20,95.1
est_04,uniforme,mv,25,96.08
est_04,uniforme,mv,50,98.03999999999999
est_04,uniforme,mv,100,99.02
est_04,uniforme,mv,200,99.51
est_04,uniforme,mv,500,99.804
est_04,gen_pareto,mc,2,48.24173883759721
est_04,gen_pareto,mc,5,179.67247795535727
est_04,gen_pareto,mc,10,387.93990272148625
est_04,gen_pareto,mc,20,786.1173012946371
est_04,gen_pareto,mc,25,979.7955841962289
est_04,gen_pareto,mc,50,1917.6603443076679
est_04,gen_pareto,mc,100,3710.7230415295253
est_04,gen_pareto,mc,200,7138.801345470173
est_04,gen_pareto,mc,500,16880.73589431251
est_04,gen_pareto,mpp,2,1772.9080901046261
est_04,gen_pareto,mpp,5,118456.59766415332
est_04,gen_pareto,mpp,10,2746533.418038102
est_04,gen_pareto,mpp,20,63638172.633825034
est_04,gen_pareto,mpp,25,175034657.48959184
est_04,gen_pareto,mpp,50,4055494959.619637
est_04,gen_pareto,mpp,100,93964430222.35146
est_04,gen_pareto,mpp,200,2177123646060.967
est_04,gen_pareto,mpp,500,138742231125733.97
est_05,gve,momentos,2,706.746582529097
est_05,gve,momentos,5,745.0431738902719
est_05,gve,momentos,10,772.8400803141533
est_05,gve,momentos,20,801.4926069840915
est_05,gve,momentos,25,811.0115642271476
est_05,gve,momentos,50,841.7086962142447
est_05,gve,momentos,100,874.3428959177484
est_05,gve,momentos,200,909.1538003562002
est_05,gve,momentos,500,958.8613925711182
est_05,gve,mv,2,28.145272402830756
est_05,gve,mv,5,66.46514142013865
est_05,gve,mv,10,105.98288972260194
est_05,gve,mv,20,159.81535791444793
est_05,gve,mv,25,181.1375453679862
est_05,gve,mv,50,263.53950312414764
est_05,gve,mv,100,377.8499460818553
est_05,gve,mv,200,536.7330382105766
est_05,gve,mv,500,845.9573326000022
est_05,gve,ml,2,31.312974235879196
est_05,gve,ml,5,67.44447062369414
est_05,gve,ml,10,97.7825030542824
est_05,gve,ml,20,132.8613287563058
est_05,gve,ml,25,145.39882490653673
est_05,gve,ml,50,188.93058441188472
est_05,gve,ml,100,240.56970242287878
est_05,gve,ml,200,301.9967111512748
est_05,gve,ml,500,401.5884973876382
est_05,gamma2p,momentos,2,30.511575829824846
est_05,gamma2p,momentos,5,71.40960702654573
est_05,gamma2p,momentos,10,102.80139792009122
est_05,gamma2p,momentos,20,134.75764748489513
est_05,gamma2p,momentos,25,145.17360472982708
est_05,gamma2p,momentos,50,177.934987802073
est_05,gamma2p,momentos,100,211.3109603801391
est_05,gamma2p,momentos,200,245.29346090692846
est_05,gamma2p,momentos,500,291.12513537535574
est_05,gamma2p,mv,2,30.020333009236257
est_05,gamma2p,mv,5,71.59500691586801
est_05,gamma2p,mv,10,103.74480498049775
est_05,gamma2p,mv,20,136.5889291895104
est_05,gamma2p,mv,25,147.3130314459414
est_05,gamma2p,mv,50,181.09086041262339
est_05,gamma2p,mv,100,215.5625809183249
est_05,gamma2p,mv,200,250.7103409005266
est_05,gamma2p,mv,500,298.1773142501769
est_05,gamma2p,ml,2,29.595300810986963
est_05,gamma2p,ml,5,71.74061839169211
est_05,gamma2p,ml,10,104.541410301293
est_05,gamma2p,ml,20,138.15255431428457
est_05,gamma2p,ml,25,149.14352690713764
est_05,gamma2p,ml,50,183.80330786732824
est_05,gamma2p,ml,100,219.22787164119654
est_05,gamma2p,ml,200,255.39060527502627
est_05,gamma2p,ml,500,304.2841147813888
est_05,gen_exponencial,momentos,2,30.06096964646073
est_05,gen_exponencial,momentos,5,71.9922963361469
est_05,gen_exponencial,momentos,10,104.01838792089758
est_05,gen_exponencial,momentos,20,136.13941262647486
est_05,gen_exponencial,momentos,25,146.49083121448842
est_05,gen_exponencial,momentos,50,178.66410811531193
est_05,gen_exponencial,momentos,100,210.85410159598604
est_05,gen_exponencial,momentos,200,243.05232885059488
est_05,gen_exponencial,momentos,500,285.62196856909407
est_05,gen_exponencial,mv,2,29.443017751985604
est_05,gen_exponencial,mv,5,72.27746326407184
est_05,gen_exponencial,mv,10,105.24878530970926
est_05,gen_exponencial,mv,20,138.39706336449618
est_05,gen_exponencial,mv,25,149.08850240437224
est_05,gen_exponencial,mv,50,182.33431215287789
est_05,gen_exponencial,mv,100,215.61134362258485
est_05,gen_exponencial,mv,200,248.9037567691654
est_05,gen_exponencial,mv,500,292.92495339968445
est_05,exponencial_x0_beta,momentos,2,30.406297266766845
est_05,exponencial_x0_beta,momentos,5,72.39185305004038
est_05,exponencial_x0_beta,momentos,10,104.15269991126925
est_05,exponencial_x0_beta,momentos,20,135.91354677249805
est_05,exponencial_x0_beta,momentos,25,146.13825569454272
est_05,exponencial_x0_beta,momentos,50,177.89910255577158
est_05,exponencial_x0_beta,momentos,100,209.65994941700043
est_05,exponencial_x0_beta,momentos,200,241.4207962782293
est_05,exponencial_x0_beta,momentos,500,283.40635206150284
est_05,exponencial_x0_beta,mv,2,30.74630810059832
est_05,exponencial_x0_beta,mv,5,71.71656027237141
est_05,exponencial_x0_beta,mv,10,102.7093596010399
est_05,exponencial_x0_beta,mv,20,133.70215892970836
est_05,exponencial_x0_beta,mv,25,143.67961177281293
est_05,exponencial_x0_beta,mv,50,174.67241110148143
est_05,exponencial_x0_beta,mv,100,205.6652104301499
est_05,exponencial_x0_beta,mv,200,236.65800975881842
est_05,exponencial_x0_beta,mv,500,277.62826193059146
est_05,lognormal3p,momentos,2,33.871247517070096
est_05,lognormal3p,momentos,5,73.11298761869872
est_05,lognormal3p,momentos,10,101.84297499568058
est_05,lognormal3p,momentos,20,131.21468369919512
est_05,lognormal3p,momentos,25,140.89677275761449
est_05,lognormal3p,momentos,50,171.8447691360916
est_05,lognormal3p,momentos,100,204.2921560786724
est_05,lognormal3p,momentos,200,238.41796331658554
est_05,lognormal3p,momentos,500,286.34533157218885
est_05,lognormal3p,mv,2,25.857396197523283
est_05,lognormal3p,mv,5,69.32845850897905
est_05,lognormal3p,mv,10,114.54644806483456
est_05,lognormal3p,mv,20,172.75620036539956
est_05,lognormal3p,mv,25,194.63473729061187
est_05,lognormal3p,mv,50,273.6194405456325
est_05,lognormal3p,mv,100,371.39723339602483
est_05,lognormal3p,mv,200,490.9706594040742
est_05,lognormal3p,mv,500,688.2454783499873
est_05,gamma3p,momentos,2,31.300971225675553
est_05,gamma3p,momentos,5,72.63899360641506
est_05,gamma3p,momentos,10,103.52649122064952
est_05,gamma3p,momentos,20,134.5649940073297
est_05,gamma3p,momentos,25,144.6169870256679
est_05,gamma3p,momentos,50,176.0709562938808
est_05,gamma3p,momentos,100,207.908299086407
est_05,gamma3p,momentos,200,240.15464901080026
est_05,gamma3p,momentos,500,283.4276544048113
est_05,exponencial_beta,momentos,2,30.821944628898898
est_05,exponencial_beta,momentos,5,71.566339172903
est_05,exponencial_beta,momentos,10,102.3882838018019
est_05,exponencial_beta,momentos,20,133.21022843070074
est_05,exponencial_beta,momentos,25,143.13267834580594
est_05,exponencial_beta,momentos,50,173.95462297470485
est_05,exponencial_beta,momentos,100,204.77656760360372
est_05,exponencial_beta,momentos,200,235.59851223250263
est_05,exponencial_beta,momentos,500,276.3429067765067
est_05,exponencial_beta,mv,2,30.821944628898898
est_05,exponencial_beta,mv,5,71.566339172903
est_05,exponencial_beta,mv,10,102.3882838018019
est_05,exponencial_beta,mv,20,133.21022843070074
est_05,exponencial_beta,mv,25,143.13267834580594
est_05,exponencial_beta,mv,50,173.95462297470485
est_05,exponencial_beta,mv,100,204.77656760360372
est_05,exponencial_beta,mv,200,235.59851223250263
est_05,exponencial_beta,mv,500,276.3429067765067
est_05,gumbel,momentos,2,36.94649223040561
est_05,gumbel,momentos,5,77.45579746853612
est_05,gumbel,momentos,10,104.27648236713289
est_05,gumbel,momentos,20,130.00352724758633
est_05,gumbel,momentos,25,138.16448883676716
est_05,gumbel,momentos,50,163.30454791384884
est_05,gumbel,momentos,100,188.25897674096166
est_05,gumbel,momentos,200,213.12235104905747
est_05,gumbel,momentos,500,245.92485227254662
est_05,gumbel,mv,2,36.34037341479794
est_05,gumbel,mv,5,68.52790853886147
est_05,gumbel,mv,10,89.83885752083577
est_05,gumbel,mv,20,110.28083142930191
est_05,gumbel,mv,25,116.76529805379081
est_05,gumbel,mv,50,136.74086983434358
est_05,gumbel,mv,100,156.56894512845116
est_05,gumbel,mv,200,176.3246711064735
est_05,gumbel,mv,500,202.38860022304505
est_05,gumbel,ml,2,37.358532736346405
est_05,gumbel,ml,5,75.59504740373028
est_05,gumbel,ml,10,100.91094718245985
est_05,gumbel,ml,20,125.19456604822986
est_05,gumbel,ml,25,132.8976536640339
est_05,gumbel,ml,50,156.62721979677792
est_05,gumbel,ml,100,180.18157053804777
est_05,gumbel,ml,200,203.64997541005476
est_05,gumbel,ml,500,234.61207934607143
est_05,gumbel,me,2,37.98627000241958
est_05,gumbel,me,5,72.84602145504664
est_05,gumbel,me,10,95.92621016374491
est_05,gumbel,me,20,118.0652812949628
est_05,gumbel,me,25,125.08808978157927
est_05,gumbel,me,50,146.72203797643783
est_05,gumbel,me,100,168.19624449372472
est_05,gumbel,me,200,189.59209523860537
est_05,gumbel,me,500,217.81985755033685
est_05,normal,momentos,2,44.46667129491538
est_05,normal,momentos,5,83.02323688695964
est_05,normal,momentos,10,103.19703720648482
est_05,normal,momentos,20,119.85225586077937
est_05,normal,momentos,25,124.7031230880724
est_05,normal,momentos,50,138.59208623163548
est_05,normal,momentos,100,151.08280058307324
est_05,normal,momentos,200,162.51293728807516
est_05,normal,momentos,500,176.3633175385038
est_05,normal,mv,2,44.46667129491538
est_05,normal,mv,5,83.02323688695964
est_05,normal,mv,10,103.19703720648482
est_05,normal,mv,20,119.85225586077937
est_05,normal,mv,25,124.7031230880724
est_05,normal,mv,50,138.59208623163548
est_05,normal,mv,100,151.08280058307324
est_05,normal,mv,200,162.51293728807516
est_05,normal,mv,500,176.3633175385038
est_05,normal,ml,2,44.46667085194143
est_05,normal,ml,5,79.33295197299199
est_05,normal,ml,10,97.57589924850456
est_05,normal,ml,20,112.63703155674679
est_05,normal,ml,25,117.02361780556426
est_05,normal,ml,50,129.58325547057717
est_05,normal,ml,100,140.87847202559712
est_05,normal,ml,200,151.21461979937257
est_05,normal,ml,500,163.73936737555542
est_05,uniforme,momentos,2,44.46666666666666
est_05,uniforme,momentos,5,92.08547144399233
est_05,uniforme,momentos,10,107.95840636976754
est_05,uniforme,momentos,20,115.89487383265515
est_05,uniforme,momentos,25,117.48216732523267
est_05,uniforme,momentos,50,120.6567543103877
est_05,uniforme,momentos,100,122.24404780296524
est_05,uniforme,momentos,200,123.03769454925398
est_05,uniforme,momentos,500,123.51388259702725
est_05,uniforme,mv,2,107.95
est_05,uniforme,mv,5,172.18
est_05,uniforme,mv,10,193.59
est_05,uniforme,mv,20,204.295
est_05,uniforme,mv,25,206.43599999999998
est_05,uniforme,mv,50,210.718
est_05,uniforme,mv,100,212.859
est_05,uniforme,mv,200,213.9295
est_05,uniforme,mv,500,214.5718
est_05,lognormal2p,momentos,2,23.120125971709477
est_05,lognormal2p,momentos,5,73.83362983986676
est_05,lognormal2p,momentos,10,135.54961980408095
est_05,lognormal2p,momentos,20,223.83316547311966
est_05,lognormal2p,momentos,25,259.03995313051485
est_05,lognormal2p,momentos,50,393.5630076409359
est_05,lognormal2p,momentos,100,573.2904670277476
est_05,lognormal2p,momentos,200,808.8432215280212
est_05,lognormal2p,momentos,500,1227.4597498800174
est_05,lognormal2p,mv,2,23.120125971709477
est_05,lognormal2p,mv,5,73.83362983986676
est_05,lognormal2p,mv,10,135.54961980408095
est_05,lognormal2p,mv,20,223.83316547311966
est_05,lognormal2p,mv,25,259.03995313051485
est_05,lognormal2p,mv,50,393.5630076409359
est_05,lognormal2p,mv,100,573.2904670277476
est_05,lognormal2p,mv,200,808.8432215280212
est_05,lognormal2p,mv,500,1227.4597498800174
est_05,logpearson3,momentos_indirecto,2,19.26543974304526
est_05,logpearson3,momentos_indirecto,5,67.47947234879688
est_05,logpearson3,momentos_indirecto,10,145.56035254097233
est_05,logpearson3,momentos_indirecto,20,292.28493778117394
est_05,logpearson3,momentos_indirecto,25,362.0457929890921
est_05,logpearson3,momentos_indirecto,50,687.3551832590623
est_05,logpearson3,momentos_indirecto,100,1269.0604307767226
est_05,logpearson3,momentos_indirecto,200,2294.907063373672
est_05,logpearson3,momentos_indirecto,500,4902.647989946016
est_05,gen_pareto,momentos,2,30.861362680205453
est_05,gen_pareto,momentos,5,74.91065824724885
est_05,gen_pareto,momentos,10,108.64627482464135
est_05,gen_pareto,momentos,20,142.74237296314192
est_05,gen_pareto,momentos,25,153.7962024143285
est_05,gen_pareto,momentos,50,188.37474960912843
est_05,gen_pareto,momentos,100,223.32278549090776
est_05,gen_pareto,momentos,200,258.6442582269809
est_05,gen_pareto,momentos,500,305.91661006724803
est_05,gen_pareto,mc,2,94.61325723384219
est_05,gen_pareto,mc,5,354.8819962265335
est_05,gen_pareto,mc,10,758.490417248449
est_05,gen_pareto,mc,20,1515.4092527657579
est_05,gen_pareto,mc,25,1879.2571895748924
est_05,gen_pareto,mc,50,3617.271939495387
est_05,gen_pareto,mc,100,6876.708641264049
est_05,gen_pareto,mc,200,12989.3884176138
est_05,gen_pareto,mc,500,29963.485156870516
est_05,gen_pareto,mpp,2,2912.399853572724
est_05,gen_pareto,mpp,5,137510.91061469552
est_05,gen_pareto,mpp,10,2425283.290318052
est_05,gen_pareto,mpp,20,42721635.27718225
est_05,gen_pareto,mpp,25,107578157.82780495
est_05,gen_pareto,mpp,50,1894862732.173627
est_05,gen_pareto,mpp,100,33375725490.850227
est_05,gen_pareto,mpp,200,587873164933.795
est_05,gen_pareto,mpp,500,26074237192399.816
est_06,exponencial_x0_beta,mv,2,34.67177312367409
est_06,exponencial_x0_beta,mv,5,63.0767858117729
est_06,exponencial_x0_beta,mv,10,84.56434840913121
est_06,exponencial_x0_beta,mv,20,106.05191100648949
est_06,exponencial_x0_beta,mv,25,112.96936109722998
est_06,exponencial_x0_beta,mv,50,134.45692369458828
est_06,exponencial_x0_beta,mv,100,155.94448629194656
est_06,exponencial_x0_beta,mv,200,177.43204888930487
est_06,exponencial_x0_beta,mv,500,205.8370615774037
est_06,gamma2p,momentos,2,38.58921143938696
est_06,gamma2p,momentos,5,64.2001818012051
est_06,gamma2p,momentos,10,81.2464146099992
est_06,gamma2p,momentos,20,97.40395916731501
est_06,gamma2p,momentos,25,102.48289444519581
est_06,gamma2p,momentos,50,117.99472407275441
est_06,gamma2p,momentos,100,133.21654870231643
est_06,gamma2p,momentos,200,148.2450993315217
est_06,gamma2p,momentos,500,167.9197912990756
est_06,gamma2p,mv,2,39.44346630981673
est_06,gamma2p,mv,5,62.91192440325434
est_06,gamma2p,mv,10,78.2439047384789
est_06,gamma2p,mv,20,92.63411439948912
est_06,gamma2p,mv,25,97.13420491216196
est_06,gamma2p,mv,50,110.8198010218945
est_06,gamma2p,mv,100,124.17543455304269
est_06,gamma2p,mv,200,137.30048565864428
est_06,gamma2p,mv,500,154.40507127798443
est_06,gamma2p,ml,2,38.50993745287947
est_06,gamma2p,ml,5,64.31111899581694
est_06,gamma2p,ml,10,81.51247997135121
est_06,gamma2p,ml,20,97.83128299203356
est_06,gamma2p,ml,25,102.9632430502752
est_06,gamma2p,ml,50,118.64288321973501
est_06,gamma2p,ml,100,134.03684667573904
est_06,gamma2p,ml,200,149.24151370344208
est_06,gamma2p,ml,500,169.15468312542356
est_06,gen_exponencial,momentos,2,38.13697521346486
est_06,gen_exponencial,momentos,5,63.3549400424974
est_06,gen_exponencial,momentos,10,80.77358391217511
est_06,gen_exponencial,momentos,20,97.70680262685315
est_06,gen_exponencial,momentos,25,103.10389696654599
est_06,gen_exponencial,momentos,50,119.77461737088963
est_06,gen_exponencial,momentos,100,136.3620352752712
est_06,gen_exponencial,momentos,200,152.90854081293605
est_06,gen_exponencial,momentos,500,174.75256574279624
est_06,gen_exponencial,mv,2,38.47152370942065
est_06,gen_exponencial,mv,5,61.35761184152008
est_06,gen_exponencial,mv,10,77.02989353147807
est_06,gen_exponencial,mv,20,92.22420237939525
est_06,gen_exponencial,mv,25,97.06239394979787
est_06,gen_exponencial,mv,50,111.9986273274321
est_06,gen_exponencial,mv,100,126.85301940361823
est_06,gen_exponencial,mv,200,141.66722691969338
est_06,gen_exponencial,mv,500,161.22180276109404
est_06,gamma3p,momentos,2,39.04393372776387
est_06,gamma3p,momentos,5,64.62729681435616
est_06,gamma3p,momentos,10,81.32054853468438
est_06,gamma3p,momentos,20,96.97822546997062
est_06,gamma3p,momentos,25,101.87300036053392
est_06,gamma3p,momentos,50,116.75469601505432
est_06,gamma3p,momentos,100,131.27223797955145
est_06,gamma3p,momentos,200,145.53471818123415
est_06,gamma3p,momentos,500,164.11593099997157
est_06,lognormal2p,momentos,2,37.039879947900936
est_06,lognormal2p,momentos,5,61.01830410233001
est_06,lognormal2p,momentos,10,79.23017356046391
est_06,lognormal2p,momentos,20,98.29632557429798
est_06,lognormal2p,momentos,25,104.66755369050739
est_06,lognormal2p,momentos,50,125.28671685502421
est_06,lognormal2p,momentos,100,147.27739780855202
est_06,lognormal2p,momentos,200,170.76698286271272
est_06,lognormal2p,momentos,500,204.30543569867518
est_06,lognormal2p,mv,2,37.039879947900936
est_06,lognormal2p,mv,5,61.01830410233001
est_06,lognormal2p,mv,10,79.23017356046391
est_06,lognormal2p,mv,20,98.29632557429798
est_06,lognormal2p,mv,25,104.66755369050739
est_06,lognormal2p,mv,50,125.28671685502421
est_06,lognormal2p,mv,100,147.27739780855202
est_06,lognormal2p,mv,200,170.76698286271272
est_06,lognormal2p,mv,500,204.30543569867518
est_06,gumbel,momentos,2,39.614292765164905
est_06,gumbel,momentos,5,64.23130066420731
est_06,gumbel,momentos,10,80.52990188990816
est_06,gumbel,momentos,20,96.16391149136163
est_06,gumbel,momentos,25,101.12322774533541
est_06,gumbel,momentos,50,116.40053327414958
est_06,gumbel,momentos,100,131.56503357703056
est_06,gumbel,momentos,200,146.67420116559543
est_06,gumbel,momentos,500,166.60787879793605
est_06,gumbel,mv,2,38.97524390831605
est_06,gumbel,mv,5,60.11390933390567
est_06,gumbel,mv,10,74.10954518161554
est_06,gumbel,mv,20,87.53449510164364
est_06,gumbel,mv,25,91.79306817690833
est_06,gumbel,mv,50,104.91171571939361
est_06,gumbel,mv,100,117.93349722767039
est_06,gumbel,mv,200,130.9077644425848
est_06,gumbel,mv,500,148.0248464169542
est_06,gumbel,ml,2,39.60829104495208
est_06,gumbel,ml,5,64.22336077789501
est_06,gumbel,ml,10,80.52067876899262
est_06,gumbel,ml,20,96.15345746100606
est_06,gumbel,ml,25,101.11238325409688
est_06,gumbel,ml,50,116.38848595778346
est_06,gumbel,ml,100,131.5517923170088
est_06,gumbel,ml,200,146.65977031841783
est_06,gumbel,ml,500,166.5918785163908
est_06,gumbel,me,2,39.9609041947931
est_06,gumbel,me,5,62.67917541381144
est_06,gumbel,me,10,77.7206477428064
est_06,gumbel,me,20,92.14878912469925
est_06,gumbel,me,25,96.72558790466167
est_06,gumbel,me,50,110.82453818825442
est_06,gumbel,me,100,124.81938403607725
est_06,gumbel,me,200,138.7631650422153
est_06,gumbel,me,500,157.1593363682037
est_06,lognormal3p,momentos,2,39.54250425182089
est_06,lognormal3p,momentos,5,64.37719287579827
est_06,lognormal3p,momentos,10,80.64858947873695
est_06,lognormal3p,momentos,20,96.13795764678433
est_06,lognormal3p,momentos,25,101.03827031869814
est_06,lognormal3p,momentos,50,116.13209951066288
est_06,lognormal3p,momentos,100,131.1661685044694
est_06,lognormal3p,momentos,200,146.25912770700495
est_06,lognormal3p,momentos,500,166.4335414792929
est_06,lognormal3p,mv,2,33.72319548035291
est_06,lognormal3p,mv,5,59.953441882038945
est_06,lognormal3p,mv,10,84.41869821272667
est_06,lognormal3p,mv,20,113.71447703340921
est_06,lognormal3p,mv,25,124.28379011600578
est_06,lognormal3p,mv,50,160.99723066290193
est_06,lognormal3p,mv,100,204.13244372389235
est_06,lognormal3p,mv,200,254.4390613752535
est_06,lognormal3p,mv,500,333.3264786502012
est_06,logpearson3,momentos_indirecto,2,35.77673252333371
est_06,logpearson3,momentos_indirecto,5,60.220730809607566
est_06,logpearson3,momentos_indirecto,10,80.71032174851881
est_06,logpearson3,momentos_indirecto,20,103.91009855629315
est_06,logpearson3,momentos_indirecto,25,112.05570104240668
est_06,logpearson3,momentos_indirecto,50,139.74825802229117
est_06,logpearson3,momentos_indirecto,100,171.49542819813135
est_06,logpearson3,momentos_indirecto,200,207.89310620685595
est_06,logpearson3,momentos_indirecto,500,264.2552032317165
est_06,logpearson3,mv,2,33.37154227042731
est_06,logpearson3,mv,5,58.90483074442438
est_06,logpearson3,mv,10,84.73335346024675
est_06,logpearson3,mv,20,118.74533666141167
est_06,logpearson3,mv,25,131.88036311526363
est_06,logpearson3,mv,50,181.1647548601301
est_06,logpearson3,mv,100,246.48349254356918
est_06,logpearson3,mv,200,333.03484337351153
est_06,logpearson3,mv,500,491.9484077205469
est_06,gve,momentos,2,43802.09814514951
est_06,gve,momentos,5,43826.696399041
est_06,gve,momentos,10,43842.99779986133
est_06,gve,momentos,20,43858.645896098875
est_06,gve,momentos,25,43863.61201448256
est_06,gve,momentos,50,43878.91734239292
est_06,gve,momentos,100,43894.12021804475
est_06,gve,momentos,200,43909.27809144898
est_06,gve,momentos,500,43929.292029371565
est_06,gve,mv,2,33.139153009734144
est_06,gve,mv,5,58.63810553837541
est_06,gve,mv,10,86.23605715635821
est_06,gve,mv,20,125.32057476630376
est_06,gve,mv,25,141.17877063854257
est_06,gve,mv,50,204.05822254315865
est_06,gve,mv,100,294.58547562385866
est_06,gve,mv,200,425.14478388578186
est_06,gve,mv,500,690.5536643347665
est_06,gve,ml,2,36.48202479870928
est_06,gve,ml,5,60.26818722468983
est_06,gve,ml,10,79.30011775857491
est_06,gve,ml,20,100.48243386534892
est_06,gve,ml,25,107.8724035612119
est_06,gve,ml,50,132.9067864539296
est_06,gve,ml,100,161.54201320713503
est_06,gve,ml,200,194.39372873732404
est_06,gve,ml,500,245.4520680610876
est_06,normal,momentos,2,44.184213338845765
est_06,normal,momentos,5,67.614565307605
est_06,normal,momentos,10,79.87393630644405
est_06,normal,momentos,20,89.99510838685588
est_06,normal,momentos,25,92.94292089930244
est_06,normal,momentos,50,101.38307343721301
est_06,normal,momentos,100,108.97352733531142
est_06,normal,momentos,200,115.91948120690026
est_06,normal,momentos,500,124.3361873939175
est_06,normal,mv,2,44.184213338845765
est_06,normal,mv,5,67.614565307605
est_06,normal,mv,10,79.87393630644405
est_06,normal,mv,20,89.99510838685588
est_06,normal,mv,25,92.94292089930244
est_06,normal,mv,50,101.38307343721301
est_06,normal,mv,100,108.97352733531142
est_06,normal,mv,200,115.91948120690026
est_06,normal,mv,500,124.3361873939175
est_06,normal,ml,2,44.18421322062072
est_06,normal,ml,5,66.62966748309132
est_06,normal,ml,10,78.37371432489692
est_06,normal,ml,20,88.06944170092525
est_06,normal,ml,25,90.89334255442839
est_06,normal,ml,50,98.97871224970825
est_06,normal,ml,100,106.25010049126448
est_06,normal,ml,200,112.90408034363091
est_06,normal,ml,500,120.96698925824046
est_06,uniforme,momentos,2,44.18421052631579
est_06,uniforme,momentos,5,73.1215740889717
est_06,uniforme,momentos,10,82.76736194319034
est_06,uniforme,momentos,20,87.59025587029964
est_06,uniforme,momentos,25,88.55483465572152
est_06,uniforme,momentos,50,90.48399222656525
est_06,uniforme,momentos,100,91.4485710119871
est_06,uniforme,momentos,200,91.93086040469802
est_06,uniforme,momentos,500,92.22023404032458
est_06,uniforme,mv,2,61.5
est_06,uniforme,mv,5,90.0
est_06,uniforme,mv,10,99.5
est_06,uniforme,mv,20,104.25
est_06,uniforme,mv,25,105.2
est_06,uniforme,mv,50,107.1
est_06,uniforme,mv,100,108.05
est_06,uniforme,mv,200,108.525
est_06,uniforme,mv,500,108.81
est_06,exponencial_beta,momentos,2,30.626160951582847
est_06,exponencial_beta,momentos,5,71.11174355202249
est_06,exponencial_beta,momentos,10,101.73790450360535
est_06,exponencial_beta,momentos,20,132.36406545518813
est_06,exponencial_beta,momentos,25,142.22348710404492
est_06,exponencial_beta,momentos,50,172.84964805562777
est_06,exponencial_beta,momentos,100,203.47580900721061
est_06,exponencial_beta,momentos,200,234.10196995879346
est_06,exponencial_beta,momentos,500,274.58755255923313
est_06,exponencial_beta,mv,2,30.626160951582847
est_06,exponencial_beta,mv,5,71.11174355202249
est_06,exponencial_beta,mv,10,101.73790450360535
est_06,exponencial_beta,mv,20,132.36406545518813
est_06,exponencial_beta,mv,25,142.22348710404492
est_06,exponencial_beta,mv,50,172.84964805562777
est_06,exponencial_beta,mv,100,203.47580900721061
est_06,exponencial_beta,mv,200,234.10196995879346
est_06,exponencial_beta,mv,500,274.58755255923313
est_06,gen_pareto,momentos,2,41.02950500738623
est_06,gen_pareto,momentos,5,88.21831426692299
est_06,gen_pareto,momentos,10,130.5304717553815
est_06,gen_pareto,momentos,20,179.54377851194533
est_06,gen_pareto,momentos,25,196.91875200945992
est_06,gen_pareto,momentos,50,256.446241971093
est_06,gen_pareto,momentos,100,325.401343746124
est_06,gen_pareto,momentos,200,405.27714673848055
est_06,gen_pareto,momentos,500,530.603235251518
est_06,gen_pareto,mc,2,79.62073136305806
est_06,gen_pareto,mc,5,267.84815368806886
est_06,gen_pareto,mc,10,568.7188518671471
est_06,gen_pareto,mc,20,1148.4146595905172
est_06,gen_pareto,mc,25,1431.7273494506055
est_06,gen_pareto,mc,50,2811.196748729049
est_06,gen_pareto,mc,100,5469.058190485089
est_06,gen_pareto,mc,200,10590.03256459485
est_06,gen_pareto,mc,500,25278.88205213587
est_06,gen_pareto,mpp,2,2180.1760227458044
est_06,gen_pareto,mpp,5,117828.04534387545
est_06,gen_pareto,mpp,10,2322475.2406450845
est_06,gen_pareto,mpp,20,45737653.80324355
est_06,gen_pareto,mpp,25,119384209.48574087
est_06,gen_pareto,mpp,50,2350984545.882021
est_06,gen_pareto,mpp,100,46296939840.449165
est_06,gen_pareto,mpp,200,911705926949.1289
est_06,gen_pareto,mpp,500,46862947957034.25
est_07,lognormal2p,momentos,2,45.5566749958824
est_07,lognormal2p,momentos,5,74.09885483985067
est_07,lognormal2p,momentos,10,95.57580450808497
est_07,lognormal2p,momentos,20,117.92486413752984
est_07,lognormal2p,momentos,25,125.36730771701968
est_07,lognormal2p,momentos,50,149.37737722602316
est_07,lognormal2p,momentos,100,174.8735244343605
est_07,lognormal2p,momentos,200,202.00037220617568
est_07,lognormal2p,momentos,500,240.5699048020226
est_07,lognormal2p,mv,2,45.5566749958824
est_07,lognormal2p,mv,5,74.09885483985067
est_07,lognormal2p,mv,10,95.57580450808497
est_07,lognormal2p,mv,20,117.92486413752984
est_07,lognormal2p,mv,25,125.36730771701968
est_07,lognormal2p,mv,50,149.37737722602316
est_07,lognormal2p,mv,100,174.8735244343605
est_07,lognormal2p,mv,200,202.00037220617568
est_07,lognormal2p,mv,500,240.5699048020226
est_07,gamma2p,momentos,2,47.76953016925392
est_07,gamma2p,momentos,5,73.7881113688482
est_07,gamma2p,momentos,10,90.54452407260516
est_07,gamma2p,momentos,20,106.15168186519135
est_07,gamma2p,momentos,25,111.01263955501067
est_07,gamma2p,momentos,50,125.74636818694015
est_07,gamma2p,momentos,100,140.06220774435502
est_07,gamma2p,momentos,200,154.07925576767482
est_07,gamma2p,momentos,500,172.28013771154457
est_07,gamma2p,mv,2,47.95740536284322
est_07,gamma2p,mv,5,73.44542873103008
est_07,gamma2p,mv,10,89.79701898710223
est_07,gamma2p,mv,20,104.99554655632191
est_07,gamma2p,mv,25,109.72402984012191
est_07,gamma2p,mv,50,124.04317392153813
est_07,gamma2p,mv,100,137.93959435140786
est_07,gamma2p,mv,200,151.53227886464813
est_07,gamma2p,mv,500,169.16455816288888
est_07,gamma2p,ml,2,47.33257987450344
est_07,gamma2p,ml,5,74.54842652634417
est_07,gamma2p,ml,10,92.22897994093447
est_07,gamma2p,ml,20,108.77384922679305
est_07,gamma2p,ml,25,113.93957837216063
est_07,gamma2p,ml,50,129.62902750871388
est_07,gamma2p,ml,100,144.91416622811334
est_07,gamma2p,ml,200,159.91392982706853
est_07,gamma2p,ml,500,179.4340894612544
est_07,gumbel,momentos,2,48.04055681368599
est_07,gumbel,momentos,5,73.1114645436117
est_07,gumbel,momentos,10,89.71058695248479
est_07,gumbel,momentos,20,105.63286368791451
est_07,gumbel,momentos,25,110.68362211951634
est_07,gumbel,momentos,50,126.24261770685918
est_07,gumbel,momentos,100,141.68672811309375
est_07,gumbel,momentos,200,157.0744855547132
est_07,gumbel,momentos,500,177.3757095981899
est_07,gumbel,mv,2,47.91394661297127
est_07,gumbel,mv,5,72.22710802210278
est_07,gumbel,mv,10,88.32453643292718
est_07,gumbel,mv,20,103.76557624048381
est_07,gumbel,mv,25,108.66367990345921
est_07,gumbel,mv,50,123.75241841879784
est_07,gumbel,mv,100,138.72974405743125
est_07,gumbel,mv,200,153.65241995065733
est_07,gumbel,mv,500,173.34005720293055
est_07,gumbel,ml,2,47.808653690155
est_07,gumbel,ml,5,74.0921750667965
est_07,gumbel,ml,10,91.49415322279033
est_07,gumbel,ml,20,108.18654846625958
est_07,gumbel,ml,25,113.4815987546383
est_07,gumbel,ml,50,129.79314189955846
est_07,gumbel,ml,100,145.98424317033326
est_07,gumbel,ml,200,162.11626583230554
est_07,gumbel,ml,500,183.39940650940977
est_07,gumbel,me,2,48.11899868425129
est_07,gumbel,me,5,72.73309303053051
est_07,gumbel,me,10,89.02976523078556
est_07,gumbel,me,20,104.66192446471828
est_07,gumbel,me,25,109.62065375744825
est_07,gumbel,me,50,124.89615113655066
est_07,gumbel,me,100,140.0588566408135
est_07,gumbel,me,200,155.1662359796789
est_07,gumbel,me,500,175.09755435610248
est_07,gve,momentos,2,4333.079216417993
est_07,gve,momentos,5,4358.0396224141605
est_07,gve,momentos,10,4374.725725970545
est_07,gve,momentos,20,4390.852394415697
est_07,gve,momentos,25,4395.9928767862175
est_07,gve,momentos,50,4411.904035983479
est_07,gve,momentos,100,4427.811474844516
est_07,gve,momentos,200,4443.77440410634
est_07,gve,momentos,500,4465.0092153348105
est_07,gve,mv,2,47.5022922706294
est_07,gve,mv,5,72.24361224657966
est_07,gve,mv,10,89.11980113452255
est_07,gve,mv,20,105.68894492954917
est_07,gve,mv,25,111.02426773429718
est_07,gve,mv,50,127.7043599539316
est_07,gve,mv,100,144.6326967213628
est_07,gve,mv,200,161.87550821111273
est_07,gve,mv,500,185.21289936287388
est_07,gve,ml,2,47.017533020636236
est_07,gve,ml,5,73.26569459628962
est_07,gve,ml,10,91.43070719543336
est_07,gve,ml,20,109.46828123678277
est_07,gve,ml,25,115.31887538269528
est_07,gve,ml,50,133.74202728423052
est_07,gve,ml,100,152.64228597503114
est_07,gve,ml,200,172.10142851518074
est_07,gve,ml,500,198.76832619256425
est_07,logpearson3,momentos_indirecto,2,43.40562513047452
est_07,logpearson3,momentos_indirecto,5,72.61780167537667
est_07,logpearson3,momentos_indirecto,10,97.84716542779718
est_07,logpearson3,momentos_indirecto,20,127.1326197386358
est_07,logpearson3,momentos_indirecto,25,137.58045720116934
est_07,logpearson3,momentos_indirecto,50,173.68767709824587
est_07,logpearson3,momentos_indirecto,100,216.10274800160934
est_07,logpearson3,momentos_indirecto,200,265.930567577304
est_07,logpearson3,momentos_indirecto,500,345.3266761414255
est_07,gen_exponencial,momentos,2,47.05295802122897
est_07,gen_exponencial,momentos,5,72.55287813206851
est_07,gen_exponencial,momentos,10,89.90115908431194
est_07,gen_exponencial,momentos,20,106.68571990747105
est_07,gen_exponencial,momentos,25,112.02636140540189
est_07,gen_exponencial,momentos,50,128.5069002881194
est_07,gen_exponencial,momentos,100,144.89107890854535
est_07,gen_exponencial,momentos,200,161.2279531934484
est_07,gen_exponencial,momentos,500,182.79029606031418
est_07,gen_exponencial,mv,2,46.9181919592715
est_07,gen_exponencial,mv,5,73.27251844520377
est_07,gen_exponencial,mv,10,91.24521453030465
est_07,gen_exponencial,mv,20,108.6470704413613
est_07,gen_exponencial,mv,25,114.18562056481267
est_07,gen_exponencial,mv,50,131.27948387753207
est_07,gen_exponencial,mv,100,148.27570920050297
est_07,gen_exponencial,mv,200,165.22399954205375
est_07,gen_exponencial,mv,500,187.5941382165571
est_07,gamma3p,momentos,2,48.32697831651731
est_07,gamma3p,momentos,5,74.24630528716987
est_07,gamma3p,momentos,10,90.55468755192601
est_07,gamma3p,momentos,20,105.55399955392622
est_07,gamma3p,momentos,25,110.19435727163675
est_07,gamma3p,momentos,50,124.18122556904105
est_07,gamma3p,momentos,100,137.67218384253857
est_07,gamma3p,momentos,200,150.79990414683556
est_07,gamma3p,momentos,500,167.74151671398369
est_07,gamma3p,mv,2,47.30088729283244
est_07,gamma3p,mv,5,73.49976533882602
est_07,gamma3p,mv,10,90.69061971438943
est_07,gamma3p,mv,20,106.86310764375564
est_07,gamma3p,mv,25,111.92674259434487
est_07,gamma3p,mv,50,127.34173376214618
est_07,gamma3p,mv,100,142.4048668966717
est_07,gamma3p,mv,200,157.22429755036774
est_07,gamma3p,mv,500,176.55801362501333
est_07,lognormal3p,momentos,2,48.63545056717432
est_07,lognormal3p,momentos,5,74.00409503362299
est_07,lognormal3p,momentos,10,90.05476391214587
est_07,lognormal3p,momentos,20,104.99705445878668
est_07,lognormal3p,momentos,25,109.66373293852949
est_07,lognormal3p,momentos,50,123.87332473022288
est_07,lognormal3p,momentos,100,137.80181819127262
est_07,lognormal3p,momentos,200,151.58321156677442
est_07,lognormal3p,momentos,500,169.72267875325196
est_07,lognormal3p,mv,2,47.30149461766841
est_07,lognormal3p,mv,5,72.79662533091452
est_07,lognormal3p,mv,10,90.13618345128788
est_07,lognormal3p,mv,20,107.04182290901072
est_07,lognormal3p,mv,25,112.4645165427308
est_07,lognormal3p,mv,50,129.37547185648867
est_07,lognormal3p,mv,100,146.51132460366244
est_07,lognormal3p,mv,200,163.9845014304554
est_07,lognormal3p,mv,500,187.73027438528268
est_07,normal,momentos,2,52.69473970649397
est_07,normal,momentos,5,76.55711139266857
est_07,normal,momentos,10,89.04252637077309
est_07,normal,momentos,20,99.35031732519593
est_07,normal,momentos,25,102.35248297456161
est_07,normal,momentos,50,110.9482589670081
est_07,normal,momentos,100,118.67866918127638
est_07,normal,momentos,200,125.75269577805454
est_07,normal,momentos,500,134.3245931048947
est_07,normal,mv,2,52.69473970649397
est_07,normal,mv,5,76.55711139266857
est_07,normal,mv,10,89.04252637077309
est_07,normal,mv,20,99.35031732519593
est_07,normal,mv,25,102.35248297456161
est_07,normal,mv,50,110.9482589670081
est_07,normal,mv,100,118.67866918127638
est_07,normal,mv,200,125.75269577805454
est_07,normal,mv,500,134.3245931048947
est_07,normal,ml,2,52.6947397190348
est_07,normal,ml,5,76.66158536751723
est_07,normal,ml,10,89.2016638464244
est_07,normal,ml,20,99.55458425310002
est_07,normal,ml,25,102.56989394971374
est_07,normal,ml,50,111.20330387012228
est_07,normal,ml,100,118.96755927781773
est_07,normal,ml,200,126.07255729678964
est_07,normal,ml,500,134.68198400629166
est_07,exponencial_x0_beta,mv,2,39.44892346960956
est_07,exponencial_x0_beta,mv,5,79.00214006217726
est_07,exponencial_x0_beta,mv,10,108.92299335634823
est_07,exponencial_x0_beta,mv,20,138.8438466505191
est_07,exponencial_x0_beta,mv,25,148.47620994891585
est_07,exponencial_x0_beta,mv,50,178.39706324308682
est_07,exponencial_x0_beta,mv,100,208.31791653725776
est_07,exponencial_x0_beta,mv,200,238.23876983142873
est_07,exponencial_x0_beta,mv,500,277.79198642399643
est_07,uniforme,momentos,2,52.69473684210525
est_07,uniforme,momentos,5,82.16566096098984
est_07,uniforme,momentos,10,91.98930233395134
est_07,uniforme,momentos,20,96.9011230204321
est_07,uniforme,momentos,25,97.88348715772827
est_07,uniforme,momentos,50,99.84821543232056
est_07,uniforme,momentos,100,100.8305795696167
est_07,uniforme,momentos,200,101.3217616382648
est_07,uniforme,momentos,500,101.61647087945363
est_07,uniforme,mv,2,65.9
est_07,uniforme,mv,5,98.36
est_07,uniforme,mv,10,109.18
est_07,uniforme,mv,20,114.58999999999999
est_07,uniforme,mv,25,115.672
est_07,uniforme,mv,50,117.836
est_07,uniforme,mv,100,118.91799999999999
est_07,uniforme,mv,200,119.459
est_07,uniforme,mv,500,119.78359999999999
est_07,exponencial_beta,momentos,2,36.52520827245353
est_07,exponencial_beta,momentos,5,84.80890725942217
est_07,exponencial_beta,momentos,10,121.33411553187571
est_07,exponencial_beta,momentos,20,157.85932380432916
est_07,exponencial_beta,momentos,25,169.61781451884426
est_07,exponencial_beta,momentos,50,206.1430227912978
est_07,exponencial_beta,momentos,100,242.6682310637513
est_07,exponencial_beta,momentos,200,279.19343933620485
est_07,exponencial_beta,momentos,500,327.4771383231735
est_07,exponencial_beta,mv,2,36.52520827245353
est_07,exponencial_beta,mv,5,84.80890725942217
est_07,exponencial_beta,mv,10,121.33411553187571
est_07,exponencial_beta,mv,20,157.85932380432916
est_07,exponencial_beta,mv,25,169.61781451884426
est_07,exponencial_beta,mv,50,206.1430227912978
est_07,exponencial_beta,mv,100,242.6682310637513
est_07,exponencial_beta,mv,200,279.19343933620485
est_07,exponencial_beta,mv,500,327.4771383231735
est_07,gen_pareto,mc,2,98.3260335382017
est_07,gen_pareto,mc,5,352.61895733797496
est_07,gen_pareto,mc,10,768.3933194129846
est_07,gen_pareto,mc,20,1585.820671843202
est_07,gen_pareto,mc,25,1990.2845121101716
est_07,gen_pareto,mc,50,3988.1027116003106
est_07,gen_pareto,mc,100,7915.885159021897
est_07,gen_pareto,mc,200,15638.046744200346
est_07,gen_pareto,mc,500,38332.185898003736
est_07,gen_pareto,mpp,2,6079.491620822325
est_07,gen_pareto,mpp,5,929126.2056244197
est_07,gen_pareto,mpp,10,40914407.47582181
est_07,gen_pareto,mpp,20,1801381453.0625978
est_07,gen_pareto,mpp,25,6092111673.303208
est_07,gen_pareto,mpp,50,268222750377.4831
est_07,gen_pareto,mpp,100,11809278269256.088
est_07,gen_pareto,mpp,200,519937451108116.1
est_07,gen_pareto,mpp,500,7.741782868750542e+16
est_08,gamma3p,momentos,2,143.0373749646217
est_08,gamma3p,momentos,5,223.6444684301069
est_08,gamma3p,momentos,10,274.3916430436625
est_08,gamma3p,momentos,20,321.0801274731053
est_08,gamma3p,momentos,25,335.52665314689614
est_08,gamma3p,momentos,50,379.07719928291505
est_08,gamma3p,momentos,100,421.0914435720023
est_08,gamma3p,momentos,200,461.9809201174488
est_08,gamma3p,momentos,500,514.7579663597068
est_08,gamma3p,mv,2,134.0188993476765
est_08,gamma3p,mv,5,220.44367641239035
est_08,gamma3p,mv,10,280.9045359628387
est_08,gamma3p,mv,20,339.70684899051935
est_08,gamma3p,mv,25,358.4382032959193
est_08,gamma3p,mv,50,416.272581153515
est_08,gamma3p,mv,100,473.82698508641465
est_08,gamma3p,mv,200,531.3162402574451
est_08,gamma3p,mv,500,607.4381147937418
est_08,gamma2p,momentos,2,140.6928339609956
est_08,gamma2p,momentos,5,221.681034584906
est_08,gamma2p,momentos,10,274.30399322290015
est_08,gamma2p,momentos,20,323.55161234978345
est_08,gamma2p,momentos,25,338.9287658346605
est_08,gamma2p,momentos,50,385.634536165084
est_08,gamma2p,momentos,100,431.1392534959531
est_08,gamma2p,momentos,200,475.7964863864519
est_08,gamma2p,momentos,500,533.9145104956023
est_08,gamma2p,mv,2,141.56865218722328
est_08,gamma2p,mv,5,220.1754075686488
est_08,gamma2p,mv,10,270.9546921784811
est_08,gamma2p,mv,20,318.3290599553624
est_08,gamma2p,mv,25,333.0969809724326
est_08,gamma2p,mv,50,377.89130146829297
est_08,gamma2p,mv,100,421.45617088302623
est_08,gamma2p,mv,200,464.1456931068651
est_08,gamma2p,mv,500,519.6208096066534
est_08,gamma2p,ml,2,139.76069790884617
est_08,gamma2p,ml,5,223.2143516887176
est_08,gamma2p,ml,10,277.76706929292266
est_08,gamma2p,ml,20,328.9850234899827
est_08,gamma2p,ml,25,345.0045045841312
est_08,gamma2p,ml,50,393.72934335821213
est_08,gamma2p,ml,100,441.28790938536895
est_08,gamma2p,ml,200,488.0323995882547
est_08,gamma2p,ml,500,548.9588909973326
est_08,lognormal2p,momentos,2,133.91757528867063
est_08,lognormal2p,momentos,5,218.11231338439958
est_08,lognormal2p,momentos,10,281.5281061420081
est_08,lognormal2p,momentos,20,347.5610291691016
est_08,lognormal2p,momentos,25,369.55863465852275
est_08,lognormal2p,momentos,50,440.5487172307529
est_08,lognormal2p,momentos,100,515.9671873396316
est_08,lognormal2p,momentos,200,596.2426794261773
est_08,lognormal2p,momentos,500,710.4306006618268
est_08,lognormal2p,mv,2,133.91757528867063
est_08,lognormal2p,mv,5,218.11231338439958
est_08,lognormal2p,mv,10,281.5281061420081
est_08,lognormal2p,mv,20,347.5610291691016
est_08,lognormal2p,mv,25,369.55863465852275
est_08,lognormal2p,mv,50,440.5487172307529
est_08,lognormal2p,mv,100,515.9671873396316
est_08,lognormal2p,mv,200,596.2426794261773
est_08,lognormal2p,mv,500,710.4306006618268
est_08,gve,momentos,2,12344.838689378737
est_08,gve,momentos,5,12422.424669999837
est_08,gve,momentos,10,12474.33672724362
est_08,gve,momentos,20,12524.54277627044
est_08,gve,momentos,25,12540.553366344802
est_08,gve,momentos,50,12590.131977835837
est_08,gve,momentos,100,12639.731441584172
est_08,gve,momentos,200,12689.536323978331
est_08,gve,momentos,500,12755.839601695181
est_08,gve,mv,2,135.10693809708704
est_08,gve,mv,5,214.17253240763318
est_08,gve,mv,10,274.20214075547005
est_08,gve,mv,20,338.3073467087419
est_08,gve,mv,25,360.0911349282791
est_08,gve,mv,50,431.94942285782156
est_08,gve,mv,100,510.9633717862831
est_08,gve,mv,200,598.12346825369
est_08,gve,mv,500,727.5338966801799
est_08,gve,ml,2,138.26517399116648
est_08,gve,ml,5,218.37111312260504
est_08,gve,ml,10,274.8786129575422
est_08,gve,ml,20,331.8362136816455
est_08,gve,ml,25,350.48922600579033
est_08,gve,ml,50,409.78914151061446
est_08,gve,ml,100,471.4996261794042
est_08,gve,ml,200,535.9435359715303
est_08,gve,ml,500,625.724542151095
est_08,lognormal3p,momentos,2,144.0051506260295
est_08,lognormal3p,momentos,5,222.88958249893216
est_08,lognormal3p,momentos,10,272.8279923743136
est_08,lognormal3p,momentos,20,319.3348012022559
est_08,lognormal3p,momentos,25,333.8625575754167
est_08,lognormal3p,momentos,50,378.1064840508969
est_08,lognormal3p,momentos,100,421.4864780414277
est_08,lognormal3p,momentos,200,464.418489234629
est_08,lognormal3p,momentos,500,520.941026160217
est_08,lognormal3p,mv,2,134.00192383813257
est_08,lognormal3p,mv,5,216.866340397166
est_08,lognormal3p,mv,10,278.9291371099106
est_08,lognormal3p,mv,20,343.31776902692985
est_08,lognormal3p,mv,25,364.7227354171651
est_08,lognormal3p,mv,50,433.66870352750107
est_08,lognormal3p,mv,100,506.72344065410556
est_08,lognormal3p,mv,200,584.2978875457109
est_08,lognormal3p,mv,500,694.3641255673454
est_08,gumbel,momentos,2,142.1900897613818
est_08,gumbel,momentos,5,220.1496695622036
est_08,gumbel,momentos,10,271.76569487721457
est_08,gumbel,momentos,20,321.2770255852304
est_08,gumbel,momentos,25,336.98267969416133
est_08,gumbel,momentos,50,385.3643646007764
est_08,gumbel,momentos,100,433.3888067405551
est_08,gumbel,momentos,200,481.23801575797313
est_08,gumbel,momentos,500,544.3659612205396
est_08,gumbel,mv,2,141.02459471023576
est_08,gumbel,mv,5,214.82212809652447
est_08,gumbel,mv,10,263.6825165335064
est_08,gumbel,mv,20,310.5505741892746
est_08,gumbel,mv,25,325.4177468500118
est_08,gumbel,mv,50,371.21646737034985
est_08,gumbel,mv,100,416.67701732742955
est_08,gumbel,mv,200,461.9716893740482
est_08,gumbel,mv,500,521.7294083713028
est_08,gumbel,ml,2,141.72499709521833
est_08,gumbel,ml,5,222.07805143619325
est_08,gumbel,ml,10,275.2787651598772
est_08,gumbel,ml,20,326.3101670355609
est_08,gumbel,ml,25,342.4980079821098
est_08,gumbel,ml,50,392.36508225754335
est_08,gumbel,ml,100,441.86394588420393
est_08,gumbel,ml,200,491.1821964721674
est_08,gumbel,ml,500,556.2482633384517
est_08,gumbel,me,2,142.5235675125096
est_08,gumbel,me,5,218.58090236184
est_08,gumbel,me,10,268.93747599916895
est_08,gumbel,me,20,317.2407104203452
est_08,gumbel,me,25,332.5631402826228
est_08,gumbel,me,50,379.7642927121082
est_08,gumbel,me,100,426.6169192412591
est_08,gumbel,me,200,473.2985884063744
est_08,gumbel,me,500,534.8861867318603
est_08,gen_exponencial,momentos,2,138.7126161910398
est_08,gen_exponencial,momentos,5,218.16024122262218
est_08,gen_exponencial,momentos,10,272.4146238678016
est_08,gen_exponencial,momentos,20,324.9683802857846
est_08,gen_exponencial,momentos,25,341.69740847773085
est_08,gen_exponencial,momentos,50,393.33338342442596
est_08,gen_exponencial,momentos,100,444.6783762182567
est_08,gen_exponencial,momentos,200,495.8805067447344
est_08,gen_exponencial,momentos,500,563.4638662319827
est_08,gen_exponencial,mv,2,138.3480118391339
est_08,gen_exponencial,mv,5,218.0652581005488
est_08,gen_exponencial,mv,10,272.5272007926954
est_08,gen_exponencial,mv,20,325.28916018281353
est_08,gen_exponencial,mv,25,342.085274098135
est_08,gen_exponencial,mv,50,393.92972924437635
est_08,gen_exponencial,mv,100,445.4832798841794
est_08,gen_exponencial,mv,200,496.89400456864615
est_08,gen_exponencial,mv,500,564.7531358423762
est_08,logpearson3,momentos_indirecto,2,131.96233976576778
est_08,logpearson3,momentos_indirecto,5,217.05737687912537
est_08,logpearson3,momentos_indirecto,10,284.00495629202294
est_08,logpearson3,momentos_indirecto,20,356.1557557856798
est_08,logpearson3,momentos_indirecto,25,380.7186000338
est_08,logpearson3,momentos_indirecto,50,461.7026161271787
est_08,logpearson3,momentos_indirecto,100,550.48165103683
est_08,logpearson3,momentos_indirecto,200,647.916102867075
est_08,logpearson3,momentos_indirecto,500,791.43709095588
est_08,exponencial_x0_beta,mv,2,119.7606572542592
est_08,exponencial_x0_beta,mv,5,229.9531261760652
est_08,exponencial_x0_beta,mv,10,313.3105110050752
est_08,exponencial_x0_beta,mv,20,396.66789583408513
est_08,exponencial_x0_beta,mv,25,423.50297992688104
est_08,exponencial_x0_beta,mv,50,506.86036475589106
est_08,exponencial_x0_beta,mv,100,590.2177495849011
est_08,exponencial_x0_beta,mv,200,673.5751344139111
est_08,exponencial_x0_beta,mv,500,783.7676033357171
est_08,normal,momentos,2,156.66256704653347
est_08,normal,momentos,5,230.86412726705413
est_08,normal,momentos,10,269.68831807088657
est_08,normal,momentos,20,301.7410486755434
est_08,normal,momentos,25,311.07647342514827
est_08,normal,momentos,50,337.8055847781143
est_08,normal,momentos,100,361.84378628579145
est_08,normal,momentos,200,383.8409212489736
est_08,normal,momentos,500,410.49578037473947
est_08,normal,mv,2,156.66256704653347
est_08,normal,mv,5,230.86412726705413
est_08,normal,mv,10,269.68831807088657
est_08,normal,mv,20,301.7410486755434
est_08,normal,mv,25,311.07647342514827
est_08,normal,mv,50,337.8055847781143
est_08,normal,mv,100,361.84378628579145
est_08,normal,mv,200,383.8409212489736
est_08,normal,mv,500,410.49578037473947
est_08,normal,ml,2,156.66256693478238
est_08,normal,ml,5,229.93316196569629
est_08,normal,ml,10,268.27024751128886
est_08,normal,ml,20,299.9208305554888
est_08,normal,ml,25,309.13912898798867
est_08,normal,ml,50,335.53288523326177
est_08,normal,ml,100,359.26949296369366
est_08,normal,ml,200,380.99064226214125
est_08,normal,ml,500,407.31107788109387
est_08,uniforme,momentos,2,156.66255813953487
est_08,uniforme,momentos,5,248.3042683400675
est_08,uniforme,momentos,10,278.8515050735783
est_08,uniforme,momentos,20,294.12512344033377
est_08,uniforme,momentos,25,297.17984711368484
est_08,uniforme,momentos,50,303.28929446038705
est_08,uniforme,momentos,100,306.34401813373813
est_08,uniforme,momentos,200,307.87137997041367
est_08,uniforme,momentos,500,308.787797072419
est_08,uniforme,mv,2,223.55
est_08,uniforme,mv,5,334.15999999999997
est_08,uniforme,mv,10,371.03
est_08,uniforme,mv,20,389.465
est_08,uniforme,mv,25,393.152
est_08,uniforme,mv,50,400.52599999999995
est_08,uniforme,mv,100,404.21299999999997
est_08,uniforme,mv,200,406.05649999999997
est_08,uniforme,mv,500,407.1626
est_08,exponencial_beta,momentos,2,108.5902104737271
est_08,exponencial_beta,momentos,5,252.13866052867888
est_08,exponencial_beta,momentos,10,360.728871002406
est_08,exponencial_beta,momentos,20,469.3190814761329
est_08,exponencial_beta,momentos,25,504.2773210573576
est_08,exponencial_beta,momentos,50,612.8675315310846
est_08,exponencial_beta,momentos,100,721.4577420048117
est_08,exponencial_beta,momentos,200,830.0479524785388
est_08,exponencial_beta,momentos,500,973.5964025334906
est_08,exponencial_beta,mv,2,108.5902104737271
est_08,exponencial_beta,mv,5,252.13866052867888
est_08,exponencial_beta,mv,10,360.728871002406
est_08,exponencial_beta,mv,20,469.3190814761329
est_08,exponencial_beta,mv,25,504.2773210573576
est_08,exponencial_beta,mv,50,612.8675315310846
est_08,exponencial_beta,mv,100,721.4577420048117
est_08,exponencial_beta,mv,200,830.0479524785388
est_08,exponencial_beta,mv,500,973.5964025334906
est_08,gen_pareto,mc,2,284.64034792035295
est_08,gen_pareto,mc,5,999.6096613309577
est_08,gen_pareto,mc,10,2159.0239056125797
est_08,gen_pareto,mc,20,4421.793989294599
est_08,gen_pareto,mc,25,5536.400524024897
est_08,gen_pareto,mc,50,11013.248951283369
est_08,gen_pareto,mc,100,21702.13675405491
est_08,gen_pareto,mc,200,42563.09793961563
est_08,gen_pareto,mc,500,103331.13049848263
est_08,gen_pareto,mpp,2,10124.089706690575
est_08,gen_pareto,mpp,5,793749.1331876803
est_08,gen_pareto,mpp,10,20908893.9497199
est_08,gen_pareto,mpp,20,550524099.1069392
est_08,gen_pareto,mpp,25,1577811831.3378503
est_08,gen_pareto,mpp,50,41542496869.643906
est_08,gen_pareto,mpp,100,1093779756837.5863
est_08,gen_pareto,mpp,200,28798320658475.918
est_08,gen_pareto,mpp,500,2173117016952433.0
est_09,gve,momentos,2,29.460533323273307
est_09,gve,momentos,5,35.765727260239174
est_09,gve,momentos,10,37.946441705477405
est_09,gve,momentos,20,39.218950654910614
est_09,gve,momentos,25,39.50949359075692
est_09,gve,momentos,50,40.16853904089054
est_09,gve,momentos,100,40.57611502274963
est_09,gve,momentos,200,40.829801987066794
est_09,gve,momentos,500,41.025284383772906
est_09,gve,ml,2,29.586395299452512
est_09,gve,ml,5,36.52463808314751
est_09,gve,ml,10,38.94729749685177
est_09,gve,ml,20,40.37115677878637
est_09,gve,ml,25,40.697839726655104
est_09,gve,ml,50,41.44204638285657
est_09,gve,ml,100,41.90543545646928
est_09,gve,ml,200,42.19582245848057
est_09,gve,ml,500,42.421302104735965
est_09,uniforme,momentos,2,27.598571428571436
est_09,uniforme,momentos,5,37.34377473217529
est_09,uniforme,momentos,10,40.59217583337657
est_09,uniforme,momentos,20,42.21637638397721
est_09,uniforme,momentos,25,42.54121649409734
est_09,uniforme,momentos,50,43.1908967143376
est_09,uniforme,momentos,100,43.51573682445773
est_09,uniforme,momentos,200,43.678156879517786
est_09,uniforme,momentos,500,43.775608912553835
est_09,uniforme,mv,2,25.269999999999996
est_09,uniforme,mv,5,33.838
est_09,uniforme,mv,10,36.693999999999996
est_09,uniforme,mv,20,38.12199999999999
est_09,uniforme,mv,25,38.407599999999995
est_09,uniforme,mv,50,38.97879999999999
est_09,uniforme,mv,100,39.264399999999995
est_09,uniforme,mv,200,39.407199999999996
est_09,uniforme,mv,500,39.49287999999999
est_09,normal,momentos,2,27.59857237574398
est_09,normal,momentos,5,35.48918559336347
est_09,normal,momentos,10,39.617760143678396
est_09,normal,momentos,20,43.02625585479631
est_09,normal,momentos,25,44.018987351309406
est_09,normal,momentos,50,46.861368006246224
est_09,normal,momentos,100,49.41759660818636
est_09,normal,momentos,200,51.75677766279502
est_09,normal,momentos,500,54.59126231657441
est_09,normal,mv,2,27.59857237574398
est_09,normal,mv,5,35.48918559336347
est_09,normal,mv,10,39.617760143678396
est_09,normal,mv,20,43.02625585479631
est_09,normal,mv,25,44.018987351309406
est_09,normal,mv,50,46.861368006246224
est_09,normal,mv,100,49.41759660818636
est_09,normal,mv,200,51.75677766279502
est_09,normal,mv,500,54.59126231657441
est_09,normal,ml,2,27.59857242636366
est_09,normal,ml,5,35.91088317905161
est_09,normal,ml,10,40.2601008737202
est_09,normal,ml,20,43.85075660206722
est_09,normal,ml,25,44.896542584146744
est_09,normal,ml,50,47.89082840574875
est_09,normal,ml,100,50.58366936857645
est_09,normal,ml,200,53.047863125950045
est_09,normal,ml,500,56.03383096091225
est_09,gumbel,momentos,2,26.059565376180455
est_09,gumbel,momentos,5,34.34980737362979
est_09,gumbel,momentos,10,39.838668933699424
est_09,gumbel,momentos,20,45.10371672171827
est_09,gumbel,momentos,25,46.77386006553732
est_09,gumbel,momentos,50,51.9187810251543
est_09,gumbel,momentos,100,57.02571269600807
est_09,gumbel,momentos,200,62.114010031042575
est_09,gumbel,momentos,500,68.82705217446549
est_09,gumbel,mv,2,26.385657518933264
est_09,gumbel,mv,5,36.76731317863407
est_09,gumbel,mv,10,43.64087256302155
est_09,gumbel,mv,20,50.23415574871122
est_09,gumbel,mv,25,52.32563306664781
est_09,gumbel,mv,50,58.768484531726216
est_09,gumbel,mv,100,65.16376299292632
est_09,gumbel,mv,200,71.53570615728198
est_09,gumbel,mv,500,79.94227522770464
est_09,gumbel,ml,2,25.903953700474396
est_09,gumbel,ml,5,35.01974643189688
est_09,gumbel,ml,10,41.05519441139632
est_09,gumbel,ml,20,46.84454101567891
est_09,gumbel,ml,25,48.68099893315629
est_09,gumbel,ml,50,54.3382563572278
est_09,gumbel,ml,100,59.95374148050445
est_09,gumbel,ml,200,65.54873664183928
est_09,gumbel,ml,500,72.9302703528667
est_09,gumbel,me,2,25.80447884490242
est_09,gumbel,me,5,35.45537288581053
est_09,gumbel,me,10,41.84510449289072
est_09,gumbel,me,20,47.97428845858448
est_09,gumbel,me,25,49.918547317286645
est_09,gumbel,me,50,55.90788840592889
est_09,gumbel,me,100,61.85300514012452
est_09,gumbel,me,200,67.77642914200067
est_09,gumbel,me,500,75.5912623444884
est_09,gamma2p,momentos,2,26.55007492589377
est_09,gamma2p,momentos,5,35.00578827254571
est_09,gamma2p,momentos,10,40.06972215769437
est_09,gamma2p,momentos,20,44.600883668983144
est_09,gamma2p,momentos,25,45.982008154209396
est_09,gamma2p,momentos,50,50.09349486697928
est_09,gamma2p,momentos,100,53.99418851298761
est_09,gamma2p,momentos,200,57.73653722263786
est_09,gamma2p,momentos,500,62.49817934312948
est_09,gamma2p,mv,2,26.425014007554118
est_09,gamma2p,mv,5,35.40015568243031
est_09,gamma2p,mv,10,40.81540738359909
est_09,gamma2p,mv,20,45.681393193155635
est_09,gamma2p,mv,25,47.16799082406513
est_09,gamma2p,mv,50,51.6020317454989
est_09,gamma2p,mv,100,55.81964239049634
est_09,gamma2p,mv,200,59.87507218006106
est_09,gamma2p,mv,500,65.04666625477257
est_09,gamma2p,ml,2,26.39752990143231
est_09,gamma2p,ml,5,35.483344838333586
est_09,gamma2p,ml,10,40.97405500994453
est_09,gamma2p,ml,20,45.91224534774982
est_09,gamma2p,ml,25,47.42163478477804
est_09,gamma2p,ml,50,51.925492720239426
est_09,gamma2p,ml,100,56.21184666615758
est_09,gamma2p,ml,200,60.3353076724451
est_09,gamma2p,ml,500,65.59613569652889
est_09,gen_exponencial,momentos,2,25.98852953558329
est_09,gen_exponencial,momentos,5,34.30971877491285
est_09,gen_exponencial,momentos,10,39.85036676660875
est_09,gen_exponencial,momentos,20,45.174650458622494
est_09,gen_exponencial,momentos,25,46.86466916345635
est_09,gen_exponencial,momentos,50,52.0727077720562
est_09,gen_exponencial,momentos,100,57.24396744948368
est_09,gen_exponencial,momentos,200,62.39718344243039
est_09,gen_exponencial,momentos,500,69.19646450477514
est_09,gen_exponencial,mv,2,26.01640454574436
est_09,gen_exponencial,mv,5,36.7228188118213
est_09,gen_exponencial,mv,10,43.904287522709424
est_09,gen_exponencial,mv,20,50.821409967621
est_09,gen_exponencial,mv,25,53.018849273800015
est_09,gen_exponencial,mv,50,59.79376256915702
est_09,gen_exponencial,mv,100,66.52365483134899
est_09,gen_exponencial,mv,200,73.23145501705304
est_09,gen_exponencial,mv,500,82.08288852267529
est_09,lognormal2p,momentos,2,25.833150291402852
est_09,lognormal2p,momentos,5,36.96270536905404
est_09,lognormal2p,momentos,10,44.58313467332831
est_09,lognormal2p,momentos,20,52.04499884588873
est_09,lognormal2p,momentos,25,54.444446985817
est_09,lognormal2p,momentos,50,61.94402037694325
est_09,lognormal2p,momentos,100,69.5669347142791
est_09,lognormal2p,momentos,200,77.36181012863248
est_09,lognormal2p,momentos,500,87.98663902859042
est_09,lognormal2p,mv,2,25.833150291402852
est_09,lognormal2p,mv,5,36.96270536905404
est_09,lognormal2p,mv,10,44.58313467332831
est_09,lognormal2p,mv,20,52.04499884588873
est_09,lognormal2p,mv,25,54.444446985817
est_09,lognormal2p,mv,50,61.94402037694325
est_09,lognormal2p,mv,100,69.5669347142791
est_09,lognormal2p,mv,200,77.36181012863248
est_09,lognormal2p,mv,500,87.98663902859042
est_09,gamma3p,momentos,2,26.116993238427177
est_09,gamma3p,momentos,5,34.69553765724211
est_09,gamma3p,momentos,10,40.11848946527634
est_09,gamma3p,momentos,20,45.11891537740456
est_09,gamma3p,momentos,25,46.66801979011967
est_09,gamma3p,momentos,50,51.342608046935226
est_09,gamma3p,momentos,100,55.858214150351145
est_09,gamma3p,momentos,200,60.25782782135144
est_09,gamma3p,momentos,500,65.94280326587766
est_09,gamma3p,mv,2,22.983015815022753
est_09,gamma3p,mv,5,37.487887660734515
est_09,gamma3p,mv,10,48.3222380679898
est_09,gamma3p,mv,20,59.20780272958913
est_09,gamma3p,mv,25,62.73287040064205
est_09,gamma3p,mv,50,73.76254397406095
est_09,gamma3p,mv,100,84.92574306467714
est_09,gamma3p,mv,200,96.23160530885205
est_09,gamma3p,mv,500,111.40255245746229
est_09,logpearson3,momentos_indirecto,2,22.790770117504113
est_09,logpearson3,momentos_indirecto,5,33.41242692731578
est_09,logpearson3,momentos_indirecto,10,44.60515499080049
est_09,logpearson3,momentos_indirecto,20,59.721144738329016
est_09,logpearson3,momentos_indirecto,25,65.6568833070375
est_09,logpearson3,momentos_indirecto,50,88.37244103626554
est_09,logpearson3,momentos_indirecto,100,119.47191375104292
est_09,logpearson3,momentos_indirecto,200,162.24711997953568
est_09,logpearson3,momentos_indirecto,500,244.84826969017095
est_09,exponencial_x0_beta,mv,2,21.652786630554637
est_09,exponencial_x0_beta,mv,5,39.40744671183619
est_09,exponencial_x0_beta,mv,10,52.83832858048606
est_09,exponencial_x0_beta,mv,20,66.26921044913591
est_09,exponencial_x0_beta,mv,25,70.59298866176759
est_09,exponencial_x0_beta,mv,50,84.02387053041747
est_09,exponencial_x0_beta,mv,100,97.45475239906733
est_09,exponencial_x0_beta,mv,200,110.88563426771721
est_09,exponencial_x0_beta,mv,500,128.64029434899876
est_09,exponencial_beta,momentos,2,19.12987197319655
est_09,exponencial_beta,momentos,5,44.418187186163415
est_09,exponencial_beta,momentos,10,63.54805915935997
est_09,exponencial_beta,momentos,20,82.67793113255648
est_09,exponencial_beta,momentos,25,88.8363743723268
est_09,exponencial_beta,momentos,50,107.96624634552334
est_09,exponencial_beta,momentos,100,127.09611831871989
est_09,exponencial_beta,momentos,200,146.22599029191645
est_09,exponencial_beta,momentos,500,171.5143055048833
est_09,exponencial_beta,mv,2,19.12987197319655
est_09,exponencial_beta,mv,5,44.418187186163415
est_09,exponencial_beta,mv,10,63.54805915935997
est_09,exponencial_beta,mv,20,82.67793113255648
est_09,exponencial_beta,mv,25,88.8363743723268
est_09,exponencial_beta,mv,50,107.96624634552334
est_09,exponencial_beta,mv,100,127.09611831871989
est_09,exponencial_beta,mv,200,146.22599029191645
est_09,exponencial_beta,mv,500,171.5143055048833
est_09,gen_pareto,momentos,2,194.0176366400374
est_09,gen_pareto,momentos,5,2800.4542703344223
est_09,gen_pareto,momentos,10,19305.01853068688
est_09,gen_pareto,momentos,20,132081.60372344908
est_09,gen_pareto,momentos,25,245229.29658172606
est_09,gen_pareto,momentos,50,1675834.4825523929
est_09,gen_pareto,momentos,100,11451237.52184374
est_09,gen_pareto,momentos,200,78247098.1252359
est_09,gen_pareto,momentos,500,992588509.7231568
est_09,gen_pareto,mc,2,48.94528858703514
est_09,gen_pareto,mc,5,164.63961669235272
est_09,gen_pareto,mc,10,360.30120341071637
est_09,gen_pareto,mc,20,756.76995651911
est_09,gen_pareto,mc,25,956.5881403370892
est_09,gen_pareto,mc,50,1965.0252014196412
est_09,gen_pareto,mc,100,4008.4195687115075
est_09,gen_pareto,mc,200,8148.946232614348
est_09,gen_pareto,mc,500,20767.37585433877
est_09,gen_pareto,mpp,2,69107.74912566753
est_09,gen_pareto,mpp,5,550685730.5380878
est_09,gen_pareto,mpp,10,491644148902.2842
est_09,gen_pareto,mpp,20,438932601290647.94
est_09,gen_pareto,mpp,25,3911345565799658.5
est_09,gen_pareto,mpp,50,3.491991285132737e+18
est_09,gen_pareto,mpp,100,3.1175980056749655e+21
est_09,gen_pareto,mpp,200,2.7833452409716054e+24
est_09,gen_pareto,mpp,500,2.214330240316357e+28
