fecha,caudal
1980-01-01,154.85531149034117
1980-01-02,169.76360094003178
1980-01-03,111.85191780987095
1980-01-04,238.97729558699587
1980-01-05,280.09610878141166
1980-01-06,197.32670399224406
1980-01-07,262.0130196688501
1980-01-08,99.47033620558445
1980-01-09,206.2058089771454
1980-01-10,297.6567900796132
1980-01-11,196.9853317982292
1980-01-12,258.95820347187544
1980-01-13,117.20706811049523
1980-01-14,61.05134190965415
1980-01-15,114.5318432964744
1980-01-16,244.84795667860533
1980-01-17,257.5087415216499
1980-01-18,203.4403696328587
1980-01-19,223.1179162617403
1980-01-20,255.29195762230293
1980-01-21,222.65393562269242
1980-01-22,101.04392071497627
1980-01-23,175.12030702679544
1980-01-24,285.84324086061935
1980-01-25,160.4616727252516
1980-01-26,111.76261490345874
1980-01-27,272.44910907991743
1980-01-28,249.40306812488575
1980-01-29,118.26699368193867
1980-01-30,171.79539892038048
1980-01-31,299.7654328996542
1980-02-01,196.71329761942243
1980-02-02,180.06501999782353
1980-02-03,195.48687918316872
1980-02-04,74.7677723690715
1980-02-05,212.41694826079976
1980-02-06,186.15314483539908
1980-02-07,55.211893873530606
1980-02-08,241.8782413574438
1980-02-09,109.05240285379126
1980-02-10,294.542729595131
1980-02-11,221.07448083888445
1980-02-12,160.5601705574781
1980-02-13,210.79185955247675
1980-02-14,94.29952274688989
1980-02-15,167.63739567348495
1980-02-16,227.57279144043258
1980-02-17,257.53850737719983
1980-02-18,239.21402181472695
1980-02-19,99.00441559485458
1980-02-20,100.14472158177182
1980-02-21,163.8517610355221
1980-02-22,277.12926500803894
1980-02-23,63.29109991379751
1980-02-24,200.3698165698769
1980-02-25,272.7697316917371
1980-02-26,293.4785337824921
1980-02-27,106.29359594002608
1980-02-28,105.3517600059584
1980-02-29,186.41245891274872
1980-03-01,203.77665198642973
1980-03-02,123.53011509983523
1980-03-03,268.9751238618143
1980-03-04,70.94225369171085
1980-03-05,221.82124679016002
1980-03-06,173.9848486406457
1980-03-07,217.45395548498027
1980-03-08,287.57212381237065
1980-03-09,254.9439517627761
1980-03-10,101.30613301638712
1980-03-11,192.15234222082756
1980-03-12,88.8975219571355
1980-03-13,285.0016711027026
1980-03-14,60.771735478454474
1980-03-15,134.86231246401735
1980-03-16,252.42388000173315
1980-03-17,233.5701750148687
1980-03-18,255.60303859800808
1980-03-19,61.94776100963038
1980-03-20,224.6709435017705
1980-03-21,208.47887822284625
1980-03-22,113.7545135560625
1980-03-23,115.78631430223652
1980-03-24,185.93079398267375
1980-03-25,279.1697039324689
1980-03-26,98.69813333014444
1980-03-27,245.2672489827618
1980-03-28,215.05434601539008
1980-03-29,281.9559373239344
1980-03-30,295.7481393683067
1980-03-31,250.776329202336
1980-04-01,195.12513582928858
1980-04-02,260.1592086402517
1980-04-03,60.95858334773983
1980-04-04,129.99453167471677
1980-04-05,268.28013469886196
1980-04-06,125.49090819628023
1980-04-07,85.12246538321214
1980-04-08,111.3972669848721
1980-04-09,230.18333088678702
1980-04-10,138.63971078540098
1980-04-11,141.78024028476628
1980-04-12,229.96456299170802
1980-04-13,59.527779159146625
1980-04-14,160.5325092648239
1980-04-15,218.74343884732988
1980-04-16,140.87819823841124
1980-04-17,226.54312363896597
1980-04-18,55.03114249981657
1980-04-19,259.2463167102018
1980-04-20,57.99137479364079
1980-04-21,191.6193769993299
1980-04-22,243.80267722859367
1980-04-23,247.09951074963575
1980-04-24,92.9753998813693
1980-04-25,83.57728236884253
1980-04-26,273.60957878525926
1980-04-27,209.9554154713134
1980-04-28,179.52863731049945
1980-04-29,174.33483821585997
1980-04-30,128.3268401430414
1980-05-01,277.1195242987201
1980-05-02,209.3444049024943
1980-05-03,140.12603080267942
1980-05-04,239.45475937583777
1980-05-05,210.85964127998403
1980-05-06,74.10501315977243
1980-05-07,266.4030254500059
1980-05-08,103.29774962920914
1980-05-09,164.7770678862566
1980-05-10,189.4369717755255
1980-05-11,88.47748956607097
1980-05-12,178.5036988846032
1980-05-13,147.1736983011554
1980-05-14,54.0082606293306
1980-05-15,94.23709009590307
1980-05-16,105.64448294670221
1980-05-17,106.54547264327597
1980-05-18,252.62755509400444
1980-05-19,94.08824573223231
1980-05-20,258.0331052487402
1980-05-21,207.3139815922461
1980-05-22,249.68811523110136
1980-05-23,224.52899335963934
1980-05-24,265.56617610117655
1980-05-25,129.83371999862322
1980-05-26,67.78026610629735
1980-05-27,228.6495874282784
1980-05-28,233.76798386440913
1980-05-29,77.04789608399183
1980-05-30,163.7758418739545
1980-05-31,223.25248682227058
1980-06-01,151.0006155343251
1980-06-02,89.33814799558705
1980-06-03,261.6344842915811
1980-06-04,229.66321535749455
1980-06-05,71.43746413537947
1980-06-06,257.7831257969747
1980-06-07,145.35616168974582
1980-06-08,254.17296084892348
1980-06-09,60.98938637123964
1980-06-10,126.75326863206874
1980-06-11,170.29687453871327
1980-06-12,79.74483516909743
1980-06-13,195.28615252761426
1980-06-14,165.18718850747817
1980-06-15,113.86216013107776
1980-06-16,269.20064858372433
1980-06-17,134.62636615948585
1980-06-18,128.89631618285264
1980-06-19,241.2613841724405
1980-06-20,198.18930677298388
1980-06-21,188.04654328193692
1980-06-22,182.03911640501983
1980-06-23,273.75752095987116
1980-06-24,283.39162400032
1980-06-25,56.753760456158105
1980-06-26,182.0101134085408
1980-06-27,54.983103595958546
1980-06-28,226.79555030125846
1980-06-29,51.96330218218726
1980-06-30,129.47874848907932
1980-07-01,175.00737300888764
1980-07-02,264.1839633759373
1980-07-03,135.59550208585114
1980-07-04,259.313234365216
1980-07-05,261.0087470769622
1980-07-06,94.62758999430406
1980-07-07,125.05313187539362
1980-07-08,203.90177132959568
1980-07-09,115.3112716448945
1980-07-10,203.8850675808012
1980-07-11,276.4050148183425
1980-07-12,132.04580355437116
1980-07-13,258.61989584018454
1980-07-14,179.13557314206236
1980-07-15,121.77592124214566
1980-07-16,77.11246365012282
1980-07-17,237.3328433337069
1980-07-18,135.6469579059917
1980-07-19,220.66470840063116
1980-07-20,186.77965462678495
1980-07-21,230.11082947657954
1980-07-22,230.02931949667766
1980-07-23,120.19909689616449
1980-07-24,256.56315606818725
1980-07-25,172.28006646819802
1980-07-26,193.22903722868043
1980-07-27,229.1473540341785
1980-07-28,180.64923403113605
1980-07-29,299.19404581605045
1980-07-30,203.62026986305352
1980-07-31,96.47826826165482
1980-08-01,210.8190990593386
1980-08-02,93.70178003698705
1980-08-03,222.98782910381584
1980-08-04,201.5288010290198
1980-08-05,163.57647046256275
1980-08-06,53.43895347759948
1980-08-07,267.548538155246
1980-08-08,294.0570439240057
1980-08-09,58.76899145358418
1980-08-10,257.04291255351023
1980-08-11,69.44240732030578
1980-08-12,282.29414698284967
1980-08-13,89.70125601340123
1980-08-14,274.7497900313037
1980-08-15,108.68511044009894
1980-08-16,227.2887304749196
1980-08-17,125.60007330569094
1980-08-18,259.03276813567766
1980-08-19,93.44933853924442
1980-08-20,176.9922694691104
1980-08-21,287.1064800253051
1980-08-22,127.94486962594227
1980-08-23,299.2283638277114
1980-08-24,262.5597285224727
1980-08-25,95.72704502488028
1980-08-26,250.1167730623121
1980-08-27,271.43870481373693
1980-08-28,93.29061840438365
1980-08-29,95.22806373542892
1980-08-30,226.72502056612043
1980-08-31,232.07004328919967
1980-09-01,50.00312494490867
1980-09-02,271.1870899054875
1980-09-03,288.20482767238593
1980-09-04,156.37435051041035
1980-09-05,104.77296323851277
1980-09-06,56.225803284154175
1980-09-07,66.36123260401271
1980-09-08,97.10776101463821
1980-09-09,118.442739492176
1980-09-10,235.98851787723478
1980-09-11,50.91252757294297
1980-09-12,163.09074851371622
1980-09-13,264.73875802125053
1980-09-14,107.46199770699906
1980-09-15,66.06675532307072
1980-09-16,280.80509436127466
1980-09-17,75.99612718821814
1980-09-18,297.66153930719236
1980-09-19,229.61344182730443
1980-09-20,229.42885366409612
1980-09-21,82.21111886158928
1980-09-22,219.77364942821032
1980-09-23,59.21095688453896
1980-09-24,188.8983732642073
1980-09-25,96.60269363875288
1980-09-26,177.940264551219
1980-09-27,253.65672004881202
1980-09-28,149.0028581515948
1980-09-29,287.8643017189827
1980-09-30,298.65527693629156
1980-10-01,286.5136394487936
1980-10-02,132.86732694374433
1980-10-03,64.10173648743188
1980-10-04,154.10688706719287
1980-10-05,77.19417904807133
1980-10-06,238.3750725570667
1980-10-07,252.63520008390933
1980-10-08,177.5505894147371
1980-10-09,229.55864959058047
1980-10-10,237.12526750924744
1980-10-11,109.25423115265323
1980-10-12,225.50021143551723
1980-10-13,237.3311707152207
1980-10-14,93.10170554039328
1980-10-15,90.27344201785954
1980-10-16,209.6848534018133
1980-10-17,155.9577297490738
1980-10-18,203.68536838270532
1980-10-19,57.18435753311211
1980-10-20,204.0704905231755
1980-10-21,90.93442256104862
1980-10-22,157.46468363444552
1980-10-23,179.07599710341046
1980-10-24,245.98458193706935
1980-10-25,124.41607524610774
1980-10-26,189.21696105945517
1980-10-27,89.76560582109818
1980-10-28,89.26259487092202
1980-10-29,201.03664076566454
1980-10-30,210.20330767856902
1980-10-31,106.00185221790076
1980-11-01,178.83710710916057
1980-11-02,59.902085692086146
1980-11-03,172.30817510902298
1980-11-04,75.32295965282982
1980-11-05,140.4449271848716
1980-11-06,130.81144268589458
1980-11-07,204.10171090447255
1980-11-08,105.32596254186862
1980-11-09,215.87245668402122
1980-11-10,220.07605412419966
1980-11-11,135.90483240951397
1980-11-12,183.67544304171562
1980-11-13,72.65319630861562
1980-11-14,244.75377035736
1980-11-15,81.46538887047262
1980-11-16,236.8192958512055
1980-11-17,68.5152748940306
1980-11-18,61.22811511062355
1980-11-19,275.8918602753515
1980-11-20,107.84837753561683
1980-11-21,274.14193809696303
1980-11-22,145.4733926179685
1980-11-23,164.40991664567377
1980-11-24,235.6002391343894
1980-11-25,52.487142270710365
1980-11-26,227.87481887116658
1980-11-27,202.61427478895658
1980-11-28,291.1578462097815
1980-11-29,170.08382051832936
1980-11-30,185.77729213984728
1980-12-01,72.7508975273199
1980-12-02,137.15203894489798
1980-12-03,285.17717102148345
1980-12-04,80.66918458828641
1980-12-05,68.87924622261951
1980-12-06,135.44970844071702
1980-12-07,113.57168433101185
1980-12-08,239.57402108206702
1980-12-09,93.9676915812203
1980-12-10,194.77632898681577
1980-12-11,64.65883949474971
1980-12-12,220.7624632693062
1980-12-13,145.16684263912273
1980-12-14,75.99815949426122
1980-12-15,165.57221425092905
1980-12-16,287.5677744681468
1980-12-17,171.01373630594023
1980-12-18,61.065742846183554
1980-12-19,284.31669318886554
1980-12-20,118.4637491644654
1980-12-21,214.5315887606205
1980-12-22,220.86204659827254
1980-12-23,205.0746430969713
1980-12-24,137.7293233142928
1980-12-25,114.66821285359464
1980-12-26,267.06313450833477
1980-12-27,117.37675153865258
1980-12-28,230.37176161670894
1980-12-29,168.80341117335155
1980-12-30,177.28993682704163
1980-12-31,194.36529169793798
1981-01-01,226.1703438078216
1981-01-02,172.2902102465655
1981-01-03,136.0949246180425
1981-01-04,79.4635323243751
1981-01-05,154.90353121904175
1981-01-06,256.0654618432094
1981-01-07,155.824190066649
1981-01-08,270.23052191783177
1981-01-09,91.6449521647091
1981-01-10,139.70784385018942
1981-01-11,170.8669338691177
1981-01-12,297.93933450094096
1981-01-13,96.44308796387287
1981-01-14,52.9778292030837
1981-01-15,252.62807045307144
1981-01-16,66.52119964223964
1981-01-17,179.40039816979547
1981-01-18,248.58049940078294
1981-01-19,297.53398512140893
1981-01-20,253.11634827210042
1981-01-21,164.88720612675792
1981-01-22,221.4245872168988
1981-01-23,227.03856263159454
1981-01-24,191.8532193900474
1981-01-25,246.1050652208355
1981-01-26,281.1926190491692
1981-01-27,290.2051199084379
1981-01-28,241.30912445703325
1981-01-29,110.1053315729205
1981-01-30,211.7092509434743
1981-01-31,92.31764735865839
1981-02-01,286.73263870244404
1981-02-02,114.85077628548127
1981-02-03,193.89471491544245
1981-02-04,223.32785794205986
1981-02-05,218.38906205323593
1981-02-06,285.48143276799715
1981-02-07,104.08152629192111
1981-02-08,237.36517935298397
1981-02-09,118.58346976145971
1981-02-10,176.4638161591484
1981-02-11,183.0784210901765
1981-02-12,79.5514280294723
1981-02-13,236.29227066539607
1981-02-14,251.16173086828508
1981-02-15,172.29896844780035
1981-02-16,116.1279435930223
1981-02-17,53.459593375489455
1981-02-18,144.62369054686758
1981-02-19,111.36626390749039
1981-02-20,124.4539718191257
1981-02-21,290.02557268723217
1981-02-22,243.37254694432963
1981-02-23,203.0869091786294
1981-02-24,56.90953732355412
1981-02-25,227.5466534076862
1981-02-26,270.9240562556097
1981-02-27,65.70018220576303
1981-02-28,257.513178677882
1981-03-01,298.57590431407175
1981-03-02,294.2755115883653
1981-03-03,135.17576404897966
1981-03-04,125.15613002735086
1981-03-05,61.420125813814295
1981-03-06,177.17808783197398
1981-03-07,128.94992847518864
1981-03-08,219.40882467779036
1981-03-09,65.83977502635106
1981-03-10,204.97437983510872
1981-03-11,234.2527038294252
1981-03-12,80.9127057253352
1981-03-13,218.6615742258026
1981-03-14,116.01355340876606
1981-03-15,237.67499330573023
1981-03-16,297.59749471582836
1981-03-17,132.63983491885983
1981-03-18,211.93482770787685
1981-03-19,64.13366910894487
1981-03-20,70.50558734265826
1981-03-21,131.54224578855482
1981-03-22,270.4781618674248
1981-03-23,177.89661266004745
1981-03-24,87.41726214268212
1981-03-25,215.04021081936085
1981-03-26,223.73292953804904
1981-03-27,209.42557517728883
1981-03-28,226.7924251619854
1981-03-29,91.73678932113685
1981-03-30,295.5428671495987
1981-03-31,126.82146695787739
1981-04-01,57.490257488629
1981-04-02,240.35327898825517
1981-04-03,159.87477329470707
1981-04-04,259.8504858589688
1981-04-05,180.9024945036924
1981-04-06,210.9412671200071
1981-04-07,129.9067892116999
1981-04-08,176.82134465151591
1981-04-09,155.88948314845192
1981-04-10,280.6851932865693
1981-04-11,235.7753748445476
1981-04-12,189.8232588085282
1981-04-13,283.9897058809436
1981-04-14,213.3132228146868
1981-04-15,230.79075788872353
1981-04-16,278.3723762315802
1981-04-17,199.16431646617096
1981-04-18,119.52431204699886
1981-04-19,102.58950208175017
1981-04-20,287.5638979127056
1981-04-21,116.63402382749479
1981-04-22,72.38376043139081
1981-04-23,272.8954282511087
1981-04-24,61.92900460671004
1981-04-25,226.89938291575118
1981-04-26,161.0544232776266
1981-04-27,264.428127737324
1981-04-28,57.31998783875698
1981-04-29,178.51045062340822
1981-04-30,87.96864225109853
1981-05-01,207.35004271437703
1981-05-02,101.71632868562162
1981-05-03,161.34242741497218
1981-05-04,172.7283883765703
1981-05-05,111.1449271392911
1981-05-06,285.78718365556745
1981-05-07,219.1179624557713
1981-05-08,65.75182749879123
1981-05-09,299.72239890787927
1981-05-10,153.55612142021147
1981-05-11,67.9233833752809
1981-05-12,250.12196707488414
1981-05-13,170.78924433624837
1981-05-14,266.9948259464744
1981-05-15,266.63718394521084
1981-05-16,188.58098333166748
1981-05-17,260.8060219479264
1981-05-18,276.6408577937762
1981-05-19,108.75140029555062
1981-05-20,270.80951811733485
1981-05-21,137.8749753174045
1981-05-22,116.8918656022423
1981-05-23,193.62278882181187
1981-05-24,247.32019522793917
1981-05-25,168.4705454938149
1981-05-26,126.76598035289486
1981-05-27,62.03830589429225
1981-05-28,182.2780483324123
1981-05-29,145.72956932925825
1981-05-30,188.51220511312735
1981-05-31,69.96647810795166
1981-06-01,236.53576498210617
1981-06-02,87.83960993904198
1981-06-03,267.3480697799549
1981-06-04,295.430443277575
1981-06-05,61.26605748388484
1981-06-06,133.993668773217
1981-06-07,175.4263748288739
1981-06-08,100.64231383628476
1981-06-09,216.70689350343963
1981-06-10,231.8269631465372
1981-06-11,78.82230631955721
1981-06-12,201.40984283077455
1981-06-13,283.2161872360685
1981-06-14,95.74004676765841
1981-06-15,92.24216432040481
1981-06-16,143.09963061841694
1981-06-17,83.91602062886403
1981-06-18,243.1413575057672
1981-06-19,270.8699366434287
1981-06-20,53.217417969016424
1981-06-21,210.9406558143351
1981-06-22,294.3236541194194
1981-06-23,213.8089490288951
1981-06-24,73.75350951117206
1981-06-25,290.8873748375719
1981-06-26,268.1799173268223
1981-06-27,153.56067060209807
1981-06-28,118.81308220131413
1981-06-29,215.3697644794896
1981-06-30,110.26970054468796
1981-07-01,136.8106151416798
1981-07-02,103.49091013822435
1981-07-03,261.73010497690706
1981-07-04,284.6522640339874
1981-07-05,61.30738485106767
1981-07-06,248.13870472989458
1981-07-07,114.46049393820613
1981-07-08,212.92434284009295
1981-07-09,91.41544323505312
1981-07-10,223.28983048553445
1981-07-11,243.20456236772296
1981-07-12,220.96934411856964
1981-07-13,174.4887792748436
1981-07-14,168.63030020174915
1981-07-15,255.18320274744872
1981-07-16,140.94444708369633
1981-07-17,99.78359629542878
1981-07-18,206.3068717290382
1981-07-19,255.99026050551444
1981-07-20,184.44776844711896
1981-07-21,198.7089683097475
1981-07-22,240.0779606489868
1981-07-23,196.72476236057912
1981-07-24,111.89705375958762
1981-07-25,95.2584632600819
1981-07-26,260.18083528536647
1981-07-27,108.60642574394276
1981-07-28,186.4232369872782
1981-07-29,59.03167762553653
1981-07-30,150.88604509375693
1981-07-31,273.61930818678826
1981-08-01,265.21698629179946
1981-08-02,151.9813724379497
1981-08-03,134.22273173786755
1981-08-04,90.06596040594063
1981-08-05,171.07112352365118
1981-08-06,215.0348263299022
1981-08-07,271.0494686381096
1981-08-08,292.2712263840359
1981-08-09,208.50098539949997
1981-08-10,186.1280017064319
1981-08-11,271.53322271147783
1981-08-12,97.07055049805811
1981-08-13,266.5321194139233
1981-08-14,262.0830428415034
1981-08-15,282.36064651528
1981-08-16,204.71968267833768
1981-08-17,197.12054462103373
1981-08-18,119.26720461593105
1981-08-19,104.3839598003687
1981-08-20,77.74025367711738
1981-08-21,147.89720698609847
1981-08-22,143.49489027315116
1981-08-23,188.9315576109122
1981-08-24,247.57326467268885
1981-08-25,260.6935660808898
1981-08-26,154.75885081419722
1981-08-27,67.50914107318077
1981-08-28,294.2736206364546
1981-08-29,121.54762605855791
1981-08-30,285.78401421963594
1981-08-31,279.67036182946447
1981-09-01,247.71352889031908
1981-09-02,181.7394630401328
1981-09-03,250.20151496859754
1981-09-04,260.07323718303
1981-09-05,286.1588674348819
1981-09-06,54.29241380732198
1981-09-07,206.66577820702085
1981-09-08,207.85211373341508
1981-09-09,287.7701281787048
1981-09-10,282.0379045885869
1981-09-11,56.04141405201283
1981-09-12,193.38363238130248
1981-09-13,245.08142730490326
1981-09-14,87.6784052088698
1981-09-15,111.17672893970125
1981-09-16,233.0044227444784
1981-09-17,110.33007362826781
1981-09-18,163.73641417684047
1981-09-19,191.49598372508416
1981-09-20,116.36127954696353
1981-09-21,146.20298845417952
1981-09-22,212.68000216385389
1981-09-23,267.89027976541905
1981-09-24,121.24058575521592
1981-09-25,107.87704946528338
1981-09-26,101.84666969044096
1981-09-27,260.76254535364455
1981-09-28,95.42162937144829
1981-09-29,69.80784986820397
1981-09-30,222.61316650532686
1981-10-01,123.51723014591133
1981-10-02,51.15181038020793
1981-10-03,181.42338664763236
1981-10-04,107.84529460936902
1981-10-05,72.1955442904522
1981-10-06,215.0767631047409
1981-10-07,193.47839544708057
1981-10-08,244.45894679701385
1981-10-09,146.85692527293335
1981-10-10,297.9379828030318
1981-10-11,122.72998184998245
1981-10-12,80.28575283105003
1981-10-13,235.30929928332571
1981-10-14,212.02378674085065
1981-10-15,252.84334438887618
1981-10-16,263.26623504646295
1981-10-17,285.52593034159804
1981-10-18,267.9952517495243
1981-10-19,122.44201134803399
1981-10-20,255.85668094313147
1981-10-21,187.80776518894538
1981-10-22,70.62620455793882
1981-10-23,292.069099593027
1981-10-24,189.39825093528736
1981-10-25,156.53539751304413
1981-10-26,242.10257062424532
1981-10-27,266.4177303422762
1981-10-28,245.61079176546872
1981-10-29,95.62053684971664
1981-10-30,135.12680940486214
1981-10-31,165.75390552135008
1981-11-01,113.50414200262428
1981-11-02,271.508057257871
1981-11-03,86.02997148385947
1981-11-04,205.819232967943
1981-11-05,131.44295655293894
1981-11-06,93.66886872764886
1981-11-07,76.9971535840147
1981-11-08,106.73141233785213
1981-11-09,231.94531614821597
1981-11-10,292.70938503309833
1981-11-11,267.9345650354121
1981-11-12,240.8389223839033
1981-11-13,185.15305682545343
1981-11-14,123.45282254446747
1981-11-15,98.48295989441374
1981-11-16,99.50720937991335
1981-11-17,185.85152828360964
1981-11-18,224.90733910679464
1981-11-19,224.88096246883615
1981-11-20,153.9849044783412
1981-11-21,260.6313317347369
1981-11-22,132.59847320528303
1981-11-23,185.98950987601822
1981-11-24,184.25400489463186
1981-11-25,140.43615256644625
1981-11-26,67.69873154349524
1981-11-27,216.39027271994823
1981-11-28,229.85205011153457
1981-11-29,297.0593942855083
1981-11-30,62.382593786140035
1981-12-01,236.77492259280086
1981-12-02,94.67812966042636
1981-12-03,132.46968083790645
1981-12-04,244.63578409869402
1981-12-05,166.99086666234444
1981-12-06,233.26720241940302
1981-12-07,102.64671692137365
1981-12-08,225.26172188951412
1981-12-09,277.01563172761786
1981-12-10,292.54646263040024
1981-12-11,249.18753762853552
1981-12-12,56.12906312778494
1981-12-13,179.72506960234327
1981-12-14,272.6851119308611
1981-12-15,225.61427729688654
1981-12-16,133.43321302672592
1981-12-17,175.5723398711244
1981-12-18,286.962157155785
1981-12-19,84.12494271004402
1981-12-20,255.66760339733347
1981-12-21,167.95669225831165
1981-12-22,289.3743890486685
1981-12-23,246.72530348497608
1981-12-24,123.17473900046048
1981-12-25,274.8276026842135
1981-12-26,116.25112011488734
1981-12-27,98.35576269190992
1981-12-28,286.1515246230333
1981-12-29,248.35926861891832
1981-12-30,274.7935330903896
1981-12-31,241.34784297858354
1982-01-01,145.93277357603318
1982-01-02,144.59655121047393
1982-01-03,164.06076760673318
1982-01-04,120.9780018200106
1982-01-05,260.54119510159285
1982-01-06,57.775066622425996
1982-01-07,162.5360092940705
1982-01-08,99.4145920984951
1982-01-09,265.4715377422155
1982-01-10,211.0399424722069
1982-01-11,204.36008785875273
1982-01-12,255.64485192269663
1982-01-13,213.93672253204994
1982-01-14,234.8912310125008
1982-01-15,147.70657554585793
1982-01-16,57.248509588504064
1982-01-17,112.80006500975784
1982-01-18,199.98808087168769
1982-01-19,191.25588075741572
1982-01-20,102.01466870005947
1982-01-21,252.6187790669092
1982-01-22,299.52689541319177
1982-01-23,82.65124206400277
1982-01-24,204.00720262035654
1982-01-25,248.2592604270505
1982-01-26,89.56120545686667
1982-01-27,227.4126690453311
1982-01-28,254.77259112881887
1982-01-29,143.3922445942252
1982-01-30,163.29050174745018
1982-01-31,108.04768809626265
1982-02-01,108.72469791870063
1982-02-02,115.94508042840245
1982-02-03,215.33476334444887
1982-02-04,242.96824742521855
1982-02-05,107.3544187902531
1982-02-06,271.6127315321389
1982-02-07,232.58511933170044
1982-02-08,222.21702353805526
1982-02-09,204.72890622815953
1982-02-10,85.40629700582024
1982-02-11,197.27290578561232
1982-02-12,107.38147842760779
1982-02-13,236.75711791190258
1982-02-14,75.03836019721555
1982-02-15,138.24141895032687
1982-02-16,297.38143906085764
1982-02-17,102.59083627876862
1982-02-18,260.3117886495245
1982-02-19,230.0367430358698
1982-02-20,246.89254566517624
1982-02-21,274.9328012283313
1982-02-22,187.9644000126
1982-02-23,280.27003730795593
1982-02-24,133.33184097634393
1982-02-25,92.95232736690232
1982-02-26,155.83230218252984
1982-02-27,273.301706373013
1982-02-28,253.21445830905512
1982-03-01,290.50813378376256
1982-03-02,229.36489745421193
1982-03-03,273.66355945871663
1982-03-04,127.79326868041908
1982-03-05,168.7083796381362
1982-03-06,94.5363514959723
1982-03-07,87.18244681797556
1982-03-08,58.78826503717892
1982-03-09,145.5304055171415
1982-03-10,106.57023271825432
1982-03-11,147.6473487723684
1982-03-12,234.67837786002846
1982-03-13,62.13423172191757
1982-03-14,165.36454963400615
1982-03-15,231.76952650407773
1982-03-16,54.59781639497342
1982-03-17,146.39856572263747
1982-03-18,264.9929610589422
1982-03-19,54.98034690374322
1982-03-20,257.7705103836514
1982-03-21,275.66617414789243
1982-03-22,191.08735188185562
1982-03-23,250.99624715358607
1982-03-24,240.2397319700048
1982-03-25,96.19544368351642
1982-03-26,119.61771153184573
1982-03-27,259.8236879548922
1982-03-28,258.9911497020284
1982-03-29,58.31597785906341
1982-03-30,281.8688524312955
1982-03-31,294.394624890334
1982-04-01,237.04352354801242
1982-04-02,134.38015048107434
1982-04-03,55.02024600789169
1982-04-04,227.11728677632115
1982-04-05,167.41097536576984
1982-04-06,82.8364447439601
1982-04-07,136.96746080636484
1982-04-08,123.32458557010243
1982-04-09,226.60284525802393
1982-04-10,237.07065376305403
1982-04-11,53.999486310297314
1982-04-12,263.28635403841594
1982-04-13,285.2858419618412
1982-04-14,234.37628579840677
1982-04-15,167.28239459348237
1982-04-16,172.9502003408262
1982-04-17,188.3523883732014
1982-04-18,57.7300497224321
1982-04-19,231.91521515710562
1982-04-20,250.31039610699196
1982-04-21,99.5609514524879
1982-04-22,231.58869857316796
1982-04-23,254.31480841972424
1982-04-24,122.3251326874384
1982-04-25,144.61469016452864
1982-04-26,298.6160388212801
1982-04-27,72.10804437134081
1982-04-28,57.18152032275335
1982-04-29,208.25063527227945
1982-04-30,88.21750376616745
1982-05-01,235.16561039057626
1982-05-02,168.82385904088062
1982-05-03,102.59511639722555
1982-05-04,62.13961084910387
1982-05-05,261.44590955245724
1982-05-06,87.33953641000149
1982-05-07,242.60286821197138
1982-05-08,280.24582634917385
1982-05-09,62.3198369215835
1982-05-10,229.24359026357365
1982-05-11,81.7166646320297
1982-05-12,124.777271127348
1982-05-13,232.2172093847992
1982-05-14,102.6107585910039
1982-05-15,198.49398284065424
1982-05-16,66.64799539007738
1982-05-17,259.50374468231064
1982-05-18,134.63804505025124
1982-05-19,187.48272368009324
1982-05-20,200.08666521853112
1982-05-21,189.49964954659427
1982-05-22,129.1603217084164
1982-05-23,290.7230052506201
1982-05-24,288.10966904252376
1982-05-25,146.90718368241275
1982-05-26,275.8125903816912
1982-05-27,164.98215612395956
1982-05-28,103.10370092500638
1982-05-29,57.72933786999272
1982-05-30,203.46867623788947
1982-05-31,57.039629035262784
1982-06-01,227.95354163382692
1982-06-02,107.69900295227254
1982-06-03,133.74605585506373
1982-06-04,220.44608072699918
1982-06-05,84.13127735662324
1982-06-06,158.0139248237813
1982-06-07,143.41246401810602
1982-06-08,52.58057740762996
1982-06-09,123.240417896406
1982-06-10,276.64698854932567
1982-06-11,136.7905442962697
1982-06-12,137.54540519757813
1982-06-13,111.31897041419032
1982-06-14,254.09577274470757
1982-06-15,156.2562508125382
1982-06-16,269.2349837678569
1982-06-17,199.5507309463716
1982-06-18,74.39566690843509
1982-06-19,235.54102534115052
1982-06-20,282.02515678272437
1982-06-21,127.11232162405193
1982-06-22,282.60479287302087
1982-06-23,238.0478556347613
1982-06-24,230.61830833999494
1982-06-25,161.58121754891852
1982-06-26,221.84980589460676
1982-06-27,161.938406085062
1982-06-28,93.69000123034903
1982-06-29,206.5999074079122
1982-06-30,185.89848332630697
1982-07-01,99.21373594047984
1982-07-02,270.9327692642863
1982-07-03,211.09569081828087
1982-07-04,80.77540157604511
1982-07-05,183.97321036342396
1982-07-06,202.64802458152093
1982-07-07,268.6245132907251
1982-07-08,213.15572227718164
1982-07-09,148.93366629986366
1982-07-10,100.08482528202163
1982-07-11,69.1057954973913
1982-07-12,295.2305380075195
1982-07-13,253.65237556128235
1982-07-14,183.24993911863587
1982-07-15,166.39334750621958
1982-07-16,234.04297648831528
1982-07-17,247.63199912514082
1982-07-18,61.85458913658452
1982-07-19,202.4850360841954
1982-07-20,297.9010784618789
1982-07-21,232.50607994977508
1982-07-22,221.99978226402766
1982-07-23,201.8915869153154
1982-07-24,68.38963278864739
1982-07-25,72.19348917219935
1982-07-26,279.7558697872159
1982-07-27,277.12262472614236
1982-07-28,279.75152166765247
1982-07-29,86.76480210325087
1982-07-30,243.83550091371373
1982-07-31,187.60082045598145
1982-08-01,261.1786720182089
1982-08-02,232.92276364485906
1982-08-03,56.09944599965981
1982-08-04,88.99451966087403
1982-08-05,179.77268245866827
1982-08-06,269.36549022225887
1982-08-07,192.39744480088257
1982-08-08,253.3922818395529
1982-08-09,122.84159915746216
1982-08-10,200.79638954397566
1982-08-11,144.72513132337792
1982-08-12,59.17122854198374
1982-08-13,50.42738011224647
1982-08-14,109.32217522231842
1982-08-15,66.43124371499005
1982-08-16,268.0494788834609
1982-08-17,253.00606378592684
1982-08-18,294.1472829583704
1982-08-19,128.6077263138988
1982-08-20,297.2212755546709
1982-08-21,228.78850324444284
1982-08-22,250.9771314202328
1982-08-23,229.04916845412617
1982-08-24,252.5870630355132
1982-08-25,279.727717445351
1982-08-26,158.8260002661636
1982-08-27,249.31551771325823
1982-08-28,212.9764667186081
1982-08-29,94.18393444657967
1982-08-30,112.1414911110702
1982-08-31,113.4233296750295
1982-09-01,223.54245399805725
1982-09-02,84.59918047865895
1982-09-03,193.0313229566848
1982-09-04,242.9108551480121
1982-09-05,173.77950591800874
1982-09-06,247.72005834193652
1982-09-07,244.37697070125625
1982-09-08,247.69626050102804
1982-09-09,249.02875078195717
1982-09-10,112.29116822286743
1982-09-11,269.15694099045555
1982-09-12,134.70254780097002
1982-09-13,77.64995815402169
1982-09-14,141.2482004982407
1982-09-15,298.4118187021942
1982-09-16,263.8292830283939
1982-09-17,128.43681757566526
1982-09-18,163.26848106944604
1982-09-19,98.4120894703099
1982-09-20,213.2691399447659
1982-09-21,264.08127032960164
1982-09-22,253.45055577174335
1982-09-23,203.91517406037485
1982-09-24,198.18635401531856
1982-09-25,190.65054134471904
1982-09-26,175.21967175981294
1982-09-27,121.76038338307542
1982-09-28,242.13079819842534
1982-09-29,72.6587001973788
1982-09-30,89.52259819190706
1982-10-01,83.60873992376861
1982-10-02,73.73598640478005
1982-10-03,278.9088093790153
1982-10-04,268.2786025613394
1982-10-05,110.05179823714388
1982-10-06,103.52160669095824
1982-10-07,61.68825853755942
1982-10-08,116.07800935976968
1982-10-09,246.90179894994563
1982-10-10,280.33311698846694
1982-10-11,206.3400511529354
1982-10-12,106.92012563948789
1982-10-13,51.77458483080697
1982-10-14,160.9263990689485
1982-10-15,137.442790494647
1982-10-16,119.1562754279142
1982-10-17,165.86012084723305
1982-10-18,128.46514073507126
1982-10-19,109.19511016699802
1982-10-20,93.3197232400081
1982-10-21,256.129027881376
1982-10-22,255.0899168432933
1982-10-23,275.72514752165705
1982-10-24,212.00991760632414
1982-10-25,220.3976706440857
1982-10-26,213.27912392993343
1982-10-27,223.0081131028409
1982-10-28,285.2911880039528
1982-10-29,293.6300904241774
1982-10-30,70.69901897086282
1982-10-31,192.99254577560424
1982-11-01,201.54339455860853
1982-11-02,62.92748948505756
1982-11-03,234.04421207784605
1982-11-04,121.12286840735324
1982-11-05,162.18692205275306
1982-11-06,100.99715189426915
1982-11-07,114.45036612625368
1982-11-08,64.35373124899542
1982-11-09,261.3250243067914
1982-11-10,177.78439334455362
1982-11-11,251.25447417838345
1982-11-12,257.350414992872
1982-11-13,153.4496086540347
1982-11-14,247.6943434492126
1982-11-15,236.6719181613593
1982-11-16,296.4370333381391
1982-11-17,70.7471195947396
1982-11-18,184.74511748276072
1982-11-19,226.71067898575765
1982-11-20,93.7115690289902
1982-11-21,125.58591590192582
1982-11-22,274.91929386281663
1982-11-23,220.4378272160679
1982-11-24,88.48976991104585
1982-11-25,130.55002474615952
1982-11-26,169.75773812489123
1982-11-27,233.35685828492112
1982-11-28,106.70212863237461
1982-11-29,258.87695961820054
1982-11-30,106.79780790965253
1982-12-01,75.68502489876428
1982-12-02,154.1721073395435
1982-12-03,283.9749720968333
1982-12-04,81.62742427705956
1982-12-05,123.25692374230036
1982-12-06,105.82840526169412
1982-12-07,118.37228131158288
1982-12-08,206.45326905960712
1982-12-09,89.34388220462334
1982-12-10,196.36083603734193
1982-12-11,290.5219674268888
1982-12-12,236.82362943879923
1982-12-13,242.111795823363
1982-12-14,256.59771788991645
1982-12-15,250.84047524962605
1982-12-16,107.63380927454483
1982-12-17,91.95621138298159
1982-12-18,98.7058476757658
1982-12-19,52.174812182175884
1982-12-20,69.30875698661933
1982-12-21,234.83738228913995
1982-12-22,287.5563917660098
1982-12-23,84.12921463741466
1982-12-24,287.95732020483206
1982-12-25,166.6805139934049
1982-12-26,282.49094596899533
1982-12-27,237.52881156503602
1982-12-28,73.32918532546003
1982-12-29,76.52610310752863
1982-12-30,143.5403965849888
1982-12-31,192.1148347712891
1983-01-01,238.82858161882695
1983-01-02,293.9112328806931
1983-01-03,121.19348421099694
1983-01-04,143.3383581522914
1983-01-05,155.22081370735424
1983-01-06,298.75331816131495
1983-01-07,126.45869119347276
1983-01-08,197.60196455865628
1983-01-09,87.01185142341464
1983-01-10,268.7582056106835
1983-01-11,87.04393185137914
1983-01-12,89.0084431576663
1983-01-13,223.61468424933346
1983-01-14,291.9906143925737
1983-01-15,150.19162516047817
1983-01-16,135.43162596109994
1983-01-17,156.79811719055368
1983-01-18,111.84058646332878
1983-01-19,178.04836723912808
1983-01-20,239.37676642403767
1983-01-21,166.83431614202902
1983-01-22,134.67039062660598
1983-01-23,197.07282595016454
1983-01-24,194.2893690675335
1983-01-25,195.327956886483
1983-01-26,161.86744476034968
1983-01-27,256.24582498593776
1983-01-28,238.7135365713511
1983-01-29,284.96979226339806
1983-01-30,198.04645333540165
1983-01-31,208.30760079756269
1983-02-01,210.71775934169543
1983-02-02,246.22113634389052
1983-02-03,66.63667124081611
1983-02-04,247.52495297964614
1983-02-05,85.93861752806122
1983-02-06,209.2283766730251
1983-02-07,235.8134310122802
1983-02-08,80.95200490174027
1983-02-09,190.2729402347068
1983-02-10,104.45916492470653
1983-02-11,156.07324914686035
1983-02-12,283.79472179611923
1983-02-13,194.9555571494146
1983-02-14,268.7069176168611
1983-02-15,215.9643021548586
1983-02-16,52.03137332766715
1983-02-17,92.89605050134915
1983-02-18,119.32630379060683
1983-02-19,191.39465253437075
1983-02-20,239.92592165769165
1983-02-21,129.79386052401807
1983-02-22,231.0627957348228
1983-02-23,132.06465999530366
1983-02-24,157.29095876793036
1983-02-25,246.03799211687442
1983-02-26,232.9117111952787
1983-02-27,120.92414229271645
1983-02-28,51.78052085136626
1983-03-01,107.77101002894952
1983-03-02,290.2629889229778
1983-03-03,112.69024832203412
1983-03-04,154.49909259483414
1983-03-05,133.47286712725574
1983-03-06,122.16431255086283
1983-03-07,223.74249255850336
1983-03-08,175.38608446112804
1983-03-09,107.66534603342555
1983-03-10,180.52115260138794
1983-03-11,263.2412861466438
1983-03-12,210.5639203518259
1983-03-13,161.09459568705176
1983-03-14,266.028211075714
1983-03-15,163.79732716913634
1983-03-16,111.61557508423776
1983-03-17,246.6690872021437
1983-03-18,216.78889761075888
1983-03-19,164.23700781628222
1983-03-20,237.87280555693064
1983-03-21,231.36838892143376
1983-03-22,226.69903057541913
1983-03-23,215.09713969378865
1983-03-24,210.2199062810574
1983-03-25,227.25523282807768
1983-03-26,282.35952775748933
1983-03-27,218.64468799978584
1983-03-28,102.50031801689778
1983-03-29,170.85873105530493
1983-03-30,198.73796033646977
1983-03-31,207.5393659073056
1983-04-01,172.43133533818616
1983-04-02,285.5127860933886
1983-04-03,191.6746936255402
1983-04-04,290.17391253567905
1983-04-05,76.06086996618373
1983-04-06,258.2417328876907
1983-04-07,219.315312255171
1983-04-08,163.26594650914768
1983-04-09,188.06397913475757
1983-04-10,170.32310392455028
1983-04-11,176.9038526145631
1983-04-12,128.8624281712021
1983-04-13,145.14225051559922
1983-04-14,143.7431344345247
1983-04-15,101.07812559193349
1983-04-16,144.05621738061632
1983-04-17,169.80382308870787
1983-04-18,201.62409832180947
1983-04-19,145.3257210574812
1983-04-20,96.09397662699519
1983-04-21,73.2629694039017
1983-04-22,50.970232376639565
1983-04-23,284.2825519997914
1983-04-24,134.25907356519195
1983-04-25,174.92128372244363
1983-04-26,166.07732746270665
1983-04-27,90.3617176171048
1983-04-28,133.89622042904216
1983-04-29,123.21052769955547
1983-04-30,94.70224836858503
1983-05-01,243.89528776132553
1983-05-02,174.19704551036986
1983-05-03,167.68275285630992
1983-05-04,279.10032051705
1983-05-05,242.73364892422143
1983-05-06,195.84294511559972
1983-05-07,123.17919492188815
1983-05-08,117.41375014565534
1983-05-09,240.15126827489354
1983-05-10,167.8637171094898
1983-05-11,77.06549091327389
1983-05-12,246.37989404294865
1983-05-13,165.24957247653208
1983-05-14,263.7681090517452
1983-05-15,196.44618150165692
1983-05-16,61.26354317048614
1983-05-17,62.377443431620975
1983-05-18,296.1448579087995
1983-05-19,259.33388072246714
1983-05-20,134.0001810411324
1983-05-21,160.33500652880838
1983-05-22,52.98235511075409
1983-05-23,250.44682456399826
1983-05-24,86.52070804072588
1983-05-25,143.14452765979024
1983-05-26,119.01903609512813
1983-05-27,152.80101088357765
1983-05-28,239.29988286504533
1983-05-29,152.79837299854202
1983-05-30,131.3028209529374
1983-05-31,214.77244127707954
1983-06-01,110.68512286461538
1983-06-02,79.38239682926479
1983-06-03,198.59118955903432
1983-06-04,115.80950791306422
1983-06-05,226.3867058240424
1983-06-06,261.58513328270897
1983-06-07,64.1782760340578
1983-06-08,165.23606515086664
1983-06-09,217.09599826127283
1983-06-10,140.18941438688535
1983-06-11,145.6950607405385
1983-06-12,285.6582334460742
1983-06-13,115.411669139122
1983-06-14,177.54653275101438
1983-06-15,284.94252390794736
1983-06-16,284.4919748694721
1983-06-17,196.03528530896386
1983-06-18,200.37512765114164
1983-06-19,272.04010277758533
1983-06-20,86.99195013878011
1983-06-21,64.52215599276465
1983-06-22,222.43839247444876
1983-06-23,135.48908904577297
1983-06-24,104.57163396974646
1983-06-25,248.79204708835047
1983-06-26,252.08759642395162
1983-06-27,226.14619376510635
1983-06-28,161.70593626617682
1983-06-29,145.56655835166396
1983-06-30,106.20104219796951
1983-07-01,73.55386627914832
1983-07-02,206.5120121726175
1983-07-03,52.83689440396806
1983-07-04,113.07422031681062
1983-07-05,69.24005481677396
1983-07-06,101.1120124946219
1983-07-07,85.86600442470237
1983-07-08,261.9988739282762
1983-07-09,126.86359653919942
1983-07-10,255.6196644516321
1983-07-11,122.14830750980855
1983-07-12,173.21813763810337
1983-07-13,139.35178222711522
1983-07-14,282.45916767273405
1983-07-15,141.2169615413901
1983-07-16,174.33395428326617
1983-07-17,287.86439312030035
1983-07-18,206.55800695866463
1983-07-19,55.09406491282394
1983-07-20,88.90270871498751
1983-07-21,203.6867918778156
1983-07-22,113.93467475871626
1983-07-23,86.23650124632341
1983-07-24,95.85418548344137
1983-07-25,81.24182471035967
1983-07-26,146.91313778799923
1983-07-27,206.92873412461287
1983-07-28,82.8027310585536
1983-07-29,148.27554746811478
1983-07-30,149.34905896045683
1983-07-31,250.74870680294885
1983-08-01,65.51944538329059
1983-08-02,128.94924945209038
1983-08-03,231.36025752832848
1983-08-04,250.08154143297193
1983-08-05,255.85562656125515
1983-08-06,97.53644550453168
1983-08-07,270.9265735871157
1983-08-08,150.98171549494793
1983-08-09,90.6757992381649
1983-08-10,96.00233099888766
1983-08-11,292.6182237455342
1983-08-12,203.25161628999723
1983-08-13,244.73578115471935
1983-08-14,270.50361403886217
1983-08-15,158.46295821869734
1983-08-16,265.39551518676495
1983-08-17,277.6384059487774
1983-08-18,87.10689939503453
1983-08-19,158.01567830903224
1983-08-20,121.17757959574305
1983-08-21,191.68790451259798
1983-08-22,76.1906952051226
1983-08-23,296.1471683566566
1983-08-24,189.21903414106336
1983-08-25,100.7509258295275
1983-08-26,116.45099425097948
1983-08-27,297.8221876207608
1983-08-28,252.46960789615053
1983-08-29,199.54799996585294
1983-08-30,164.3994552975164
1983-08-31,154.0079668929498
1983-09-01,192.2320239476059
1983-09-02,92.27599402261254
1983-09-03,184.7605677818237
1983-09-04,154.35735393016202
1983-09-05,109.94247011000795
1983-09-06,243.78295986395116
1983-09-07,260.4265016044266
1983-09-08,286.8336957003115
1983-09-09,212.5274350873246
1983-09-10,299.1154180686382
1983-09-11,247.7207437715436
1983-09-12,238.1577099191425
1983-09-13,282.0749654090595
1983-09-14,181.72608070062049
1983-09-15,195.6254195384374
1983-09-16,199.11131379008472
1983-09-17,65.91083512352462
1983-09-18,193.55196204325802
1983-09-19,141.23463803117093
1983-09-20,269.29925584106354
1983-09-21,168.52891281725573
1983-09-22,270.23683226600633
1983-09-23,219.45124028551132
1983-09-24,280.74765224297255
1983-09-25,79.72062757977864
1983-09-26,139.8180394953057
1983-09-27,91.87950259329604
1983-09-28,97.4466082146952
1983-09-29,98.80718903468818
1983-09-30,66.205544984473
1983-10-01,272.00375486877965
1983-10-02,215.58330773088207
1983-10-03,133.8590535106823
1983-10-04,271.92766788448216
1983-10-05,229.79499861913735
1983-10-06,66.54514312943894
1983-10-07,85.66844672411429
1983-10-08,217.98559958200718
1983-10-09,278.37830340502876
1983-10-10,127.83423365288725
1983-10-11,214.13735894276982
1983-10-12,181.97815739081958
1983-10-13,278.1629815313704
1983-10-14,164.74352395792727
1983-10-15,196.92316182608334
1983-10-16,87.611936735757
1983-10-17,255.8473143660832
1983-10-18,259.53889237942906
1983-10-19,267.4955097829751
1983-10-20,173.72468462456175
1983-10-21,219.84227034032278
1983-10-22,51.495577249601254
1983-10-23,195.74107359453262
1983-10-24,295.77549825515916
1983-10-25,236.87850821156448
1983-10-26,66.80439034553171
1983-10-27,88.09717592289022
1983-10-28,259.683296399545
1983-10-29,221.63220706853323
1983-10-30,125.00650562335632
1983-10-31,269.9194564777198
1983-11-01,221.2179825846996
1983-11-02,58.43075736563251
1983-11-03,207.7625400179128
1983-11-04,96.85234059234921
1983-11-05,261.4778499692417
1983-11-06,135.4948558915939
1983-11-07,269.7774161972634
1983-11-08,263.8142227858315
1983-11-09,110.52005664480441
1983-11-10,173.21112777635244
1983-11-11,137.76746098015673
1983-11-12,141.1862914990436
1983-11-13,75.04653528063051
1983-11-14,296.52095203120354
1983-11-15,52.8863279031219
1983-11-16,166.86731920071458
1983-11-17,120.59958767808614
1983-11-18,229.24365191379874
1983-11-19,70.28695217648432
1983-11-20,233.80351657481756
1983-11-21,270.1928941742932
1983-11-22,157.14519488458055
1983-11-23,109.14046410559992
1983-11-24,59.26231851454074
1983-11-25,71.57041797949887
1983-11-26,230.11656179986005
1983-11-27,177.1467913248931
1983-11-28,234.4839691137404
1983-11-29,118.55244311014685
1983-11-30,52.23072761649929
1983-12-01,292.1755524068702
1983-12-02,225.02026886469795
1983-12-03,158.71386098937876
1983-12-04,182.2063284952007
1983-12-05,214.57446412649566
1983-12-06,270.6646143826704
1983-12-07,246.04278324161263
1983-12-08,193.7248884139758
1983-12-09,294.9967048464061
1983-12-10,132.39870018483163
1983-12-11,85.80101625018
1983-12-12,64.37690343210099
1983-12-13,107.24427243239793
1983-12-14,64.05884136334868
1983-12-15,244.11562602883077
1983-12-16,193.64635972279393
1983-12-17,163.30114531840348
1983-12-18,61.22411818597199
1983-12-19,276.67116240032607
1983-12-20,255.96869025071913
1983-12-21,126.01811332795666
1983-12-22,256.493960606369
1983-12-23,173.04815386618063
1983-12-24,193.6365364937001
1983-12-25,73.32364692021682
1983-12-26,106.6378923058104
1983-12-27,104.08955911120167
1983-12-28,208.94287746937843
1983-12-29,297.3083287961485
1983-12-30,216.11556302792118
1983-12-31,178.900469308924
1984-01-01,236.70184171993483
1984-01-02,272.40333590970397
1984-01-03,174.3233926374083
1984-01-04,101.94107450214162
1984-01-05,286.95082381384395
1984-01-06,284.74361678569704
1984-01-07,143.18138407715298
1984-01-08,157.19532809515476
1984-01-09,233.06473180666435
1984-01-10,254.58444629484742
1984-01-11,68.39067436750908
1984-01-12,93.33706964550294
1984-01-13,215.0881763018265
1984-01-14,102.16971629796748
1984-01-15,169.4258617928128
1984-01-16,192.86836363003783
1984-01-17,286.7181399398947
1984-01-18,51.83034667227541
1984-01-19,193.93997541574518
1984-01-20,294.5466847416038
1984-01-21,248.05810853822223
1984-01-22,201.97378732232042
1984-01-23,101.34448718246945
1984-01-24,246.75855691080758
1984-01-25,239.64151202998923
1984-01-26,133.88732974397158
1984-01-27,251.86875451280147
1984-01-28,270.90869646128215
1984-01-29,288.35899187915203
1984-01-30,104.61652321418231
1984-01-31,257.65468661202056
1984-02-01,147.279728793101
1984-02-02,125.05767879975025
1984-02-03,59.96043205098515
1984-02-04,165.1003716247122
1984-02-05,197.92554395985854
1984-02-06,62.33664188748915
1984-02-07,275.9200507558035
1984-02-08,260.16138769421923
1984-02-09,244.7300561225068
1984-02-10,221.0578678278727
1984-02-11,192.307289519039
1984-02-12,249.27413958498465
1984-02-13,77.08090534763433
1984-02-14,260.053056218775
1984-02-15,65.72851907394981
1984-02-16,112.06872948725945
1984-02-17,293.6117381865573
1984-02-18,147.79318733607943
1984-02-19,162.190337944619
1984-02-20,166.50154007809962
1984-02-21,64.35892827720068
1984-02-22,188.38315542935686
1984-02-23,63.15475850669739
1984-02-24,225.88222358211257
1984-02-25,238.27654633068926
1984-02-26,179.80695926338186
1984-02-27,235.4782709212006
1984-02-28,281.9893108637629
1984-02-29,194.3125344670912
1984-03-01,102.60352214937535
1984-03-02,152.07823442307503
1984-03-03,256.3366983956779
1984-03-04,224.37308313859347
1984-03-05,266.945694978176
1984-03-06,141.77810171450386
1984-03-07,177.2255038770964
1984-03-08,50.185015355053494
1984-03-09,259.1610121789489
1984-03-10,150.86922343486344
1984-03-11,264.91532327915763
1984-03-12,256.90214190390486
1984-03-13,92.05580744077287
1984-03-14,76.31771679193112
1984-03-15,117.29828714615226
1984-03-16,246.76448011477208
1984-03-17,167.1652389944313
1984-03-18,197.55294151092997
1984-03-19,194.83198261043685
1984-03-20,84.22296051608534
1984-03-21,266.8095744625334
1984-03-22,201.7675055854362
1984-03-23,263.1221612841283
1984-03-24,238.9365287196327
1984-03-25,75.25270597379453
1984-03-26,123.18459220136789
1984-03-27,269.1202111293884
1984-03-28,297.67433878469365
1984-03-29,153.80368463133757
1984-03-30,197.41843321228126
1984-03-31,161.62139615913406
1984-04-01,53.658140537939616
1984-04-02,205.7485459432573
1984-04-03,225.9434438768914
1984-04-04,110.54199569973986
1984-04-05,170.99659429999556
1984-04-06,201.42762016752727
1984-04-07,261.43371518892053
1984-04-08,164.2469304168124
1984-04-09,258.2275304076422
1984-04-10,252.22943215201792
1984-04-11,266.43204190058566
1984-04-12,116.45397002551698
1984-04-13,292.8616272664614
1984-04-14,287.01439056748814
1984-04-15,277.25396845132127
1984-04-16,128.51112739398707
1984-04-17,190.09399727637216
1984-04-18,86.11341964700254
1984-04-19,112.8196246887756
1984-04-20,74.57219129469397
1984-04-21,191.46316247643819
1984-04-22,234.16223865525834
1984-04-23,100.58114652807646
1984-04-24,275.74150861234585
1984-04-25,207.45041433371617
1984-04-26,150.9723514502969
1984-04-27,60.37679032781047
1984-04-28,172.70831784694678
1984-04-29,253.5669854630783
1984-04-30,281.75503380815763
1984-05-01,218.2032331672912
1984-05-02,115.2190493229248
1984-05-03,231.32708383852463
1984-05-04,229.17105158758847
1984-05-05,173.30809718089301
1984-05-06,141.3802777215938
1984-05-07,233.77998441920036
1984-05-08,138.1474627845807
1984-05-09,112.52178992667277
1984-05-10,120.29636304281087
1984-05-11,194.2865413786976
1984-05-12,112.5069285734481
1984-05-13,206.26093998961304
1984-05-14,264.2071669124828
1984-05-15,189.95066775965998
1984-05-16,211.6513867004935
1984-05-17,217.83977750048592
1984-05-18,165.88014354837117
1984-05-19,287.32566791320437
1984-05-20,163.80157073894947
1984-05-21,78.56081972976446
1984-05-22,282.21598136443924
1984-05-23,272.08741367576147
1984-05-24,270.85182014894815
1984-05-25,180.2388042328977
1984-05-26,224.26961362836803
1984-05-27,249.12448023733708
1984-05-28,119.07693432271894
1984-05-29,248.25851910482916
1984-05-30,281.45481202899344
1984-05-31,166.7339273566016
1984-06-01,77.00250727420175
1984-06-02,247.44627374931557
1984-06-03,216.2871889475224
1984-06-04,218.76791700289374
1984-06-05,195.55313410359776
1984-06-06,134.95257636018323
1984-06-07,165.18972663926422
1984-06-08,93.82292144654781
1984-06-09,82.6948473301288
1984-06-10,192.71637317667458
1984-06-11,276.42528385789626
1984-06-12,254.4122427412476
1984-06-13,178.99125127264963
1984-06-14,209.9260787887132
1984-06-15,52.01980932249421
1984-06-16,161.66196238987982
1984-06-17,117.24543885399376
1984-06-18,205.12610845001447
1984-06-19,226.0747503601398
1984-06-20,268.52498288555444
1984-06-21,188.53859065401267
1984-06-22,51.953295328170014
1984-06-23,164.18439544383057
1984-06-24,91.3286957487877
1984-06-25,197.18798328451206
1984-06-26,205.53108820948546
1984-06-27,116.39800561144521
1984-06-28,127.24655980968551
1984-06-29,247.27382660502965
1984-06-30,83.00372109341629
1984-07-01,277.76672973606856
1984-07-02,157.40799974713792
1984-07-03,205.6769464233604
1984-07-04,180.95949211152237
1984-07-05,218.3519042178908
1984-07-06,86.39119036698841
1984-07-07,202.67353414600203
1984-07-08,238.78876067983757
1984-07-09,77.31098501065426
1984-07-10,163.1359392874567
1984-07-11,90.85984227028236
1984-07-12,116.78359231985337
1984-07-13,75.49110929942661
1984-07-14,153.25814830632302
1984-07-15,157.0588508754002
1984-07-16,156.10643926162845
1984-07-17,267.876286127288
1984-07-18,97.46424227450203
1984-07-19,155.85728900160416
1984-07-20,294.94601475158004
1984-07-21,186.40255103802056
1984-07-22,225.937705634855
1984-07-23,95.93529350962706
1984-07-24,117.27104885737303
1984-07-25,131.56360731964227
1984-07-26,114.60565782818531
1984-07-27,290.6011291492694
1984-07-28,242.8718423452845
1984-07-29,170.18880911132615
1984-07-30,102.01070935114436
1984-07-31,157.81513665922898
1984-08-01,123.22501141767596
1984-08-02,235.13782503807653
1984-08-03,225.1236278460395
1984-08-04,56.82662901068093
1984-08-05,164.85696224286147
1984-08-06,126.40777081914976
1984-08-07,231.51759165243044
1984-08-08,218.487314398475
1984-08-09,286.9567263440729
1984-08-10,147.36702596080983
1984-08-11,126.07735557494885
1984-08-12,67.89590525604746
1984-08-13,187.29603449955374
1984-08-14,211.31548218214556
1984-08-15,153.5506144463839
1984-08-16,83.60590904388363
1984-08-17,264.92391226575955
1984-08-18,153.3744128717188
1984-08-19,216.623300455027
1984-08-20,281.4499435942064
1984-08-21,291.8833411892979
1984-08-22,223.9975492707537
1984-08-23,120.1582991092773
1984-08-24,267.04914820308886
1984-08-25,269.1186580104644
1984-08-26,238.88670368370762
1984-08-27,123.13273188670838
1984-08-28,209.46508944853625
1984-08-29,224.17425936216497
1984-08-30,148.60988682345598
1984-08-31,167.58393757696058
1984-09-01,293.6174953626883
1984-09-02,224.22392347566313
1984-09-03,227.80810498568673
1984-09-04,247.96424631617305
1984-09-05,285.69481411776815
1984-09-06,286.46886052704275
1984-09-07,146.42309179740047
1984-09-08,207.48648507595172
1984-09-09,117.01415689223977
1984-09-10,71.52227266754919
1984-09-11,150.95211345531595
1984-09-12,276.4216799266414
1984-09-13,294.1313693947682
1984-09-14,268.74166896539214
1984-09-15,54.98033419190489
1984-09-16,172.19346057215182
1984-09-17,155.80697537325364
1984-09-18,104.98250668980256
1984-09-19,200.33632386523914
1984-09-20,221.91631871960163
1984-09-21,57.2840102413492
1984-09-22,55.22373994898193
1984-09-23,281.2444265247361
1984-09-24,169.8424539761087
1984-09-25,85.33018444764657
1984-09-26,72.09864202395278
1984-09-27,160.54335281147155
1984-09-28,111.97851059691526
1984-09-29,58.28178910408464
1984-09-30,58.46625266350004
1984-10-01,231.18694223054086
1984-10-02,242.33938073204362
1984-10-03,83.21375518669997
1984-10-04,103.46999175347445
1984-10-05,239.30673713235376
1984-10-06,142.85758784661573
1984-10-07,53.08098928062772
1984-10-08,122.15285881554622
1984-10-09,111.35874197252281
1984-10-10,280.39948475886797
1984-10-11,225.27612321190725
1984-10-12,65.86044956984605
1984-10-13,254.45858828524857
1984-10-14,226.62742237945352
1984-10-15,273.0303006430699
1984-10-16,108.97737056913763
1984-10-17,82.84317840484552
1984-10-18,242.8702361753254
1984-10-19,164.1433036824427
1984-10-20,243.30975260688882
1984-10-21,173.28973175148224
1984-10-22,266.6852475256936
1984-10-23,178.44944442556738
1984-10-24,107.08226559623789
1984-10-25,69.34002222375358
1984-10-26,178.90290416428064
1984-10-27,236.45477358294553
1984-10-28,253.50155961811515
1984-10-29,82.87494857682255
1984-10-30,160.3966138084358
1984-10-31,245.2571714489838
1984-11-01,227.2000455768615
1984-11-02,205.99684043994387
1984-11-03,76.90267535626911
1984-11-04,226.98412441622418
1984-11-05,228.9642093043835
1984-11-06,205.87983644872577
1984-11-07,166.23752897966148
1984-11-08,65.81602547097499
1984-11-09,135.11795244250808
1984-11-10,261.1990217212459
1984-11-11,238.9180335089276
1984-11-12,154.6337237365288
1984-11-13,119.08974952848592
1984-11-14,98.86841009892922
1984-11-15,255.4500134930164
1984-11-16,272.59864349706584
1984-11-17,193.49159005527216
1984-11-18,236.90065556752862
1984-11-19,257.42598823753167
1984-11-20,134.8136958270852
1984-11-21,295.3402550722828
1984-11-22,278.79837960321214
1984-11-23,102.37065378116013
1984-11-24,239.4824971448808
1984-11-25,69.83920523860685
1984-11-26,295.8303163410236
1984-11-27,147.69953410967167
1984-11-28,259.66078874672655
1984-11-29,249.06496979784947
1984-11-30,254.94706530754652
1984-12-01,232.9449204492892
1984-12-02,237.41994360964267
1984-12-03,272.44159944055536
1984-12-04,215.00876664895088
1984-12-05,292.9371959491391
1984-12-06,274.08493960708176
1984-12-07,113.31024551034592
1984-12-08,149.51566274086568
1984-12-09,143.17114123715538
1984-12-10,229.3582971833588
1984-12-11,134.86725835441308
1984-12-12,69.25299303805625
1984-12-13,87.91411229848973
1984-12-14,266.80182156406033
1984-12-15,53.73596229404369
1984-12-16,106.30769195759817
1984-12-17,241.57325722253793
1984-12-18,295.7785628034844
1984-12-19,148.51575835366125
1984-12-20,148.3414091049341
1984-12-21,71.13910821370115
1984-12-22,53.585910207502515
1984-12-23,123.23130403797582
1984-12-24,296.11682271710885
1984-12-25,221.9308494651385
1984-12-26,54.74855574739763
1984-12-27,207.14401271383463
1984-12-28,78.53927883773447
1984-12-29,126.54235166217444
1984-12-30,79.05436306229194
1984-12-31,231.6081743239163
1985-01-01,128.45722146059154
1985-01-02,270.4391032575736
1985-01-03,289.26234115715613
1985-01-04,181.92285492630302
1985-01-05,247.5387751415564
1985-01-06,164.42217974368873
1985-01-07,216.6996586861217
1985-01-08,112.50568304079395
1985-01-09,127.50246464606342
1985-01-10,159.15549738463204
1985-01-11,65.07043167757382
1985-01-12,270.61419899522804
1985-01-13,97.41213842234072
1985-01-14,236.82972046092087
1985-01-15,256.8222973670294
1985-01-16,124.1960534968249
1985-01-17,125.04420211161333
1985-01-18,242.8887034063751
1985-01-19,234.36800140907624
1985-01-20,92.13264485778274
1985-01-21,149.3775500031736
1985-01-22,291.3938857502997
1985-01-23,221.7240087820882
1985-01-24,239.16602248926003
1985-01-25,271.4719284071807
1985-01-26,279.14552365106954
1985-01-27,217.46822452878132
1985-01-28,184.79385108036394
1985-01-29,82.05488854850591
1985-01-30,124.82776289753629
1985-01-31,142.98121735990273
1985-02-01,185.47476878422773
1985-02-02,169.24767882644724
1985-02-03,186.71171768493505
1985-02-04,102.27924592942855
1985-02-05,274.591571114299
1985-02-06,150.95697602126597
1985-02-07,257.59407767554274
1985-02-08,246.71802667064716
1985-02-09,89.00484469738456
1985-02-10,162.62134267704582
1985-02-11,145.9418336392381
1985-02-12,197.4354895064674
1985-02-13,265.71725362891846
1985-02-14,295.82369968894386
1985-02-15,117.95280220448188
1985-02-16,249.73790890379914
1985-02-17,297.5082640704941
1985-02-18,285.1464672640769
1985-02-19,112.24329249268925
1985-02-20,102.05515598021285
1985-02-21,228.56416600741744
1985-02-22,138.01782711862865
1985-02-23,130.63906069260213
1985-02-24,225.24341875431958
1985-02-25,286.21612618340805
1985-02-26,66.15325190694159
1985-02-27,285.6166839903674
1985-02-28,272.1697428391465
1985-03-01,263.46733949911214
1985-03-02,212.06125025640156
1985-03-03,177.11968680179788
1985-03-04,292.48970589655266
1985-03-05,189.20268173991036
1985-03-06,93.25984739233546
1985-03-07,189.07852050337326
1985-03-08,266.35818070435914
1985-03-09,82.76247690188254
1985-03-10,240.2020271840444
1985-03-11,87.90663405114422
1985-03-12,208.64742056237793
1985-03-13,251.05734201090678
1985-03-14,81.84394238212774
1985-03-15,70.34755624886886
1985-03-16,223.40931652906463
1985-03-17,102.50187355157668
1985-03-18,127.39384730962895
1985-03-19,259.96006779510026
1985-03-20,199.03857356657215
1985-03-21,59.310221225643346
1985-03-22,155.21359586435236
1985-03-23,53.898129990028806
1985-03-24,223.4781222874325
1985-03-25,207.67032096585422
1985-03-26,101.27746763601768
1985-03-27,247.7821237721698
1985-03-28,152.4679543465162
1985-03-29,71.7349008503904
1985-03-30,87.36642527817384
1985-03-31,207.6617500543627
1985-04-01,94.84578597681502
1985-04-02,131.46082314223156
1985-04-03,259.3305659346846
1985-04-04,131.7292787775311
1985-04-05,115.65625218393353
1985-04-06,63.107534730572134
1985-04-07,61.330971337739385
1985-04-08,143.52384059859753
1985-04-09,263.6321103995698
1985-04-10,79.60110620281844
1985-04-11,248.463337570678
1985-04-12,231.8867777494843
1985-04-13,115.83360290193765
1985-04-14,184.69336438865298
1985-04-15,298.3101305129969
1985-04-16,100.08194576681987
1985-04-17,287.7906099702958
1985-04-18,118.22839025478069
1985-04-19,91.34325559096996
1985-04-20,113.74187797124375
1985-04-21,274.3483108822569
1985-04-22,81.40468329293516
1985-04-23,244.33024351463357
1985-04-24,70.75580276878205
1985-04-25,104.85256755733084
1985-04-26,176.54187574366506
1985-04-27,209.51536058331828
1985-04-28,292.8538141184872
1985-04-29,90.29033059752332
1985-04-30,242.47350499943815
1985-05-01,291.8487629248331
1985-05-02,58.32539389919684
1985-05-03,155.57149365027095
1985-05-04,223.61224512020144
1985-05-05,213.85250878255243
1985-05-06,176.17290009004336
1985-05-07,140.90055855455947
1985-05-08,282.187523753649
1985-05-09,69.37949463099912
1985-05-10,53.56744030177886
1985-05-11,221.310250384214
1985-05-12,85.49307571582875
1985-05-13,146.71316454477858
1985-05-14,164.48307074124057
1985-05-15,87.84921018025165
1985-05-16,283.2860531155811
1985-05-17,134.76404868166745
1985-05-18,137.47760359709136
1985-05-19,180.0834766437194
1985-05-20,255.49019945433525
1985-05-21,138.47905029985571
1985-05-22,65.24702474153331
1985-05-23,271.96059761982826
1985-05-24,285.06868144527635
1985-05-25,276.44815846400724
1985-05-26,185.31218310545862
1985-05-27,253.4344437239351
1985-05-28,179.20706886624154
1985-05-29,192.7758221860273
1985-05-30,297.7835522651511
1985-05-31,191.57776022864724
1985-06-01,110.0408436321068
1985-06-02,181.04378055811281
1985-06-03,270.7441197245273
1985-06-04,169.21962409144962
1985-06-05,194.3748349789136
1985-06-06,202.44128340901645
1985-06-07,212.83569392822227
1985-06-08,282.943411799066
1985-06-09,199.0216306566572
1985-06-10,159.57957787947515
1985-06-11,88.58362231540139
1985-06-12,171.87002433812597
1985-06-13,72.42595634136497
1985-06-14,238.5013280410072
1985-06-15,289.8694819804073
1985-06-16,275.96873378442444
1985-06-17,297.30475478585345
1985-06-18,75.48151933617082
1985-06-19,140.54343320867594
1985-06-20,279.968726312859
1985-06-21,80.30978126008738
1985-06-22,141.96935274838984
1985-06-23,56.159019631255816
1985-06-24,227.41851358201492
1985-06-25,53.66691621670845
1985-06-26,79.09582874749029
1985-06-27,189.83574684035034
1985-06-28,137.3431289934643
1985-06-29,235.99572780855476
1985-06-30,199.80528566830876
1985-07-01,151.40186417799384
1985-07-02,75.25838835039404
1985-07-03,196.23980770362107
1985-07-04,298.43900915079894
1985-07-05,184.4920741603829
1985-07-06,101.1990521994696
1985-07-07,207.3298629101909
1985-07-08,105.83480783807431
1985-07-09,237.9585383490399
1985-07-10,257.36153683135274
1985-07-11,76.63406047299038
1985-07-12,115.5719219457311
1985-07-13,88.94287624429268
1985-07-14,123.58989061145097
1985-07-15,90.58892675662028
1985-07-16,157.33378250264826
1985-07-17,148.82703394509144
1985-07-18,178.03199559890086
1985-07-19,164.35116379762695
1985-07-20,217.77786528771716
1985-07-21,112.9779830231971
1985-07-22,101.0319538929175
1985-07-23,230.00044565003614
1985-07-24,190.4478915802893
1985-07-25,168.43537889497665
1985-07-26,182.57203906994104
1985-07-27,217.37882241455063
1985-07-28,276.84176299789965
1985-07-29,262.6282997624613
1985-07-30,81.94426533065733
1985-07-31,182.74042336599524
1985-08-01,54.16552732989545
1985-08-02,103.76784333147717
1985-08-03,228.10327678181636
1985-08-04,275.0199210637886
1985-08-05,279.8746486557865
1985-08-06,142.89865937472632
1985-08-07,132.50603869714922
1985-08-08,124.63889024454787
1985-08-09,118.2626986984492
1985-08-10,182.35075179221369
1985-08-11,194.21050136441914
1985-08-12,244.17888094828766
1985-08-13,53.40227770045878
1985-08-14,132.58755019682036
1985-08-15,224.42841361085607
1985-08-16,130.60511289918304
1985-08-17,274.4186278738698
1985-08-18,224.3331555609202
1985-08-19,94.15411158443194
1985-08-20,80.51492729334524
1985-08-21,159.67583028386326
1985-08-22,284.3882950812699
1985-08-23,234.8300925219506
1985-08-24,156.53116126878172
1985-08-25,175.90599152343322
1985-08-26,227.60497305326808
1985-08-27,123.0209621511588
1985-08-28,220.97457848032352
1985-08-29,82.23086545022176
1985-08-30,118.64168476700905
1985-08-31,62.976654411614916
1985-09-01,289.3926784602876
1985-09-02,141.43715357835788
1985-09-03,71.22914062489676
1985-09-04,93.39380285620908
1985-09-05,199.86819246510774
1985-09-06,99.64010630519289
1985-09-07,69.04530324948459
1985-09-08,226.59628406293632
1985-09-09,81.15267606361249
1985-09-10,237.24764588035862
1985-09-11,233.50469038839526
1985-09-12,72.26383477811386
1985-09-13,196.63638422802356
1985-09-14,144.87122385720744
1985-09-15,252.89896825740223
1985-09-16,104.39244109882222
1985-09-17,266.319414198221
1985-09-18,182.07966820084732
1985-09-19,137.65951953345962
1985-09-20,283.9492550031537
1985-09-21,115.34288690270135
1985-09-22,107.10426274684366
1985-09-23,138.3974876859597
1985-09-24,66.54477033479071
1985-09-25,61.62161314535337
1985-09-26,202.4375455207441
1985-09-27,249.16608450147382
1985-09-28,56.134004657554456
1985-09-29,247.05126390801325
1985-09-30,296.22457148315584
1985-10-01,299.4631258738035
1985-10-02,287.1078058578936
1985-10-03,122.87155766319816
1985-10-04,274.21470194999233
1985-10-05,216.09271929436272
1985-10-06,258.4449779114823
1985-10-07,263.12184726828946
1985-10-08,176.44472527054603
1985-10-09,151.6116679178486
1985-10-10,183.01759634137022
1985-10-11,132.06197989948694
1985-10-12,65.40197968126705
1985-10-13,56.32890702122979
1985-10-14,264.1539659280818
1985-10-15,61.48523861680639
1985-10-16,76.63165334944625
1985-10-17,63.22166426423507
1985-10-18,249.9908209830518
1985-10-19,170.9667120373809
1985-10-20,292.2208279025764
1985-10-21,66.60023322357921
1985-10-22,243.58322634257163
1985-10-23,175.28581850442157
1985-10-24,280.25544169985494
1985-10-25,64.22496548268471
1985-10-26,93.21584466527683
1985-10-27,135.98837464612052
1985-10-28,207.32034544033542
1985-10-29,297.1016535063261
1985-10-30,204.2811885582607
1985-10-31,299.24304885911886
1985-11-01,214.12758778158997
1985-11-02,178.24970511748188
1985-11-03,238.65840090877688
1985-11-04,56.165675099965156
1985-11-05,85.23165801766834
1985-11-06,226.54889716569693
1985-11-07,282.8046345959483
1985-11-08,161.3062624130008
1985-11-09,208.43330290100488
1985-11-10,271.265433312043
1985-11-11,98.16221586678202
1985-11-12,114.79783035878178
1985-11-13,107.39605076721654
1985-11-14,228.27613465319996
1985-11-15,136.08528584619364
1985-11-16,230.06469507594107
1985-11-17,251.997150246607
1985-11-18,229.96058932742162
1985-11-19,221.65924325764632
1985-11-20,207.24932402501355
1985-11-21,103.90072027977521
1985-11-22,280.3978582698714
1985-11-23,107.57947871623352
1985-11-24,190.22373802463093
1985-11-25,175.4733449312617
1985-11-26,177.50902684958817
1985-11-27,203.0802641143283
1985-11-28,284.955423291538
1985-11-29,72.76235579628327
1985-11-30,93.06035122987353
1985-12-01,207.44031027360168
1985-12-02,148.0225030776399
1985-12-03,118.34924420050939
1985-12-04,92.61386478203677
1985-12-05,144.99895415972276
1985-12-06,288.8491764493093
1985-12-07,119.83242716832521
1985-12-08,288.8900668870506
1985-12-09,271.79641611100624
1985-12-10,69.06596833588586
1985-12-11,87.53388688637455
1985-12-12,72.9805655480684
1985-12-13,154.85961098249203
1985-12-14,127.29904501796986
1985-12-15,51.579700054316405
1985-12-16,285.5326940765097
1985-12-17,247.39164867379876
1985-12-18,139.39318909522257
1985-12-19,51.96331251106563
1985-12-20,81.6224799798637
1985-12-21,126.54457548703688
1985-12-22,83.99136393952296
1985-12-23,148.39004642268583
1985-12-24,277.57125938366454
1985-12-25,90.79447967251751
1985-12-26,193.9566062116943
1985-12-27,217.94223036137927
1985-12-28,77.48132771238099
1985-12-29,145.1136502766048
1985-12-30,108.83467166777245
1985-12-31,187.42990072724007
1986-01-01,239.23182922137897
1986-01-02,270.15090773019546
1986-01-03,295.4829654546554
1986-01-04,148.29539855416624
1986-01-05,177.05004909771895
1986-01-06,157.3713947158679
1986-01-07,68.54561916373518
1986-01-08,70.66365385080331
1986-01-09,237.67186626927264
1986-01-10,125.65003057630298
1986-01-11,64.75027059309345
1986-01-12,116.19817971802713
1986-01-13,149.24561740794996
1986-01-14,274.72830759207386
1986-01-15,125.98599122913751
1986-01-16,170.40411030113657
1986-01-17,130.89550977668728
1986-01-18,168.85118113329747
1986-01-19,257.29431699581664
1986-01-20,152.2643460481103
1986-01-21,271.8787997461109
1986-01-22,88.57674538457043
1986-01-23,271.1788046280504
1986-01-24,226.1948851220778
1986-01-25,247.9187602190149
1986-01-26,164.1362960124926
1986-01-27,214.7556738601018
1986-01-28,75.33606411688119
1986-01-29,184.42984621206577
1986-01-30,62.75084404299062
1986-01-31,199.69984926771423
1986-02-01,65.6896235373585
1986-02-02,124.40007576570379
1986-02-03,190.17538965670127
1986-02-04,55.635137685151335
1986-02-05,226.01052313585367
1986-02-06,145.90485495794195
1986-02-07,78.52253635400872
1986-02-08,86.75239425995596
1986-02-09,257.7686814162563
1986-02-10,191.60639481386656
1986-02-11,234.9344450360024
1986-02-12,92.07194391879281
1986-02-13,141.616559503389
1986-02-14,126.4842216598276
1986-02-15,264.6242025761639
1986-02-16,154.57514482980304
1986-02-17,137.1951819274723
1986-02-18,204.7615860736568
1986-02-19,289.1261225190125
1986-02-20,215.12926495914957
1986-02-21,192.35733436762897
1986-02-22,243.88058831095233
1986-02-23,257.601779445987
1986-02-24,81.73170579391
1986-02-25,183.37906242185502
1986-02-26,53.34065872622868
1986-02-27,159.46096583275352
1986-02-28,286.7928509986317
1986-03-01,208.008375292599
1986-03-02,114.67186002843408
1986-03-03,146.25579767452348
1986-03-04,64.50994812743336
1986-03-05,209.5216061833671
1986-03-06,219.41566689479467
1986-03-07,77.31974737246573
1986-03-08,148.4843109445667
1986-03-09,131.4658201858065
1986-03-10,228.87450037506116
1986-03-11,273.3672445186062
1986-03-12,103.92995049669594
1986-03-13,286.86729421880193
1986-03-14,79.59126592133127
1986-03-15,83.31762652855937
1986-03-16,280.8699019071789
1986-03-17,101.24363856943464
1986-03-18,86.31473634278271
1986-03-19,279.22068966782234
1986-03-20,71.90016265105194
1986-03-21,60.44157890217184
1986-03-22,87.45151509226952
1986-03-23,194.52335430700614
1986-03-24,264.22100099112527
1986-03-25,266.44985658145515
1986-03-26,269.5755333148869
1986-03-27,254.06103916905042
1986-03-28,176.58504183930333
1986-03-29,180.9997202077044
1986-03-30,144.8785972581635
1986-03-31,200.41573984819152
1986-04-01,119.12581826813694
1986-04-02,234.4859229885145
1986-04-03,138.51934713874476
1986-04-04,204.5627579140923
1986-04-05,102.04710049932024
1986-04-06,185.02559930695753
1986-04-07,216.7106893557665
1986-04-08,275.8864126703594
1986-04-09,235.5098441629641
1986-04-10,88.16321468186665
1986-04-11,120.24392220394954
1986-04-12,144.1201925111758
1986-04-13,145.67307120436345
1986-04-14,257.3750805647345
1986-04-15,93.92671150873144
1986-04-16,148.03008178291728
1986-04-17,61.07042753400283
1986-04-18,219.7496324745119
1986-04-19,194.87814554175074
1986-04-20,140.72951428487323
1986-04-21,168.1933411464771
1986-04-22,292.43945820116625
1986-04-23,66.62723894064177
1986-04-24,204.13934718041637
1986-04-25,248.89743409719202
1986-04-26,187.33186626944712
1986-04-27,260.8649044382463
1986-04-28,54.16836437574602
1986-04-29,139.62295599610366
1986-04-30,73.99870396582998
1986-05-01,222.17145538801938
1986-05-02,118.0837513795744
1986-05-03,106.10429928319775
1986-05-04,131.06287891111037
1986-05-05,124.97046963664842
1986-05-06,226.5026764081528
1986-05-07,199.55135045702934
1986-05-08,117.00317272824053
1986-05-09,191.1837273283001
1986-05-10,132.8216975786994
1986-05-11,247.3682004786321
1986-05-12,241.53558222274143
1986-05-13,258.2191072887387
1986-05-14,273.4209520221474
1986-05-15,217.33071777579767
1986-05-16,297.9835470727217
1986-05-17,243.7134028211678
1986-05-18,223.21307372669395
1986-05-19,95.39925792491638
1986-05-20,148.79621003723432
1986-05-21,52.812841934578316
1986-05-22,282.1107462200275
1986-05-23,58.86022467106212
1986-05-24,79.12865463462214
1986-05-25,57.2610780399063
1986-05-26,166.70568416283686
1986-05-27,152.99080380970096
1986-05-28,111.37227170099271
1986-05-29,276.48170198690855
1986-05-30,150.29952144249955
1986-05-31,222.0629223421581
1986-06-01,120.12138243917673
1986-06-02,85.41256896495511
1986-06-03,54.124184631985884
1986-06-04,280.50059658789587
1986-06-05,143.60606504915145
1986-06-06,63.101954996865615
1986-06-07,258.6495662972462
1986-06-08,252.47092802616538
1986-06-09,197.58253289902586
1986-06-10,156.66340583041944
1986-06-11,272.0009065483764
1986-06-12,152.8648209937013
1986-06-13,91.7214608885341
1986-06-14,76.44657528681557
1986-06-15,268.90182093306043
1986-06-16,217.85055300938282
1986-06-17,172.1291313599557
1986-06-18,236.56182880038224
1986-06-19,268.80369606334943
1986-06-20,111.4051646138706
1986-06-21,135.62769835167563
1986-06-22,122.43092338886053
1986-06-23,200.4264706962089
1986-06-24,123.81575629431606
1986-06-25,144.2559951289104
1986-06-26,157.17337505328442
1986-06-27,240.89803089833825
1986-06-28,246.66494553685985
1986-06-29,203.86368391232546
1986-06-30,204.1490579035364
1986-07-01,201.08902063604066
1986-07-02,202.84724111508402
1986-07-03,234.1020158334586
1986-07-04,143.3750776438822
1986-07-05,187.31294111983672
1986-07-06,149.38310753305498
1986-07-07,218.8484190708262
1986-07-08,240.10692455851728
1986-07-09,249.1279847390379
1986-07-10,184.04744318086514
1986-07-11,238.43423903181684
1986-07-12,228.03600134638285
1986-07-13,239.76257550923648
1986-07-14,201.87975720860442
1986-07-15,101.82915625756553
1986-07-16,268.0558311647091
1986-07-17,111.04718624331775
1986-07-18,253.3167746074844
1986-07-19,276.97777445075735
1986-07-20,177.31399187781602
1986-07-21,117.43250904180006
1986-07-22,246.138919799739
1986-07-23,255.25741180527595
1986-07-24,84.2641155006105
1986-07-25,122.9927872805816
1986-07-26,193.73537286914677
1986-07-27,227.14113745979702
1986-07-28,293.76377324925056
1986-07-29,137.4486777284335
1986-07-30,144.73602235397715
1986-07-31,126.29216592141316
1986-08-01,96.37827131082884
1986-08-02,256.9065265556221
1986-08-03,235.92883102522367
1986-08-04,197.83118621820424
1986-08-05,217.3587953513717
1986-08-06,194.753603735097
1986-08-07,227.0884791178806
1986-08-08,149.16931363255236
1986-08-09,60.06211817742564
1986-08-10,92.93661171181473
1986-08-11,282.6916012762143
1986-08-12,275.99092833362715
1986-08-13,102.67291438535013
1986-08-14,164.80642667834985
1986-08-15,107.59866902828392
1986-08-16,207.94962911002133
1986-08-17,90.93197329623874
1986-08-18,260.87755474722246
1986-08-19,83.51785617205383
1986-08-20,237.9112632116925
1986-08-21,296.3751394959071
1986-08-22,129.91337826716853
1986-08-23,122.43163124769497
1986-08-24,224.59534236315156
1986-08-25,207.59166991330937
1986-08-26,216.84439285051383
1986-08-27,78.16347569181923
1986-08-28,154.12789353730426
1986-08-29,226.1245142557606
1986-08-30,298.2229123061254
1986-08-31,170.21467876739882
1986-09-01,85.82840588075989
1986-09-02,268.85826491555645
1986-09-03,214.8059127122062
1986-09-04,200.27493988664017
1986-09-05,242.4902511185682
1986-09-06,80.14654719451795
1986-09-07,236.16940555866884
1986-09-08,112.4240708291122
1986-09-09,164.76107443084044
1986-09-10,123.46952136088825
1986-09-11,115.65998940063083
1986-09-12,112.36142125580923
1986-09-13,282.92529605029966
1986-09-14,229.6835884886028
1986-09-15,255.59017795232253
1986-09-16,263.91107102222145
1986-09-17,222.8878619339387
1986-09-18,81.98435842817018
1986-09-19,150.13600821599334
1986-09-20,139.6560205371924
1986-09-21,102.25745271789839
1986-09-22,54.23337765124235
1986-09-23,75.62297435921465
1986-09-24,270.14489805181745
1986-09-25,148.84818686207763
1986-09-26,77.4388568168792
1986-09-27,85.37702271487134
1986-09-28,181.17390524154092
1986-09-29,249.74266605381672
1986-09-30,258.73606091167943
1986-10-01,115.84053684194929
1986-10-02,285.562409198581
1986-10-03,74.4790995469707
1986-10-04,287.5996912626092
1986-10-05,115.03848189591618
1986-10-06,55.43273795544286
1986-10-07,240.8590988586526
1986-10-08,287.44776964753896
1986-10-09,179.22800872980696
1986-10-10,135.42931976558373
1986-10-11,84.74019435925338
1986-10-12,277.7452599027402
1986-10-13,168.5826390894669
1986-10-14,287.7453298689734
1986-10-15,74.47022173667693
1986-10-16,162.64701735235917
1986-10-17,206.74169345659
1986-10-18,68.56254777888603
1986-10-19,198.77510400866421
1986-10-20,161.1557383266326
1986-10-21,84.07483501672891
1986-10-22,140.09466658078566
1986-10-23,173.02456925792043
1986-10-24,131.12825160526077
1986-10-25,76.23208678633668
1986-10-26,287.03393034995906
1986-10-27,72.86094193340993
1986-10-28,201.9049938498081
1986-10-29,232.2531924509135
1986-10-30,298.61458481085316
1986-10-31,119.58742960817055
1986-11-01,78.8024257687117
1986-11-02,171.86262922855173
1986-11-03,285.5375622890776
1986-11-04,178.937266945252
1986-11-05,287.59584152595784
1986-11-06,108.23428540612451
1986-11-07,167.21389673754544
1986-11-08,183.1013564459883
1986-11-09,93.57816663482936
1986-11-10,69.17571626670811
1986-11-11,152.12032825528598
1986-11-12,170.52629796196385
1986-11-13,278.5923291631801
1986-11-14,141.05927311019548
1986-11-15,211.29768692563232
1986-11-16,242.8701852068972
1986-11-17,176.72304514963935
1986-11-18,297.77188815092336
1986-11-19,193.84421189881633
1986-11-20,163.68536645249156
1986-11-21,109.65655976422515
1986-11-22,246.19681610116288
1986-11-23,55.318129333956534
1986-11-24,184.3366047514553
1986-11-25,128.5666445742835
1986-11-26,69.35450381955081
1986-11-27,151.89712042363448
1986-11-28,240.21227931601553
1986-11-29,263.0377222140959
1986-11-30,267.53691920619315
1986-12-01,237.52393827074093
1986-12-02,248.03533428388943
1986-12-03,157.22758201048958
1986-12-04,270.08562717786805
1986-12-05,254.64714314795646
1986-12-06,75.21520092553928
1986-12-07,204.07253317549268
1986-12-08,197.50862856318113
1986-12-09,193.59457115563202
1986-12-10,242.80982847585105
1986-12-11,271.15242126187434
1986-12-12,134.6974715048131
1986-12-13,173.95882732967684
1986-12-14,107.4230315201741
1986-12-15,201.81571113922928
1986-12-16,204.11982092045457
1986-12-17,298.36443489734245
1986-12-18,172.8576427584344
1986-12-19,221.42019942540765
1986-12-20,237.02097689321513
1986-12-21,189.67539421629132
1986-12-22,86.69893598244944
1986-12-23,256.47812332915737
1986-12-24,201.60385634487784
1986-12-25,114.62051559522017
1986-12-26,147.82378827264915
1986-12-27,299.4520285581183
1986-12-28,240.43056977472563
1986-12-29,144.89858292493454
1986-12-30,85.4291655433216
1986-12-31,282.40103478980006
1987-01-01,296.29777984550526
1987-01-02,282.7179156260562
1987-01-03,51.52478689437541
1987-01-04,146.46405616985186
1987-01-05,110.44416835591906
1987-01-06,235.30162537497188
1987-01-07,143.44635048093795
1987-01-08,280.8478226753225
1987-01-09,202.41952715178093
1987-01-10,152.0675841319403
1987-01-11,106.68945648776102
1987-01-12,290.1156548467749
1987-01-13,231.29410967199
1987-01-14,133.4424327504167
1987-01-15,95.13916931038315
1987-01-16,99.4404842277709
1987-01-17,64.63693721465941
1987-01-18,204.7079439414237
1987-01-19,188.3561181836629
1987-01-20,169.58163285806654
1987-01-21,211.84573394815837
1987-01-22,146.5319870237048
1987-01-23,79.17155239234361
1987-01-24,276.7765028173701
1987-01-25,57.791348035457005
1987-01-26,235.1085898171623
1987-01-27,57.633622616438934
1987-01-28,62.11277429941535
1987-01-29,148.6777531198557
1987-01-30,168.43748756390494
1987-01-31,168.5895101460451
1987-02-01,202.92805738882652
1987-02-02,155.9682888542523
1987-02-03,250.54219642552758
1987-02-04,83.19406839140693
1987-02-05,95.00459578962469
1987-02-06,195.20762202938062
1987-02-07,189.29316502558606
1987-02-08,299.81877422523246
1987-02-09,74.57189853266817
1987-02-10,202.49018089275938
1987-02-11,277.55726700298464
1987-02-12,231.29401277844082
1987-02-13,75.12764899557396
1987-02-14,50.907265230549406
1987-02-15,219.85381319752662
1987-02-16,253.61189678333602
1987-02-17,101.02359719986549
1987-02-18,103.76644493050827
1987-02-19,137.8250675658063
1987-02-20,81.56976649809845
1987-02-21,258.1510358427796
1987-02-22,57.6763158311354
1987-02-23,182.0938227267316
1987-02-24,243.42530770522367
1987-02-25,74.11250904559884
1987-02-26,183.68495710354077
1987-02-27,78.58238520090632
1987-02-28,203.30985483305366
1987-03-01,213.6041429599312
1987-03-02,68.3551398399939
1987-03-03,291.16984197930435
1987-03-04,176.81213491992372
1987-03-05,251.475607734665
1987-03-06,221.86458845004157
1987-03-07,91.86162759652584
1987-03-08,223.4348778683239
1987-03-09,96.51678190265017
1987-03-10,155.079335900918
1987-03-11,116.5574012578744
1987-03-12,200.6985297667623
1987-03-13,207.7901896540411
1987-03-14,162.1560782879672
1987-03-15,172.86730677836536
1987-03-16,109.93723975750746
1987-03-17,183.84156190098588
1987-03-18,146.62034127021454
1987-03-19,283.0569311506098
1987-03-20,139.47903614170644
1987-03-21,258.1851281669862
1987-03-22,200.47433331230266
1987-03-23,134.70165412962137
1987-03-24,197.0434969760177
1987-03-25,204.87140186433083
1987-03-26,205.19655304155208
1987-03-27,129.84966370831336
1987-03-28,152.3226922016141
1987-03-29,182.13905462849388
1987-03-30,159.4805210345022
1987-03-31,52.47671947284159
1987-04-01,164.68288778255766
1987-04-02,226.00426460088428
1987-04-03,145.59360067673492
1987-04-04,197.64677996200354
1987-04-05,95.54130221681896
1987-04-06,258.6716843998013
1987-04-07,54.44906073919249
1987-04-08,296.4110744203424
1987-04-09,159.34875765612202
1987-04-10,72.2352780715494
1987-04-11,264.2841373922058
1987-04-12,135.21560626209578
1987-04-13,166.2805587924724
1987-04-14,264.594358518768
1987-04-15,163.67820732563786
1987-04-16,154.28732592613187
1987-04-17,288.1879238663023
1987-04-18,130.96382198187172
1987-04-19,289.2925627118674
1987-04-20,278.3818041615841
1987-04-21,289.78314208440366
1987-04-22,292.3215324437393
1987-04-23,112.70806071937997
1987-04-24,296.78505280564696
1987-04-25,54.67090576933749
1987-04-26,202.87525376197857
1987-04-27,136.5213505372381
1987-04-28,130.0501761249648
1987-04-29,275.0712103777322
1987-04-30,58.07025953822274
1987-05-01,247.32206880092377
1987-05-02,85.34712125325458
1987-05-03,157.57667114305696
1987-05-04,60.88324786612882
1987-05-05,262.2829694034118
1987-05-06,102.102257651793
1987-05-07,119.21417778448726
1987-05-08,154.15146345540614
1987-05-09,68.5037411841033
1987-05-10,186.88334670941214
1987-05-11,74.5931759810376
1987-05-12,204.83350092181928
1987-05-13,77.2206493022454
1987-05-14,134.99701645861776
1987-05-15,80.05930090757633
1987-05-16,268.6161711176461
1987-05-17,278.8344968283042
1987-05-18,149.86678170604125
1987-05-19,246.1655341374557
1987-05-20,261.76457178229253
1987-05-21,58.42528225925851
1987-05-22,84.4250232435414
1987-05-23,224.23222415614543
1987-05-24,229.37833618512497
1987-05-25,87.58190974618324
1987-05-26,268.90246125069916
1987-05-27,103.81203661633144
1987-05-28,102.4845038796932
1987-05-29,186.28149060622923
1987-05-30,283.9885969454242
1987-05-31,175.8363038122781
1987-06-01,54.14146078124608
1987-06-02,289.54887246661417
1987-06-03,125.28044986596694
1987-06-04,225.11799905670523
1987-06-05,263.76099618929106
1987-06-06,163.3538217313254
1987-06-07,236.29315076110652
1987-06-08,263.6348348874998
1987-06-09,224.46023332781505
1987-06-10,235.812856762225
1987-06-11,295.4330706623209
1987-06-12,120.30327076813248
1987-06-13,50.330124375092694
1987-06-14,176.4655666369789
1987-06-15,145.8010751551193
1987-06-16,172.4390010404263
1987-06-17,54.76312030800741
1987-06-18,293.6672524897365
1987-06-19,224.8009210381055
1987-06-20,92.63643652155893
1987-06-21,212.3291614902806
1987-06-22,210.22465112712376
1987-06-23,163.97249949356126
1987-06-24,85.4945888248317
1987-06-25,180.39059653317858
1987-06-26,229.0085829609806
1987-06-27,245.301608047766
1987-06-28,170.81501736017555
1987-06-29,55.77212509320535
1987-06-30,255.45608659062668
1987-07-01,77.50181382547214
1987-07-02,233.449815112961
1987-07-03,60.98159904826645
1987-07-04,209.7818632344071
1987-07-05,63.46635400623458
1987-07-06,267.2596506415314
1987-07-07,156.97857474903086
1987-07-08,279.3796856259798
1987-07-09,153.49070619354274
1987-07-10,106.07598232031694
1987-07-11,216.3560182594869
1987-07-12,273.0532265846083
1987-07-13,81.9674924452785
1987-07-14,108.4191286448787
1987-07-15,120.9434252637473
1987-07-16,287.1289565298257
1987-07-17,85.66600192855284
1987-07-18,238.4464633896761
1987-07-19,125.96571963367374
1987-07-20,250.66880431280632
1987-07-21,267.5712862302206
1987-07-22,237.50338873982764
1987-07-23,217.63404403962966
1987-07-24,213.9352325951995
1987-07-25,252.6870893667587
1987-07-26,146.1274605893894
1987-07-27,63.29223659298889
1987-07-28,295.28676610481796
1987-07-29,168.48942630199429
1987-07-30,135.44506926836675
1987-07-31,234.52219481195203
1987-08-01,294.07598567293104
1987-08-02,169.07005295399455
1987-08-03,282.8565116881408
1987-08-04,296.16507656241083
1987-08-05,158.95108974993593
1987-08-06,77.93144618028909
1987-08-07,253.68217348933442
1987-08-08,287.041801460892
1987-08-09,244.2591778211863
1987-08-10,187.41804026714343
1987-08-11,246.52809793695286
1987-08-12,145.23398003576915
1987-08-13,214.2255019458042
1987-08-14,155.7123486577797
1987-08-15,263.5451262073278
1987-08-16,225.52430705358813
1987-08-17,151.4709373071009
1987-08-18,273.40131073313853
1987-08-19,51.04150979893619
1987-08-20,129.3487931620137
1987-08-21,207.4261571672713
1987-08-22,258.1313037350494
1987-08-23,161.86902636483524
1987-08-24,74.83086387599262
1987-08-25,207.7112524781419
1987-08-26,153.82095574453905
1987-08-27,270.50252960679813
1987-08-28,246.37470092205876
1987-08-29,133.97572172727976
1987-08-30,114.22307438525188
1987-08-31,134.57696025036824
1987-09-01,118.28646523860243
1987-09-02,254.1881051957972
1987-09-03,134.20816684570627
1987-09-04,243.71365867967384
1987-09-05,123.48803980231183
1987-09-06,94.51050235428823
1987-09-07,282.0921885068292
1987-09-08,237.81966443342031
1987-09-09,75.7396424777339
1987-09-10,229.84971907138717
1987-09-11,173.24273139181298
1987-09-12,59.15723446871633
1987-09-13,139.65023567796013
1987-09-14,137.2572180766428
1987-09-15,102.60415919372552
1987-09-16,65.77278028353129
1987-09-17,260.32837658933664
1987-09-18,259.8257631714064
1987-09-19,107.48879755941383
1987-09-20,206.65101905735693
1987-09-21,64.46843613431295
1987-09-22,137.20420640596294
1987-09-23,241.68966559921643
1987-09-24,254.1979513503301
1987-09-25,167.03689872484148
1987-09-26,57.078590338277984
1987-09-27,221.80125063293352
1987-09-28,297.098973546917
1987-09-29,161.91199784902602
1987-09-30,278.63932189811135
1987-10-01,273.93003917268584
1987-10-02,253.93621101931268
1987-10-03,182.55395957599046
1987-10-04,111.64919339394339
1987-10-05,297.6630037253118
1987-10-06,213.79960747842816
1987-10-07,102.17930872809445
1987-10-08,99.92199932705016
1987-10-09,243.28710285756551
1987-10-10,244.46036895980686
1987-10-11,90.52274290026858
1987-10-12,158.97775995501115
1987-10-13,165.13458586255297
1987-10-14,117.91339225617004
1987-10-15,75.02263928955603
1987-10-16,269.9146713252274
1987-10-17,273.0109184397888
1987-10-18,223.2173861600116
1987-10-19,247.37923818605987
1987-10-20,174.50895156311537
1987-10-21,158.6371071083273
1987-10-22,221.73414429745884
1987-10-23,186.10758120227777
1987-10-24,233.9824136470562
1987-10-25,136.15411101006197
1987-10-26,236.0649606380478
1987-10-27,227.01139209567694
1987-10-28,256.15926481069476
1987-10-29,205.31119461432826
1987-10-30,215.30772011325413
1987-10-31,142.44781602050153
1987-11-01,138.68559416494128
1987-11-02,277.4337308809007
1987-11-03,95.39176103140377
1987-11-04,120.48354876973589
1987-11-05,143.72097943738726
1987-11-06,213.9053089549834
1987-11-07,291.45563559982753
1987-11-08,145.05679960773574
1987-11-09,54.370037528880324
1987-11-10,171.96520930581602
1987-11-11,60.9381790883592
1987-11-12,129.3935641647364
1987-11-13,275.3105581577969
1987-11-14,105.66805342622064
1987-11-15,242.72311486183517
1987-11-16,85.00842717408787
1987-11-17,209.25439853514885
1987-11-18,153.38700237623698
1987-11-19,99.53175418962999
1987-11-20,249.17111136968387
1987-11-21,122.79817589625326
1987-11-22,293.27700807403914
1987-11-23,241.99397024576749
1987-11-24,76.97427959426815
1987-11-25,137.28544596944988
1987-11-26,209.8451128302179
1987-11-27,62.298470238118725
1987-11-28,62.345404530956394
1987-11-29,179.67095675444068
1987-11-30,76.00348222218125
1987-12-01,249.74768791419214
1987-12-02,242.37771428217056
1987-12-03,233.93136000883212
1987-12-04,183.74519109166687
1987-12-05,147.830725626094
1987-12-06,230.95792674936905
1987-12-07,108.7948127661356
1987-12-08,94.98372306805595
1987-12-09,219.13073614391772
1987-12-10,207.84039190280313
1987-12-11,135.17748535078368
1987-12-12,123.12433728601991
1987-12-13,249.9123295021395
1987-12-14,176.450402985539
1987-12-15,101.25775041220085
1987-12-16,289.0604370171078
1987-12-17,180.92994654375818
1987-12-18,252.41104529599707
1987-12-19,184.02295511414047
1987-12-20,90.00877468896344
1987-12-21,89.50102530977104
1987-12-22,52.350892620115395
1987-12-23,173.63837211163604
1987-12-24,260.8262703736783
1987-12-25,255.90449378500654
1987-12-26,50.95831507918351
1987-12-27,117.70778079924725
1987-12-28,65.93209963924919
1987-12-29,74.31612492102144
1987-12-30,195.72008075582895
1987-12-31,82.37531463292245
1988-01-01,251.66571460602378
1988-01-02,253.79520757574346
1988-01-03,114.28893918393116
1988-01-04,75.55806475240315
1988-01-05,260.31744543992966
1988-01-06,71.78932495403674
1988-01-07,238.92988892729065
1988-01-08,130.58642464605936
1988-01-09,203.46453487808432
1988-01-10,65.14071429478831
1988-01-11,52.40299865556806
1988-01-12,237.90815866410205
1988-01-13,257.0264668807299
1988-01-14,271.099767648157
1988-01-15,56.505059123339954
1988-01-16,158.64865691190624
1988-01-17,151.9718077171386
1988-01-18,96.17260978930486
1988-01-19,173.760391716835
1988-01-20,104.733156709076
1988-01-21,264.3758828178125
1988-01-22,266.6257031909512
1988-01-23,199.4396479145905
1988-01-24,154.31965425400136
1988-01-25,181.89819620328234
1988-01-26,295.12375608371445
1988-01-27,189.8943609168109
1988-01-28,211.90886247735307
1988-01-29,91.36809375893696
1988-01-30,152.17255410021556
1988-01-31,181.6358935785903
1988-02-01,198.52639821469572
1988-02-02,145.84144563657398
1988-02-03,83.15254573326911
1988-02-04,99.32442375236934
1988-02-05,202.61993668746146
1988-02-06,129.79425144382873
1988-02-07,115.57557033782857
1988-02-08,67.55922606409911
1988-02-09,122.46781689270802
1988-02-10,292.55597293462085
1988-02-11,154.91202644540724
1988-02-12,172.84890414122577
1988-02-13,114.49977803946145
1988-02-14,267.74532082625535
1988-02-15,91.2636545334855
1988-02-16,169.1565052052046
1988-02-17,102.74785693148152
1988-02-18,137.49355004863585
1988-02-19,224.78373816749482
1988-02-20,258.191914564949
1988-02-21,264.692997693448
1988-02-22,121.8168248264001
1988-02-23,206.69017646170917
1988-02-24,93.21833271384301
1988-02-25,179.33018735489748
1988-02-26,197.17320218195468
1988-02-27,286.5234787975347
1988-02-28,187.39335866933644
1988-02-29,78.36864285510751
1988-03-01,238.99472161196746
1988-03-02,113.77682816558139
1988-03-03,51.208294328691544
1988-03-04,71.52672058651336
1988-03-05,222.24710222138665
1988-03-06,274.7946147598589
1988-03-07,98.31241971760936
1988-03-08,148.58230493421235
1988-03-09,249.4702268483267
1988-03-10,127.30884868800392
1988-03-11,299.32046300170947
1988-03-12,110.50635001598826
1988-03-13,142.70743962531972
1988-03-14,154.6858199791018
1988-03-15,100.01980552872834
1988-03-16,105.58998649705086
1988-03-17,196.34581380443043
1988-03-18,204.51259428074772
1988-03-19,154.07600668500385
1988-03-20,193.49973080672544
1988-03-21,148.77341717292347
1988-03-22,105.57341516568279
1988-03-23,135.503846733672
1988-03-24,158.5874624165396
1988-03-25,289.51575305424296
1988-03-26,142.19003531903317
1988-03-27,194.47456976886687
1988-03-28,252.617384602999
1988-03-29,71.76285925757834
1988-03-30,239.1907377324447
1988-03-31,91.39021483403698
1988-04-01,279.5630761652401
1988-04-02,284.2511059252911
1988-04-03,90.49459604098413
1988-04-04,278.67978135043415
1988-04-05,161.70334615096436
1988-04-06,171.6829811371056
1988-04-07,202.91592889341337
1988-04-08,125.98518429824433
1988-04-09,138.00162558585973
1988-04-10,74.95616510614113
1988-04-11,52.75345993053361
1988-04-12,231.31293134058086
1988-04-13,64.46408928256047
1988-04-14,245.04662979148
1988-04-15,271.01566223412294
1988-04-16,190.85278688473701
1988-04-17,207.00563835879984
1988-04-18,180.8499605315857
1988-04-19,287.6070870730571
1988-04-20,150.870663780663
1988-04-21,274.7587709459283
1988-04-22,253.40438534342331
1988-04-23,240.23779927892446
1988-04-24,237.09074965384602
1988-04-25,126.721066050627
1988-04-26,179.28481324063355
1988-04-27,264.42074927399483
1988-04-28,109.85745001616789
1988-04-29,265.04378170771986
1988-04-30,211.9280529495659
1988-05-01,171.02681145780136
1988-05-02,129.08792914990477
1988-05-03,98.32919423780976
1988-05-04,87.50833853921357
1988-05-05,235.95248688676193
1988-05-06,296.729853714053
1988-05-07,70.17996110918725
1988-05-08,167.89464990018323
1988-05-09,178.08638382742373
1988-05-10,266.53076709556433
1988-05-11,117.94605645879162
1988-05-12,178.05931662915617
1988-05-13,196.29177327944436
1988-05-14,283.48197875505286
1988-05-15,152.58849495441143
1988-05-16,168.7727155703928
1988-05-17,235.73640478832834
1988-05-18,236.75687657639534
1988-05-19,149.26640638714574
1988-05-20,139.1522619354193
1988-05-21,151.88721772644146
1988-05-22,208.11622817725012
1988-05-23,223.32558911837614
1988-05-24,149.10721543876298
1988-05-25,175.51692124118128
1988-05-26,274.5356717415517
1988-05-27,277.3496686610056
1988-05-28,104.73310730097705
1988-05-29,145.66194604702775
1988-05-30,199.94448215659014
1988-05-31,120.05593363709423
1988-06-01,130.34127092741144
1988-06-02,68.42160632636514
1988-06-03,280.86039887177645
1988-06-04,206.22066645847534
1988-06-05,126.07784248288668
1988-06-06,123.32144113352595
1988-06-07,152.30239485234875
1988-06-08,56.784304986242994
1988-06-09,62.776001002727384
1988-06-10,150.13668812475865
1988-06-11,75.869273411819
1988-06-12,252.0479525346693
1988-06-13,130.02288532969084
1988-06-14,211.6170593892721
1988-06-15,209.69539874007322
1988-06-16,132.8022914877318
1988-06-17,209.82566166752574
1988-06-18,205.74428642079764
1988-06-19,119.85936174107566
1988-06-20,197.2925167178353
1988-06-21,268.7426608087335
1988-06-22,204.40772828618125
1988-06-23,218.1363518779244
1988-06-24,182.03958955669663
1988-06-25,179.33397674108133
1988-06-26,124.121799783669
1988-06-27,179.08611904645267
1988-06-28,109.68261282157245
1988-06-29,239.32364286159972
1988-06-30,146.4596372705014
1988-07-01,243.39329593558875
1988-07-02,91.71963310054761
1988-07-03,216.05145538466078
1988-07-04,249.835601715422
1988-07-05,186.90668409205568
1988-07-06,192.25952987746632
1988-07-07,169.20258403873817
1988-07-08,121.11925623979559
1988-07-09,51.80983636299248
1988-07-10,84.30113048718869
1988-07-11,258.2623490108741
1988-07-12,264.3625979591442
1988-07-13,286.16999234531687
1988-07-14,76.93098485283124
1988-07-15,245.60071211451574
1988-07-16,73.98594776298759
1988-07-17,94.60844026315792
1988-07-18,272.65566508163806
1988-07-19,247.2287695434698
1988-07-20,279.3206508203696
1988-07-21,255.185486384689
1988-07-22,70.20365708742783
1988-07-23,51.73478572458766
1988-07-24,193.2886626521353
1988-07-25,183.48314261118458
1988-07-26,286.36206354110607
1988-07-27,299.3127523695332
1988-07-28,228.98140058225306
1988-07-29,86.69263085585197
1988-07-30,180.33203230315473
1988-07-31,260.44068467151794
1988-08-01,113.80406785057403
1988-08-02,177.64433589539823
1988-08-03,54.937882281412065
1988-08-04,76.13478434402427
1988-08-05,278.0829964265274
1988-08-06,92.47838903554168
1988-08-07,258.55635059976265
1988-08-08,214.0266306592017
1988-08-09,279.2994464584797
1988-08-10,163.50859729148956
1988-08-11,71.88167450349226
1988-08-12,107.75869647840906
1988-08-13,234.10145131169705
1988-08-14,50.868092333973
1988-08-15,143.6692812011565
1988-08-16,241.17099034900968
1988-08-17,213.74429312592247
1988-08-18,255.59257416917717
1988-08-19,202.59608352444374
1988-08-20,298.62114343240273
1988-08-21,74.43390386185801
1988-08-22,79.65686961609684
1988-08-23,172.36395885662904
1988-08-24,75.42102550381034
1988-08-25,163.94901485915875
1988-08-26,112.77547674388181
1988-08-27,157.3667045368739
1988-08-28,297.458394679757
1988-08-29,258.17585236577105
1988-08-30,103.66583093229801
1988-08-31,64.71043415677687
1988-09-01,216.35114926132042
1988-09-02,205.56534826871507
1988-09-03,133.6483295180135
1988-09-04,97.22008613259953
1988-09-05,217.85295193339076
1988-09-06,69.36756226629416
1988-09-07,280.22444289171364
1988-09-08,237.95468029615202
1988-09-09,135.14376372296186
1988-09-10,182.00163554773195
1988-09-11,67.85396547022242
1988-09-12,229.659867912259
1988-09-13,77.97156147032973
1988-09-14,100.48964415523861
1988-09-15,279.17865495227875
1988-09-16,64.57654851156653
1988-09-17,61.720680704713075
1988-09-18,95.41918227292982
1988-09-19,91.20003934679104
1988-09-20,97.14470507781706
1988-09-21,299.11343410743905
1988-09-22,271.97790767453387
1988-09-23,110.63988030042533
1988-09-24,285.8465844156585
1988-09-25,291.48005956092527
1988-09-26,289.1723199457314
1988-09-27,211.33023454242385
1988-09-28,229.48067309985402
1988-09-29,191.1604095899763
1988-09-30,215.27045565408426
1988-10-01,167.9960209313776
1988-10-02,113.60376066158301
1988-10-03,104.02340504421058
1988-10-04,75.700073934415
1988-10-05,284.55909466607085
1988-10-06,112.5296193998019
1988-10-07,227.5883237803595
1988-10-08,112.55208152527311
1988-10-09,283.1519757124913
1988-10-10,188.6178978339208
1988-10-11,193.29619861963158
1988-10-12,148.89120663435025
1988-10-13,56.229614780738636
1988-10-14,228.1997509856854
1988-10-15,124.76526644260353
1988-10-16,54.99627998809795
1988-10-17,215.21567429778196
1988-10-18,238.85221468332523
1988-10-19,139.79459238401805
1988-10-20,55.79810792166208
1988-10-21,158.3202636878798
1988-10-22,186.9984808512937
1988-10-23,215.5976074961608
1988-10-24,151.17504200701757
1988-10-25,106.59770562792399
1988-10-26,246.03993482322653
1988-10-27,237.69907981563742
1988-10-28,81.0150992784117
1988-10-29,68.54477370464777
1988-10-30,89.98874699032632
1988-10-31,147.81586816119574
1988-11-01,172.736006776204
1988-11-02,145.75104804892365
1988-11-03,166.82304777242587
1988-11-04,113.12275463685913
1988-11-05,142.1064476532731
1988-11-06,241.77516789752482
1988-11-07,122.8456288514835
1988-11-08,78.62177708005062
1988-11-09,105.91868217446975
1988-11-10,56.994921237233356
1988-11-11,94.03738975793061
1988-11-12,153.03601721321633
1988-11-13,238.01073572710453
1988-11-14,119.13115094933192
1988-11-15,127.77302314007304
1988-11-16,286.9883839108443
1988-11-17,98.93019881484449
1988-11-18,95.70311018724615
1988-11-19,194.89363992015655
1988-11-20,161.08296900607934
1988-11-21,221.70310265161325
1988-11-22,199.34480541393856
1988-11-23,127.76921300522497
1988-11-24,53.170662513476834
1988-11-25,58.034136204442625
1988-11-26,220.02792407978836
1988-11-27,255.58530461854008
1988-11-28,91.82382597975467
1988-11-29,93.35101695021584
1988-11-30,270.55356739820536
1988-12-01,252.23343434585604
1988-12-02,109.20197147886991
1988-12-03,120.54219153758811
1988-12-04,265.6462557380943
1988-12-05,100.59088120697552
1988-12-06,213.9939934162544
1988-12-07,176.36091555709726
1988-12-08,261.8508639563388
1988-12-09,228.46737838109766
1988-12-10,232.4163861012372
1988-12-11,194.75815080696978
1988-12-12,294.0313778808276
1988-12-13,211.4551256190533
1988-12-14,268.7825041866597
1988-12-15,253.61825310340393
1988-12-16,224.85746719646758
1988-12-17,63.99883506548477
1988-12-18,62.78929821516217
1988-12-19,164.61996761034334
1988-12-20,147.9452702213107
1988-12-21,99.43706030700248
1988-12-22,124.46557795799228
1988-12-23,89.90052778742765
1988-12-24,240.63949599807788
1988-12-25,107.84789416551953
1988-12-26,121.67417810804808
1988-12-27,225.92174432147368
1988-12-28,292.5397294409985
1988-12-29,91.41743965076472
1988-12-30,254.0874648588713
1988-12-31,298.49685736627805
1989-01-01,227.96132259268842
1989-01-02,200.86801319459659
1989-01-03,298.20253644227546
1989-01-04,156.96447007903072
1989-01-05,175.96796415747485
1989-01-06,132.57508416552506
1989-01-07,141.7479108280063
1989-01-08,123.43006813529712
1989-01-09,282.8130590457831
1989-01-10,296.8467815686531
1989-01-11,139.43061556658674
1989-01-12,211.00868793115106
1989-01-13,257.84437097824656
1989-01-14,171.11072139702512
1989-01-15,272.9541618171495
1989-01-16,249.51560562306378
1989-01-17,208.37085154670586
1989-01-18,102.3891514567113
1989-01-19,90.979635431352
1989-01-20,51.27430914640442
1989-01-21,61.26603368021753
1989-01-22,115.92628480461971
1989-01-23,123.3112663023811
1989-01-24,170.95472986724462
1989-01-25,240.7696605272122
1989-01-26,59.66763816713781
1989-01-27,159.57967891434473
1989-01-28,220.23856882360073
1989-01-29,90.69020520781535
1989-01-30,289.0836354236087
1989-01-31,88.71408256302283
1989-02-01,235.37954825257833
1989-02-02,268.0488716680403
1989-02-03,68.14432404234608
1989-02-04,159.71940346033472
1989-02-05,171.93283553169397
1989-02-06,74.25361601309106
1989-02-07,154.84659631886677
1989-02-08,54.66210279828353
1989-02-09,207.41155430634032
1989-02-10,266.39365985610027
1989-02-11,291.49022253934754
1989-02-12,277.96713606024144
1989-02-13,224.22814089130182
1989-02-14,292.8127880749477
1989-02-15,175.82269173292937
1989-02-16,142.03448905031576
1989-02-17,256.33910225319795
1989-02-18,142.5658878791144
1989-02-19,168.44104962362908
1989-02-20,298.1603691363099
1989-02-21,264.29701197632437
1989-02-22,67.33552205986241
1989-02-23,123.1379677026464
1989-02-24,191.21706864948362
1989-02-25,61.23940876019658
1989-02-26,265.2945015660263
1989-02-27,86.15875290963072
1989-02-28,226.7713432656439
1989-03-01,215.8108429216033
1989-03-02,289.927897235029
1989-03-03,297.10852035034713
1989-03-04,200.5469390031476
1989-03-05,187.03829988838865
1989-03-06,143.7725014662435
1989-03-07,218.99080195874762
1989-03-08,245.3740298668821
1989-03-09,81.3125896429807
1989-03-10,271.6755364527498
1989-03-11,202.72931259882102
1989-03-12,282.81978296156007
1989-03-13,138.01844722996438
1989-03-14,171.14798658199186
1989-03-15,66.96269124831639
1989-03-16,216.98808422158922
1989-03-17,90.40811583843058
1989-03-18,246.2973621862901
1989-03-19,188.46934781592566
1989-03-20,287.51840087204766
1989-03-21,215.68843087845846
1989-03-22,290.0813295757813
1989-03-23,169.9768603434501
1989-03-24,224.240567208707
1989-03-25,134.96229696789004
1989-03-26,117.21854035731661
1989-03-27,299.74397628811556
1989-03-28,216.21140487013258
1989-03-29,70.41000751198135
1989-03-30,163.18680544731393
1989-03-31,62.246248188487016
1989-04-01,281.07741396803107
1989-04-02,156.8785580713111
1989-04-03,75.90883121402982
1989-04-04,226.17151685685533
1989-04-05,287.15286297766374
1989-04-06,104.5158543295849
1989-04-07,249.76987179178082
1989-04-08,269.8157309118735
1989-04-09,179.9905136791424
1989-04-10,90.10085498422026
1989-04-11,145.3000297167256
1989-04-12,54.5529940999636
1989-04-13,294.8452715101207
1989-04-14,238.99187729034105
1989-04-15,94.72454069225873
1989-04-16,282.4760011387288
1989-04-17,180.28385000215465
1989-04-18,82.04474585269153
1989-04-19,93.78836955735518
1989-04-20,121.05270506646771
1989-04-21,263.0485344323471
1989-04-22,157.21980405762318
1989-04-23,245.72588414658318
1989-04-24,116.77616795527821
1989-04-25,152.48178677275976
1989-04-26,148.8563632454351
1989-04-27,173.7736000689791
1989-04-28,88.7234825756961
1989-04-29,55.215462813656615
1989-04-30,113.64196760649008
1989-05-01,152.3980560891421
1989-05-02,239.87175974345274
1989-05-03,272.85341645713527
1989-05-04,58.36272472535507
1989-05-05,58.098473782397306
1989-05-06,226.27636428815816
1989-05-07,146.74311003966994
1989-05-08,273.4421929922
1989-05-09,178.98966793778172
1989-05-10,157.8108072137028
1989-05-11,91.6608118110552
1989-05-12,233.23462675816674
1989-05-13,155.77422982803702
1989-05-14,258.0611212433466
1989-05-15,252.1260543369176
1989-05-16,82.3699884008009
1989-05-17,269.3835984853134
1989-05-18,163.25838814228382
1989-05-19,158.49161946068372
1989-05-20,101.85374039171327
1989-05-21,105.1017395609498
1989-05-22,258.02718325850685
1989-05-23,164.7579520950084
1989-05-24,101.04960261406532
1989-05-25,131.99507035170052
1989-05-26,66.36542271700434
1989-05-27,181.7459197875692
1989-05-28,283.10346964778194
1989-05-29,156.71959687600628
1989-05-30,98.00182211570899
1989-05-31,143.8475480814782
1989-06-01,58.06135805726605
1989-06-02,283.03131463098487
1989-06-03,294.3146880454069
1989-06-04,74.66062387949758
1989-06-05,77.24804614063916
1989-06-06,203.60680078701773
1989-06-07,262.6434152619395
1989-06-08,171.8583463244631
1989-06-09,296.9821642589791
1989-06-10,204.14070959476038
1989-06-11,228.61580546904892
1989-06-12,247.3494713374224
1989-06-13,204.62334537972748
1989-06-14,279.04746605847356
1989-06-15,168.16593627595486
1989-06-16,63.227292377856216
1989-06-17,288.32382852117064
1989-06-18,233.5123968634477
1989-06-19,185.41849087182382
1989-06-20,148.58985712792474
1989-06-21,129.54057779993502
1989-06-22,92.77693133522153
1989-06-23,244.03439059919356
1989-06-24,148.48538683989273
1989-06-25,293.4319047943542
1989-06-26,285.8026424699642
1989-06-27,235.15973639421887
1989-06-28,239.85159353485318
1989-06-29,155.20318492046044
1989-06-30,187.64792907464533
1989-07-01,96.06543737790797
1989-07-02,86.53990219458505
1989-07-03,119.76671522853475
1989-07-04,265.4273085818744
1989-07-05,259.1369224282816
1989-07-06,286.6377310643261
1989-07-07,293.663317994037
1989-07-08,82.02168303116743
1989-07-09,101.01978238133131
1989-07-10,242.0032997556798
1989-07-11,258.0003285773943
1989-07-12,156.3863789429397
1989-07-13,275.49739067153064
1989-07-14,274.03469146792474
1989-07-15,58.958967741450195
1989-07-16,210.55775713833614
1989-07-17,254.66438374602856
1989-07-18,281.5943007118692
1989-07-19,186.79670280646877
1989-07-20,141.39836867271623
1989-07-21,135.05952882443552
1989-07-22,52.76056049325169
1989-07-23,212.25546420443413
1989-07-24,213.35897695768267
1989-07-25,112.50277915238486
1989-07-26,254.77928507343123
1989-07-27,215.68551235671197
1989-07-28,112.64672150584863
1989-07-29,163.00459792367616
1989-07-30,254.8855032573211
1989-07-31,191.79255975779296
1989-08-01,270.65822258071194
1989-08-02,104.15888464764149
1989-08-03,298.97684284476185
1989-08-04,263.11982579328304
1989-08-05,236.80083688489927
1989-08-06,230.77043130425932
1989-08-07,60.343376815209275
1989-08-08,61.36355459945104
1989-08-09,66.65393097968047
1989-08-10,117.2650948743512
1989-08-11,174.60060715161063
1989-08-12,51.02780657651078
1989-08-13,252.04249849546272
1989-08-14,138.74648860367734
1989-08-15,244.2483531896176
1989-08-16,143.07560514943322
1989-08-17,227.936076252642
1989-08-18,295.04508267898416
1989-08-19,177.72129186369597
1989-08-20,132.57421911386604
1989-08-21,100.00084415181249
1989-08-22,263.6681372797357
1989-08-23,173.47175376794067
1989-08-24,121.26437569204919
1989-08-25,241.00958544636208
1989-08-26,134.26948877653405
1989-08-27,226.99363851785716
1989-08-28,184.45655639814706
1989-08-29,133.15962738144032
1989-08-30,192.41545161373037
1989-08-31,253.35983575255352
1989-09-01,106.88475991896672
1989-09-02,132.2888548544036
1989-09-03,286.8809118892433
1989-09-04,272.59722306897817
1989-09-05,278.31046244432673
1989-09-06,76.04384836920848
1989-09-07,182.90165708854582
1989-09-08,173.48742202075107
1989-09-09,256.26548809215166
1989-09-10,150.43183493990085
1989-09-11,202.03438003573623
1989-09-12,156.873432102266
1989-09-13,112.26192383960976
1989-09-14,274.39451392528406
1989-09-15,103.76506080678067
1989-09-16,235.6387299308778
1989-09-17,178.8693974248755
1989-09-18,169.53011202170268
1989-09-19,169.41089429840318
1989-09-20,248.96570053576744
1989-09-21,58.654974234426156
1989-09-22,72.84984379556273
1989-09-23,278.71874984004944
1989-09-24,97.72778385202867
1989-09-25,119.72720611156983
1989-09-26,60.239482383339826
1989-09-27,158.02625705853654
1989-09-28,180.44630914748768
1989-09-29,179.11951447704223
1989-09-30,146.5697982176559
1989-10-01,281.5765722257797
1989-10-02,287.866346360542
1989-10-03,113.89273668468334
1989-10-04,171.0898499871254
1989-10-05,161.9839689064269
1989-10-06,249.09357773839014
1989-10-07,59.72488043616795
1989-10-08,240.69629172672845
1989-10-09,185.87068251496595
1989-10-10,296.0541601045603
1989-10-11,104.59127806353808
1989-10-12,297.08714277809656
1989-10-13,210.992747725196
1989-10-14,189.6090167703454
1989-10-15,284.9228065928372
1989-10-16,207.7884082527469
1989-10-17,104.92140955148284
1989-10-18,219.84914448968397
1989-10-19,279.87684718072256
1989-10-20,143.39432994128043
1989-10-21,270.8387238988964
1989-10-22,104.70903111759812
1989-10-23,238.8365932377145
1989-10-24,151.95714219212934
1989-10-25,222.15518638074386
1989-10-26,228.01452672251975
1989-10-27,282.6184806638556
1989-10-28,76.03407457166517
1989-10-29,176.12459679330397
1989-10-30,227.26728574539135
1989-10-31,147.31786733488548
1989-11-01,238.16856160336553
1989-11-02,189.53932912250153
1989-11-03,229.93012292649368
1989-11-04,241.48344527801345
1989-11-05,123.18760940454582
1989-11-06,166.73241206801242
1989-11-07,94.73433435369043
1989-11-08,176.97358675210793
1989-11-09,207.71918669974627
1989-11-10,220.27832288930475
1989-11-11,173.779719123328
1989-11-12,147.17888890320575
1989-11-13,238.95654461483852
1989-11-14,125.40649925066276
1989-11-15,145.2220086066646
1989-11-16,240.40425904301907
1989-11-17,252.5942077206359
1989-11-18,130.46499153476879
1989-11-19,216.44964278588301
1989-11-20,208.3234476773673
1989-11-21,199.84215277662858
1989-11-22,298.35137599013603
1989-11-23,121.48891587591244
1989-11-24,220.26147445188812
1989-11-25,272.726504128008
1989-11-26,154.58935209300358
1989-11-27,264.2521609236924
1989-11-28,289.5381523768622
1989-11-29,268.75018628708796
1989-11-30,254.97514759234127
1989-12-01,205.4528350914709
1989-12-02,216.7939657279905
1989-12-03,62.63384466394321
1989-12-04,85.89494012110639
1989-12-05,225.57200504434766
1989-12-06,158.54603347090756
1989-12-07,211.1118127272794
1989-12-08,266.72239885928116
1989-12-09,189.80439728145024
1989-12-10,131.82246001430292
1989-12-11,272.79421666119475
1989-12-12,261.0781248500331
1989-12-13,130.8185637804503
1989-12-14,151.39191120673016
1989-12-15,152.95846609473443
1989-12-16,195.92309751714964
1989-12-17,183.30693549993285
1989-12-18,238.87089151108577
1989-12-19,174.1880619146525
1989-12-20,61.90728077538453
1989-12-21,258.6438764327979
1989-12-22,257.26589151198743
1989-12-23,265.9683217077575
1989-12-24,51.18516871586333
1989-12-25,270.6541108394425
1989-12-26,200.52086747274262
1989-12-27,157.86624954455277
1989-12-28,286.5035782232891
1989-12-29,154.88186583389376
1989-12-30,174.24090099790675
1989-12-31,119.76073466388833
1990-01-01,102.52569084457195
1990-01-02,126.73340276774535
1990-01-03,262.10671939692804
1990-01-04,187.14505259930328
1990-01-05,270.8707768524216
1990-01-06,259.6292575804331
1990-01-07,263.3487699922955
1990-01-08,212.84202758766295
1990-01-09,103.60147857747359
1990-01-10,225.8193448451766
1990-01-11,122.84506060624682
1990-01-12,100.21433851471494
1990-01-13,144.98703651429668
1990-01-14,295.97014828497925
1990-01-15,192.27140877590142
1990-01-16,247.10816888384142
1990-01-17,215.50045673773596
1990-01-18,173.3948857298957
1990-01-19,89.25810394060458
1990-01-20,116.3070706349756
1990-01-21,101.89884028528306
1990-01-22,124.51768601495331
1990-01-23,190.66825757012603
1990-01-24,199.96877036767626
1990-01-25,137.7313403006521
1990-01-26,129.22499600090862
1990-01-27,233.2152767276181
1990-01-28,234.18684113802263
1990-01-29,96.6235521789754
1990-01-30,238.06123159116783
1990-01-31,280.94540455366564
1990-02-01,189.8801667389749
1990-02-02,63.48440403206044
1990-02-03,154.85398213103565
1990-02-04,170.08471682456627
1990-02-05,217.3331926845197
1990-02-06,191.61674507053706
1990-02-07,148.95086361768327
1990-02-08,135.37859261128386
1990-02-09,172.12559704722844
1990-02-10,129.45699432379385
1990-02-11,268.97806003584947
1990-02-12,78.5614383520077
1990-02-13,138.55304010575816
1990-02-14,227.03976566438277
1990-02-15,295.4121275347712
1990-02-16,144.6960044995355
1990-02-17,244.27002550302296
1990-02-18,279.9982453113727
1990-02-19,239.93121457721253
1990-02-20,221.79609539373098
1990-02-21,272.49770056334444
1990-02-22,84.73626887906855
1990-02-23,191.6504403083955
1990-02-24,226.91955995608106
1990-02-25,228.75265007199835
1990-02-26,255.704500941019
1990-02-27,295.8000711953289
1990-02-28,229.93487877196597
1990-03-01,91.99685030773372
1990-03-02,98.51113103631354
1990-03-03,208.58829124691636
1990-03-04,80.7208234745901
1990-03-05,247.66826343044454
1990-03-06,146.66145040996366
1990-03-07,61.09283474870077
1990-03-08,257.1272034913886
1990-03-09,187.1921274787682
1990-03-10,188.67473058879864
1990-03-11,199.8129237269728
1990-03-12,293.38188450900543
1990-03-13,248.68577909647806
1990-03-14,214.77690445513161
1990-03-15,257.2030310248763
1990-03-16,182.15160381386949
1990-03-17,88.49044346385932
1990-03-18,220.47065480879388
1990-03-19,140.31127252999343
1990-03-20,280.12974610007154
1990-03-21,104.78417722325338
1990-03-22,117.47332048428353
1990-03-23,171.99287319414032
1990-03-24,285.6465428273069
1990-03-25,153.94228690147173
1990-03-26,169.9500482678131
1990-03-27,206.51672877158413
1990-03-28,242.9973315498865
1990-03-29,248.6458415596307
1990-03-30,69.79461132290433
1990-03-31,268.30431136320476
1990-04-01,96.34133415323497
1990-04-02,124.79602483392375
1990-04-03,212.23549621608004
1990-04-04,296.97745410592665
1990-04-05,108.49638187977632
1990-04-06,198.730547037314
1990-04-07,208.28798723916634
1990-04-08,243.8939953574384
1990-04-09,272.867671512439
1990-04-10,95.79004639438772
1990-04-11,278.38654263587046
1990-04-12,299.70094863680447
1990-04-13,114.56044891581661
1990-04-14,280.8547524037069
1990-04-15,259.5887886137317
1990-04-16,75.3624787306021
1990-04-17,258.2574975081957
1990-04-18,173.30561052299237
1990-04-19,225.61821622491846
1990-04-20,108.19013167518347
1990-04-21,184.35484559590267
1990-04-22,227.2954302724534
1990-04-23,255.2914600524984
1990-04-24,103.23310754861035
1990-04-25,162.20324056177589
1990-04-26,126.81947915275275
1990-04-27,137.53108448893022
1990-04-28,231.84931916704093
1990-04-29,174.95094196699003
1990-04-30,175.7560884704808
1990-05-01,296.92833885381754
1990-05-02,198.77479202491708
1990-05-03,73.96554919449615
1990-05-04,231.08631386196714
1990-05-05,274.93108846795076
1990-05-06,259.13307819653534
1990-05-07,189.8853300622925
1990-05-08,275.1856681812221
1990-05-09,123.89901769604506
1990-05-10,247.030561316561
1990-05-11,139.31887129858032
1990-05-12,152.54429896072457
1990-05-13,195.17508062434507
1990-05-14,219.8331123170778
1990-05-15,148.82725589552416
1990-05-16,57.56188230519056
1990-05-17,266.7523661407263
1990-05-18,142.11706008175747
1990-05-19,235.789771959543
1990-05-20,97.72369888108291
1990-05-21,219.10666579352346
1990-05-22,158.3672985286767
1990-05-23,242.85150163418086
1990-05-24,144.21669775113165
1990-05-25,249.70657618005043
1990-05-26,281.2725574120974
1990-05-27,194.01324750214812
1990-05-28,119.24260975935897
1990-05-29,175.41900501117465
1990-05-30,241.88491410593426
1990-05-31,83.44939137401379
1990-06-01,230.1345210405083
1990-06-02,94.81687999855905
1990-06-03,189.6039641596062
1990-06-04,56.64522250184665
1990-06-05,254.21407585927267
1990-06-06,278.61082564466324
1990-06-07,218.6524948288008
1990-06-08,72.84960258332275
1990-06-09,90.69305181416422
1990-06-10,64.68435330284993
1990-06-11,202.72879915550973
1990-06-12,105.75572644366306
1990-06-13,230.9147905681367
1990-06-14,100.56663620538937
1990-06-15,157.09471671072475
1990-06-16,106.08183300288371
1990-06-17,143.84860127666784
1990-06-18,146.41001231439373
1990-06-19,256.2784580594812
1990-06-20,227.21489243201322
1990-06-21,283.0165365875695
1990-06-22,228.47942576600042
1990-06-23,72.96958256005601
1990-06-24,133.56504623081366
1990-06-25,190.11716525566348
1990-06-26,222.4850041198619
1990-06-27,204.7929486670965
1990-06-28,70.3732907056941
1990-06-29,95.89906639828553
1990-06-30,131.19861284090462
1990-07-01,290.3220209600091
1990-07-02,294.64513808043347
1990-07-03,256.58533404971007
1990-07-04,117.15648315224854
1990-07-05,175.08752741732354
1990-07-06,285.0666532736773
1990-07-07,81.96099758449667
1990-07-08,206.4514037140013
1990-07-09,53.509117208025906
1990-07-10,168.86208422236155
1990-07-11,128.7881649089758
1990-07-12,277.3358859331976
1990-07-13,281.0207743726614
1990-07-14,236.23105119332615
1990-07-15,270.554917485128
1990-07-16,206.50247128081807
1990-07-17,168.27567318402282
1990-07-18,277.3583565326891
1990-07-19,227.48836863402482
1990-07-20,99.08017414452645
1990-07-21,211.49081428590276
1990-07-22,80.69931493858202
1990-07-23,113.05983667699778
1990-07-24,85.09566634364245
1990-07-25,285.58046773990475
1990-07-26,147.54916420494953
1990-07-27,101.76337991762591
1990-07-28,136.45281824851924
1990-07-29,77.13174241407687
1990-07-30,121.69704575960046
1990-07-31,95.88737397564361
1990-08-01,239.70311240806606
1990-08-02,157.21892007912146
1990-08-03,178.09619997939782
1990-08-04,141.9154548274983
1990-08-05,69.48446211033792
1990-08-06,219.65642782901895
1990-08-07,71.95745557167031
1990-08-08,124.85812239357428
1990-08-09,197.81916451936485
1990-08-10,292.45140388873574
1990-08-11,261.22610083985296
1990-08-12,91.56864083763668
1990-08-13,72.74056085946543
1990-08-14,285.55540558027474
1990-08-15,294.16171803753605
1990-08-16,74.02505453881157
1990-08-17,134.0546189396533
1990-08-18,68.0977213522223
1990-08-19,110.92157460729689
1990-08-20,218.60547576740336
1990-08-21,259.22385940203253
1990-08-22,72.22758317000984
1990-08-23,299.99428772488955
1990-08-24,101.82684118232302
1990-08-25,227.32796090587695
1990-08-26,225.3387628683688
1990-08-27,198.450054688046
1990-08-28,214.46393658087598
1990-08-29,83.65139955204401
1990-08-30,259.03397064298065
1990-08-31,268.0436673590577
1990-09-01,185.4812894037185
1990-09-02,279.2420483607461
1990-09-03,181.46130760000096
1990-09-04,122.51915038353616
1990-09-05,176.3034730400391
1990-09-06,166.78937825940454
1990-09-07,148.6271461678527
1990-09-08,168.14705760737365
1990-09-09,53.26206497453166
1990-09-10,100.06175562544213
1990-09-11,61.99183028068815
1990-09-12,155.14737607318506
1990-09-13,126.4592541276447
1990-09-14,94.6003234278433
1990-09-15,259.5369368494772
1990-09-16,140.02635041020906
1990-09-17,179.124578719997
1990-09-18,147.16508878045235
1990-09-19,51.29214047836135
1990-09-20,251.15665482015518
1990-09-21,195.51008806655818
1990-09-22,198.4452755936511
1990-09-23,126.85550283797457
1990-09-24,237.53397694718146
1990-09-25,229.2392745505098
1990-09-26,103.70845911944255
1990-09-27,54.95794687395967
1990-09-28,149.8057296285407
1990-09-29,62.967399288746044
1990-09-30,58.28912737460743
1990-10-01,275.0432762159147
1990-10-02,101.02502826307995
1990-10-03,99.20191895148687
1990-10-04,69.68304146171079
1990-10-05,94.45611492431533
1990-10-06,223.16793418689366
1990-10-07,129.43142966748078
1990-10-08,123.31431380355288
1990-10-09,210.23200789836739
1990-10-10,192.3794806654601
1990-10-11,194.1935306161638
1990-10-12,250.94956788819167
1990-10-13,218.78351045066137
1990-10-14,102.04799127295156
1990-10-15,256.0293775420205
1990-10-16,280.7235861025039
1990-10-17,259.6880626676714
1990-10-18,247.15626922690768
1990-10-19,257.12208328357855
1990-10-20,97.07782996237759
1990-10-21,189.59164759646214
1990-10-22,255.8513351619696
1990-10-23,263.5709189282111
1990-10-24,65.50371201470301
1990-10-25,201.98740221788555
1990-10-26,246.8835628509088
1990-10-27,187.13954677173763
1990-10-28,243.8267092572491
1990-10-29,256.9194429560799
1990-10-30,52.42191516391649
1990-10-31,275.0404179438088
1990-11-01,164.79979692170076
1990-11-02,274.7184501536735
1990-11-03,78.51369983396593
1990-11-04,146.46158980815278
1990-11-05,256.11540542744973
1990-11-06,238.7803349076358
1990-11-07,209.17377204988577
1990-11-08,220.59792893420556
1990-11-09,52.11726270476109
1990-11-10,119.7150584296797
1990-11-11,89.81928742111238
1990-11-12,185.51738153593226
1990-11-13,93.66092760902544
1990-11-14,228.05262428207436
1990-11-15,166.92970270920262
1990-11-16,62.95536572599113
1990-11-17,275.7704097435437
1990-11-18,50.694674227682576
1990-11-19,221.2281703278143
1990-11-20,148.93225219823574
1990-11-21,87.40599712922588
1990-11-22,71.00668448293916
1990-11-23,205.70872597572716
1990-11-24,267.4059419649643
1990-11-25,139.48696293490156
1990-11-26,256.99485103099164
1990-11-27,111.61438016165937
1990-11-28,268.1542953447673
1990-11-29,87.18458330782528
1990-11-30,220.54791868860391
1990-12-01,205.20334864333464
1990-12-02,144.19196927076723
1990-12-03,134.4570985901902
1990-12-04,276.5749565803137
1990-12-05,108.63927102122868
1990-12-06,58.29227900261961
1990-12-07,58.71543541418321
1990-12-08,133.1638280522526
1990-12-09,210.11730900071302
1990-12-10,285.49415069608
1990-12-11,276.73873750671396
1990-12-12,99.98263327096606
1990-12-13,192.18286810002135
1990-12-14,147.17618402077233
1990-12-15,239.79595712798937
1990-12-16,81.50945367138019
1990-12-17,218.82354394390754
1990-12-18,134.77109355624293
1990-12-19,62.380811627028976
1990-12-20,98.19655185048491
1990-12-21,83.79884379841499
1990-12-22,166.95081668333017
1990-12-23,271.76811380755566
1990-12-24,266.9315013554151
1990-12-25,278.97026812672163
1990-12-26,269.7607774681918
1990-12-27,234.67757942056846
1990-12-28,113.43357272772562
1990-12-29,129.84938229384323
1990-12-30,236.04871843740227
1990-12-31,287.6833583688357
1991-01-01,162.3966891099994
1991-01-02,141.126631798637
1991-01-03,75.31593380892832
1991-01-04,51.14863192009212
1991-01-05,108.92053077453433
1991-01-06,110.11599943936358
1991-01-07,139.93621459349947
1991-01-08,88.92687663035267
1991-01-09,224.49786253039792
1991-01-10,268.2856803157881
1991-01-11,131.1242627929045
1991-01-12,105.90863767841361
1991-01-13,63.038066263459406
1991-01-14,131.63556961130263
1991-01-15,131.53069440219508
1991-01-16,256.03433958867197
1991-01-17,175.76250695409692
1991-01-18,274.3227312972176
1991-01-19,169.68117898884884
1991-01-20,253.35423982431678
1991-01-21,298.9492879200835
1991-01-22,60.99726395539308
1991-01-23,115.24405850007153
1991-01-24,278.2167709261916
1991-01-25,171.36801985204337
1991-01-26,270.73606521840054
1991-01-27,72.97062374091475
1991-01-28,298.09564380866584
1991-01-29,160.13568927594326
1991-01-30,288.0523003557762
1991-01-31,95.50681582857382
1991-02-01,87.6370222693605
1991-02-02,59.60398181965419
1991-02-03,194.3847063403224
1991-02-04,98.71540524992096
1991-02-05,68.38335913486506
1991-02-06,134.37471905576078
1991-02-07,274.7550367060178
1991-02-08,241.88480982847514
1991-02-09,70.57248710737444
1991-02-10,117.8904870692551
1991-02-11,66.99163241896753
1991-02-12,141.34933921368537
1991-02-13,231.3766289322266
1991-02-14,208.3883422326857
1991-02-15,174.18765233234086
1991-02-16,161.79674918205842
1991-02-17,295.6322467859666
1991-02-18,212.90340582504126
1991-02-19,119.16508388066498
1991-02-20,180.85461450761952
1991-02-21,238.24508705924308
1991-02-22,267.4668979124905
1991-02-23,55.62141415243097
1991-02-24,84.22479413168648
1991-02-25,156.51678051086265
1991-02-26,254.72672138110417
1991-02-27,124.93611709194836
1991-02-28,230.2367779748277
1991-03-01,93.17138789660052
1991-03-02,163.60874614506457
1991-03-03,112.55163770223668
1991-03-04,243.6412289598125
1991-03-05,124.66170399709121
1991-03-06,244.8857150184382
1991-03-07,80.4812302141124
1991-03-08,227.32823281936325
1991-03-09,243.62969309061083
1991-03-10,231.33391498195013
1991-03-11,245.81229403413008
1991-03-12,276.07468143478275
1991-03-13,212.203076727506
1991-03-14,162.21283698458043
1991-03-15,121.02636171617885
1991-03-16,283.8090754188459
1991-03-17,87.12516679809818
1991-03-18,81.28494903538761
1991-03-19,145.74202697270744
1991-03-20,107.63730471767248
1991-03-21,114.81384410050511
1991-03-22,69.17546516846227
1991-03-23,184.84358570062182
1991-03-24,298.50221529867724
1991-03-25,286.04330346123163
1991-03-26,173.09019187011023
1991-03-27,111.77139682506171
1991-03-28,88.20383251730809
1991-03-29,224.73858497656843
1991-03-30,247.06216841692552
1991-03-31,138.0384814275501
1991-04-01,117.81520471949432
1991-04-02,140.4834357044843
1991-04-03,211.11700796268528
1991-04-04,299.40142717042886
1991-04-05,151.8476732433697
1991-04-06,123.94743812645422
1991-04-07,99.03190255397699
1991-04-08,286.8547097586011
1991-04-09,147.1504079130289
1991-04-10,251.4100309742202
1991-04-11,257.8241677991049
1991-04-12,178.49959883714612
1991-04-13,268.4761092990602
1991-04-14,113.03793204900091
1991-04-15,238.30500120575869
1991-04-16,76.2925975420624
1991-04-17,269.6900411844625
1991-04-18,267.5994468168534
1991-04-19,200.03633077346052
1991-04-20,215.9805960417375
1991-04-21,132.03828009110805
1991-04-22,297.090869479277
1991-04-23,146.00612341786157
1991-04-24,287.2701420510861
1991-04-25,155.40860538987062
1991-04-26,249.93080839452858
1991-04-27,213.81623732847868
1991-04-28,101.83613495757928
1991-04-29,129.9405254723914
1991-04-30,52.79415940573513
1991-05-01,298.45120160431213
1991-05-02,274.4189177027407
1991-05-03,234.92510685864755
1991-05-04,83.38962561461925
1991-05-05,73.54717112583818
1991-05-06,285.21444747125486
1991-05-07,290.3305080204717
1991-05-08,195.9875969087616
1991-05-09,134.3533953783377
1991-05-10,292.9175044125832
1991-05-11,149.187551382538
1991-05-12,70.88556099321964
1991-05-13,156.73165077701037
1991-05-14,265.84825394684833
1991-05-15,88.330673289668
1991-05-16,261.4258871988129
1991-05-17,276.3588997290816
1991-05-18,249.93176220654937
1991-05-19,186.38120400077986
1991-05-20,174.33155941743684
1991-05-21,185.83234832318536
1991-05-22,232.31128221311687
1991-05-23,294.59935196311324
1991-05-24,242.66649605282802
1991-05-25,56.77237541136555
1991-05-26,139.87490911272374
1991-05-27,69.76074444227999
1991-05-28,272.84908481505806
1991-05-29,151.2625903673752
1991-05-30,79.98377175115147
1991-05-31,266.0246366739247
1991-06-01,181.64875387781314
1991-06-02,89.24177634349871
1991-06-03,154.12074876079544
1991-06-04,132.7945341108645
1991-06-05,61.930677484040004
1991-06-06,66.13192690584489
1991-06-07,288.81704618810636
1991-06-08,283.00491665068137
1991-06-09,215.50496140609067
1991-06-10,270.11151893001994
1991-06-11,94.58969549774716
1991-06-12,167.62425730287708
1991-06-13,231.09531638739165
1991-06-14,231.0527655101255
1991-06-15,51.11585605473336
1991-06-16,94.00395612901272
1991-06-17,264.32146616602347
1991-06-18,291.22951571294317
1991-06-19,180.001500243125
1991-06-20,129.3322718446165
1991-06-21,167.42609442570216
1991-06-22,213.9390699058815
1991-06-23,99.48395212051398
1991-06-24,255.62025626191758
1991-06-25,251.8144663981236
1991-06-26,172.43086881877508
1991-06-27,96.019436981378
1991-06-28,123.98871906013801
1991-06-29,254.569869752025
1991-06-30,292.65370836520344
1991-07-01,81.24880143806283
1991-07-02,142.73387848235893
1991-07-03,53.343400486859856
1991-07-04,299.0600009585339
1991-07-05,273.05010437505643
1991-07-06,85.73503855135377
1991-07-07,234.62864532945002
1991-07-08,159.54737449188173
1991-07-09,154.53906265357983
1991-07-10,71.86164673845364
1991-07-11,116.09638212323935
1991-07-12,124.2651792132903
1991-07-13,176.3044375889814
1991-07-14,99.30806656836373
1991-07-15,72.84341297678017
1991-07-16,140.31119202750256
1991-07-17,145.2953433941118
1991-07-18,192.89864707621257
1991-07-19,216.46734126372033
1991-07-20,173.8342498987654
1991-07-21,188.49566752224825
1991-07-22,71.24069811392806
1991-07-23,167.8343216623193
1991-07-24,81.4393550623282
1991-07-25,147.53256852930951
1991-07-26,181.38845405428816
1991-07-27,62.37837461344626
1991-07-28,156.88085722718202
1991-07-29,106.58461071230359
1991-07-30,225.8471614793847
1991-07-31,126.5959558649493
1991-08-01,121.79789520242275
1991-08-02,72.01489779946897
1991-08-03,177.4108814260101
1991-08-04,224.32206358601496
1991-08-05,181.9799082876195
1991-08-06,218.1863609137363
1991-08-07,64.84157066515851
1991-08-08,162.7782815344804
1991-08-09,163.03144283234394
1991-08-10,150.90003398158635
1991-08-11,268.97057210951624
1991-08-12,73.2977054797329
1991-08-13,54.72578405434631
1991-08-14,191.64876206419038
1991-08-15,185.7328581994042
1991-08-16,109.37713575467573
1991-08-17,107.74123999370693
1991-08-18,101.11905577542286
1991-08-19,240.52348879707378
1991-08-20,261.32307720997846
1991-08-21,140.77041769792973
1991-08-22,192.81559853685752
1991-08-23,50.07416026814314
1991-08-24,120.19831011951489
1991-08-25,179.84282506863696
1991-08-26,215.47133080412522
1991-08-27,254.65495329790497
1991-08-28,278.2643835092119
1991-08-29,189.51474131324028
1991-08-30,219.26701093987296
1991-08-31,186.4979142280691
1991-09-01,130.36663288062593
1991-09-02,185.27890638607735
1991-09-03,174.70879851486572
1991-09-04,86.5676686480592
1991-09-05,56.56330699193261
1991-09-06,98.31560650998966
1991-09-07,275.9686663570252
1991-09-08,188.908399918708
1991-09-09,156.04648296692363
1991-09-10,89.79029445798847
1991-09-11,278.8140465991663
1991-09-12,242.62969625566245
1991-09-13,209.85980580634836
1991-09-14,60.38270510801229
1991-09-15,291.71702095237055
1991-09-16,153.05130404751606
1991-09-17,75.95033875280609
1991-09-18,117.57356579351031
1991-09-19,68.09541112962934
1991-09-20,110.74022899799827
1991-09-21,144.28929602248763
1991-09-22,123.2034148006481
1991-09-23,172.62660708549168
1991-09-24,146.57545984786725
1991-09-25,51.29203629103175
1991-09-26,213.0081909505486
1991-09-27,239.00328482876773
1991-09-28,135.4270661717903
1991-09-29,70.63952486608378
1991-09-30,228.43178017798374
1991-10-01,117.84393640456118
1991-10-02,58.36277137094527
1991-10-03,116.3273099354798
1991-10-04,261.0340323869729
1991-10-05,179.11938269418414
1991-10-06,183.71558058468221
1991-10-07,179.37310877306572
1991-10-08,229.49442936030832
1991-10-09,64.64761232693701
1991-10-10,94.14424641513278
1991-10-11,60.71183471038556
1991-10-12,270.8216530626188
1991-10-13,290.48870885610484
1991-10-14,65.68921599791321
1991-10-15,284.83430260881687
1991-10-16,197.03502766998346
1991-10-17,239.35981017548386
1991-10-18,243.3604577087976
1991-10-19,67.8604574040406
1991-10-20,298.95421349393183
1991-10-21,271.0859117005707
1991-10-22,76.207043802067
1991-10-23,173.1581925745206
1991-10-24,104.07603671742496
1991-10-25,94.45621461781826
1991-10-26,60.30626292818448
1991-10-27,216.42920253139678
1991-10-28,207.71705881620176
1991-10-29,89.84347537049598
1991-10-30,54.09811962618481
1991-10-31,289.61950285366356
1991-11-01,205.20527426282533
1991-11-02,161.81138199389045
1991-11-03,171.89289199501542
1991-11-04,50.271386331799405
1991-11-05,291.9022656123044
1991-11-06,152.96509273027317
1991-11-07,132.43860203277487
1991-11-08,279.9938426384291
1991-11-09,194.83055337165683
1991-11-10,157.39246571788186
1991-11-11,190.58265682331265
1991-11-12,128.7372658103372
1991-11-13,265.1961037410998
1991-11-14,220.1439297750165
1991-11-15,240.47919718306264
1991-11-16,119.01458807081329
1991-11-17,218.61294397519566
1991-11-18,198.69830954420547
1991-11-19,114.44995309724283
1991-11-20,237.27174000472561
1991-11-21,176.0043715397464
1991-11-22,104.95053380164708
1991-11-23,182.21857363684157
1991-11-24,107.36079974022977
1991-11-25,53.841729322002415
1991-11-26,84.18272669568702
1991-11-27,91.52992328602481
1991-11-28,81.48238709928907
1991-11-29,151.40610006535982
1991-11-30,86.2629349028744
1991-12-01,91.54381137906721
1991-12-02,194.39554830482393
1991-12-03,166.29725085823137
1991-12-04,274.1066419923526
1991-12-05,152.8285504121565
1991-12-06,226.75461732667847
1991-12-07,205.87870739836018
1991-12-08,57.84900114105813
1991-12-09,247.5552029876633
1991-12-10,222.28442084369968
1991-12-11,140.59755297291576
1991-12-12,54.74760967660712
1991-12-13,265.34067097048376
1991-12-14,169.15226018307555
1991-12-15,178.60429356689104
1991-12-16,68.73179950168773
1991-12-17,122.3569879029457
1991-12-18,231.92066800891672
1991-12-19,90.99433737258992
1991-12-20,282.0988540407427
1991-12-21,172.27521108492098
1991-12-22,255.60209041607592
1991-12-23,256.1351945212013
1991-12-24,114.82929504137012
1991-12-25,139.36163048931084
1991-12-26,115.31954787241376
1991-12-27,241.1020573053662
1991-12-28,205.66451471967287
1991-12-29,117.11063215468901
1991-12-30,85.16533068199901
1991-12-31,76.91938449054993
1992-01-01,54.53871100917716
1992-01-02,156.5731416721802
1992-01-03,266.58105448690327
1992-01-04,113.33972217079922
1992-01-05,282.9423370343386
1992-01-06,169.12752567873093
1992-01-07,293.4609200677038
1992-01-08,216.5940262875896
1992-01-09,240.05661310045207
1992-01-10,66.46445649168682
1992-01-11,146.35204161625066
1992-01-12,149.32738981015896
1992-01-13,205.74872219888113
1992-01-14,53.11818869199087
1992-01-15,278.5729737401998
1992-01-16,191.89195076476807
1992-01-17,220.56405455729228
1992-01-18,85.979517905269
1992-01-19,210.07877413931945
1992-01-20,92.58478534375914
1992-01-21,182.07369339419753
1992-01-22,286.4854112666775
1992-01-23,51.26851401235045
1992-01-24,51.55826849909807
1992-01-25,104.42523805854371
1992-01-26,274.0042871862082
1992-01-27,142.84965479515813
1992-01-28,256.85500238291786
1992-01-29,286.6881922486099
1992-01-30,255.6019006035069
1992-01-31,249.94059797957294
1992-02-01,90.73352843048195
1992-02-02,120.86538727141186
1992-02-03,271.90161206346403
1992-02-04,196.28633830993007
1992-02-05,51.98296335086123
1992-02-06,271.896488141138
1992-02-07,199.41703680404106
1992-02-08,94.95202483384969
1992-02-09,140.31158078749982
1992-02-10,272.15170556276587
1992-02-11,200.77739179506554
1992-02-12,141.9135532439244
1992-02-13,92.4970975841461
1992-02-14,123.66906413859903
1992-02-15,198.8630843574144
1992-02-16,101.46953704180234
1992-02-17,257.765356409251
1992-02-18,263.5136872007713
1992-02-19,129.58987548429397
1992-02-20,193.90228747757556
1992-02-21,79.18199275720545
1992-02-22,99.01656034470179
1992-02-23,109.7963755089205
1992-02-24,213.66666604141136
1992-02-25,78.87557084278563
1992-02-26,205.4682514355143
1992-02-27,178.8979643086909
1992-02-28,155.13133789027162
1992-02-29,94.49996718368621
1992-03-01,245.99908422703052
1992-03-02,68.88989474065735
1992-03-03,240.54403664914506
1992-03-04,188.7279156664465
1992-03-05,232.14451841527094
1992-03-06,162.30982387149697
1992-03-07,235.82641324841194
1992-03-08,180.22686572473472
1992-03-09,144.8857441591876
1992-03-10,160.25167816832638
1992-03-11,253.61717701180157
1992-03-12,266.1437434565694
1992-03-13,53.30501348602791
1992-03-14,60.41139306075989
1992-03-15,209.8489646471699
1992-03-16,50.81839621159524
1992-03-17,180.80969544602362
1992-03-18,127.471533087561
1992-03-19,287.4433486172462
1992-03-20,199.80810350191743
1992-03-21,91.50540368721741
1992-03-22,122.4606414181445
1992-03-23,101.85393692083395
1992-03-24,154.31265212827805
1992-03-25,66.35212142096967
1992-03-26,279.9529438105778
1992-03-27,190.61452235659755
1992-03-28,257.1267864920552
1992-03-29,101.22944398486229
1992-03-30,104.4655406907113
1992-03-31,151.2015025322977
1992-04-01,286.23085984558344
1992-04-02,190.74769356959675
1992-04-03,244.1475574679846
1992-04-04,220.9543808845222
1992-04-05,101.98193694271077
1992-04-06,187.59020285352014
1992-04-07,265.3833022810951
1992-04-08,120.1273943320991
1992-04-09,198.03969246600917
1992-04-10,195.42529143009915
1992-04-11,222.884848989352
1992-04-12,145.7379336289634
1992-04-13,94.28197729183262
1992-04-14,81.50895218355318
1992-04-15,131.18838359743773
1992-04-16,101.42241734209662
1992-04-17,83.45437693799572
1992-04-18,217.88509673643577
1992-04-19,232.26093601256355
1992-04-20,84.34431507775659
1992-04-21,134.14526018615564
1992-04-22,128.30082396612573
1992-04-23,70.88003806535929
1992-04-24,111.0715264052813
1992-04-25,171.49194795331877
1992-04-26,106.67766619921719
1992-04-27,73.58044062075851
1992-04-28,259.60599353190395
1992-04-29,249.22173332735224
1992-04-30,271.99025402562177
1992-05-01,218.4467872278443
1992-05-02,111.94696906962771
1992-05-03,98.57933291113756
1992-05-04,171.37338170683228
1992-05-05,298.01267447433577
1992-05-06,231.10398672731375
1992-05-07,83.68905132318858
1992-05-08,109.83446249876609
1992-05-09,195.17721204597524
1992-05-10,172.82153565630068
1992-05-11,92.33805785608189
1992-05-12,131.55525508736883
1992-05-13,85.84480145413443
1992-05-14,117.36261443708003
1992-05-15,206.48717049828613
1992-05-16,153.63762547554703
1992-05-17,62.60231710856225
1992-05-18,134.02377540084365
1992-05-19,251.84155649675137
1992-05-20,211.00131409575877
1992-05-21,159.54186540440583
1992-05-22,277.34468619415117
1992-05-23,259.9375073590982
1992-05-24,200.7123912397975
1992-05-25,210.98868526796338
1992-05-26,59.08204752377012
1992-05-27,228.65573024736463
1992-05-28,253.9527206827427
1992-05-29,108.20612364915308
1992-05-30,299.4408582761515
1992-05-31,68.31756330669054
1992-06-01,228.48248373646993
1992-06-02,298.81452332484093
1992-06-03,205.31685993413993
1992-06-04,225.4236438436849
1992-06-05,134.15311093116378
1992-06-06,55.182750922085006
1992-06-07,239.2072983169274
1992-06-08,124.46675455657808
1992-06-09,211.31097951633706
1992-06-10,244.98993072885781
1992-06-11,297.3054204556824
1992-06-12,295.107975514848
1992-06-13,95.29203901683174
1992-06-14,127.66268257667433
1992-06-15,93.27570197962814
1992-06-16,206.07157908136543
1992-06-17,184.6673960501445
1992-06-18,215.7367521533537
1992-06-19,209.21823288637117
1992-06-20,257.6501762878421
1992-06-21,179.27595035426904
1992-06-22,83.54858333716027
1992-06-23,112.01796783437374
1992-06-24,132.27809270952628
1992-06-25,197.24513637801468
1992-06-26,253.40365679691976
1992-06-27,252.79398425868052
1992-06-28,296.39382759629007
1992-06-29,282.8748223253933
1992-06-30,162.86735383330256
1992-07-01,247.52627654396994
1992-07-02,77.46942706199412
1992-07-03,154.4274351849092
1992-07-04,187.68564892716756
1992-07-05,131.21356739973842
1992-07-06,264.9856580526606
1992-07-07,287.69871149264435
1992-07-08,227.00573514439282
1992-07-09,123.10637998039255
1992-07-10,165.86092271918747
1992-07-11,273.01283987959425
1992-07-12,183.54867297864644
1992-07-13,118.33834747262333
1992-07-14,95.71873461544615
1992-07-15,75.11229840679957
1992-07-16,72.02639030988662
1992-07-17,53.82461302118489
1992-07-18,207.45570712004255
1992-07-19,259.6393342058898
1992-07-20,251.33896339927446
1992-07-21,247.57308015788578
1992-07-22,244.49207567600067
1992-07-23,50.15475946762547
1992-07-24,152.1337196712904
1992-07-25,53.2416226794828
1992-07-26,209.0905888393957
1992-07-27,188.2096699984562
1992-07-28,199.15044297830127
1992-07-29,197.999204569479
1992-07-30,213.76237563901486
1992-07-31,193.81067963573133
1992-08-01,175.89127831584204
1992-08-02,286.95660920972534
1992-08-03,125.54031500974656
1992-08-04,187.1405628257344
1992-08-05,84.16001260988273
1992-08-06,216.77935445463342
1992-08-07,195.06306402923735
1992-08-08,248.52107802085874
1992-08-09,281.39775283131894
1992-08-10,95.54077278146082
1992-08-11,127.73787760069692
1992-08-12,79.43531456439621
1992-08-13,256.87739461804745
1992-08-14,156.85472872293582
1992-08-15,124.81072918411597
1992-08-16,128.54443099248007
1992-08-17,249.4880878470775
1992-08-18,74.41270971445289
1992-08-19,250.79945204318923
1992-08-20,227.54286249470704
1992-08-21,270.41294779014635
1992-08-22,139.45951662964558
1992-08-23,75.83957411385055
1992-08-24,238.01957403563802
1992-08-25,256.2911478448915
1992-08-26,63.412429078081075
1992-08-27,264.3196279150021
1992-08-28,214.14263341751925
1992-08-29,181.1921629834099
1992-08-30,183.21055661633756
1992-08-31,255.47509635239552
1992-09-01,166.308248548591
1992-09-02,254.12463602909273
1992-09-03,254.70391562335155
1992-09-04,222.90532029025616
1992-09-05,54.7480309107068
1992-09-06,124.25047199561446
1992-09-07,139.86523573007986
1992-09-08,78.42289443696535
1992-09-09,130.8723320928677
1992-09-10,195.11693864298636
1992-09-11,141.1198308938414
1992-09-12,127.30127036890333
1992-09-13,75.77688966356925
1992-09-14,220.09904012331637
1992-09-15,139.63406172600494
1992-09-16,130.09697937054003
1992-09-17,76.52019305618086
1992-09-18,51.281606416472705
1992-09-19,176.07703400789455
1992-09-20,134.37045268429222
1992-09-21,103.17657334252925
1992-09-22,79.87533780058473
1992-09-23,225.25186662286885
1992-09-24,293.82650517192553
1992-09-25,286.2772261665956
1992-09-26,151.97018613584913
1992-09-27,107.88498526849008
1992-09-28,268.39563700667566
1992-09-29,112.1396991613316
1992-09-30,198.95141032781544
1992-10-01,127.01092173868338
1992-10-02,194.4423741287237
1992-10-03,269.3443121785342
1992-10-04,179.99656374816146
1992-10-05,280.4369372581292
1992-10-06,244.7703615791998
1992-10-07,66.36701541674205
1992-10-08,117.05641465096183
1992-10-09,187.7424437864615
1992-10-10,193.5421471156373
1992-10-11,201.25338785394848
1992-10-12,95.12187168565268
1992-10-13,267.2204471021221
1992-10-14,54.601029326638944
1992-10-15,117.63868075501011
1992-10-16,270.3462277941316
1992-10-17,202.5261617747597
1992-10-18,54.14497341649089
1992-10-19,264.77206921899267
1992-10-20,165.71784762216308
1992-10-21,234.24879118936
1992-10-22,65.13736273821891
1992-10-23,244.95565237220367
1992-10-24,249.40247118708248
1992-10-25,292.5432401453186
1992-10-26,239.02145585131967
1992-10-27,198.0647989984475
1992-10-28,155.8614183996873
1992-10-29,254.39188253202394
1992-10-30,118.37022138383972
1992-10-31,188.57523781091137
1992-11-01,82.9007350370847
1992-11-02,50.288527131533016
1992-11-03,171.97868620724444
1992-11-04,182.32840352920843
1992-11-05,264.60863224800175
1992-11-06,81.50847742338092
1992-11-07,174.81480885612325
1992-11-08,159.43636865958467
1992-11-09,228.68039809395646
1992-11-10,136.20936856238612
1992-11-11,241.4006926236195
1992-11-12,71.67408824844009
1992-11-13,57.97209468961954
1992-11-14,237.69337962808447
1992-11-15,238.36060985974188
1992-11-16,238.6554735456678
1992-11-17,182.52115450259936
1992-11-18,73.82024043232356
1992-11-19,271.7965498533815
1992-11-20,209.45194358982587
1992-11-21,207.23211518386867
1992-11-22,228.60419007902385
1992-11-23,111.60598521637198
1992-11-24,220.7769033048695
1992-11-25,138.67812480240502
1992-11-26,97.96116207150713
1992-11-27,142.97081405961507
1992-11-28,172.70730437900397
1992-11-29,241.23530293411946
1992-11-30,264.7786881657512
1992-12-01,250.26130323959924
1992-12-02,146.08635036954473
1992-12-03,66.2786097447129
1992-12-04,74.73685812511378
1992-12-05,86.25970665669087
1992-12-06,68.28967657322883
1992-12-07,155.5311976992074
1992-12-08,94.41718514122716
1992-12-09,267.47113219830453
1992-12-10,119.36186877410711
1992-12-11,234.74235189284752
1992-12-12,246.7883374027559
1992-12-13,72.04978408947596
1992-12-14,72.46159868027081
1992-12-15,216.02466085174058
1992-12-16,277.25047741071387
1992-12-17,280.71260919068106
1992-12-18,266.231266179748
1992-12-19,192.86881322271464
1992-12-20,132.440922746327
1992-12-21,289.89774912740575
1992-12-22,130.7560997795077
1992-12-23,70.12336685640945
1992-12-24,295.82480685336986
1992-12-25,90.1190471480227
1992-12-26,232.02529550765138
1992-12-27,264.0379137026214
1992-12-28,84.51100911186458
1992-12-29,244.58585557274745
1992-12-30,86.3895690780158
1992-12-31,232.95911889215702
1993-01-01,206.59179178149296
1993-01-02,289.9061628225636
1993-01-03,74.12721911206265
1993-01-04,200.45206082554148
1993-01-05,63.668646500584245
1993-01-06,233.88799637874686
1993-01-07,186.34448001504416
1993-01-08,120.25217462460195
1993-01-09,260.69630901488466
1993-01-10,175.0543670014672
1993-01-11,245.1138690071259
1993-01-12,299.66906055068046
1993-01-13,258.2256013811366
1993-01-14,61.36161369604224
1993-01-15,90.62485434258986
1993-01-16,289.80086347176325
1993-01-17,169.59755002279172
1993-01-18,222.55435019977168
1993-01-19,291.0574853908454
1993-01-20,277.9413094119361
1993-01-21,60.06206966793202
1993-01-22,101.95453181343416
1993-01-23,54.35015321981522
1993-01-24,117.54704153682079
1993-01-25,82.10217455023748
1993-01-26,106.06288094220349
1993-01-27,185.31669444162367
1993-01-28,267.3520150586991
1993-01-29,107.43295445556932
1993-01-30,209.51092083469635
1993-01-31,242.87400194781944
1993-02-01,178.1165909811686
1993-02-02,274.5036656596561
1993-02-03,224.88903893154
1993-02-04,151.78588061447869
1993-02-05,164.70562803718968
1993-02-06,191.98614545128228
1993-02-07,55.745409842734475
1993-02-08,228.51301661603867
1993-02-09,209.57643231133073
1993-02-10,113.53017594758009
1993-02-11,192.09621232921634
1993-02-12,294.56099612870605
1993-02-13,82.34589628190238
1993-02-14,103.48308280247619
1993-02-15,123.93221810156359
1993-02-16,204.90396494919383
1993-02-17,183.29183738709511
1993-02-18,100.36926183217702
1993-02-19,297.9574084878055
1993-02-20,267.1861142009414
1993-02-21,259.32333397416573
1993-02-22,186.50214303607387
1993-02-23,105.15055373759466
1993-02-24,230.5140901432951
1993-02-25,184.50668335477272
1993-02-26,153.44070999633664
1993-02-27,95.041854233758
1993-02-28,254.55247158996744
1993-03-01,197.37771124755542
1993-03-02,204.0221805568785
1993-03-03,224.95231032435439
1993-03-04,280.0064754875333
1993-03-05,239.18192500671313
1993-03-06,253.32074227416717
1993-03-07,243.57045659579083
1993-03-08,212.13632341644978
1993-03-09,173.34546893777292
1993-03-10,176.8105353475819
1993-03-11,165.50646280131303
1993-03-12,74.03879735250666
1993-03-13,82.27452865419566
1993-03-14,54.20174777102875
1993-03-15,294.97954868229624
1993-03-16,189.35705751631727
1993-03-17,222.78290118374008
1993-03-18,172.2171980396704
1993-03-19,119.02573883422875
1993-03-20,112.44338620909289
1993-03-21,275.1507201312898
1993-03-22,185.03061622057783
1993-03-23,236.152848525957
1993-03-24,155.93335728524661
1993-03-25,137.3165635009624
1993-03-26,195.65239842348257
1993-03-27,126.20680259664297
1993-03-28,255.72964740937007
1993-03-29,183.6860010387802
1993-03-30,255.7290162125463
1993-03-31,173.7845483057004
1993-04-01,59.53359152257369
1993-04-02,221.5156972073886
1993-04-03,288.8592342275283
1993-04-04,211.40434881774476
1993-04-05,140.72444741363756
1993-04-06,288.47976555740127
1993-04-07,282.4406214630341
1993-04-08,79.23474962170117
1993-04-09,246.3054128929623
1993-04-10,218.8994546607491
1993-04-11,134.20916905172783
1993-04-12,101.26346563101308
1993-04-13,62.661069774050574
1993-04-14,57.81775184599234
1993-04-15,207.24686936981536
1993-04-16,73.03129962604919
1993-04-17,169.26010849939007
1993-04-18,119.46186895333564
1993-04-19,204.9851748491876
1993-04-20,238.61035441905074
1993-04-21,124.7562050350856
1993-04-22,56.997636973703955
1993-04-23,102.95306197563059
1993-04-24,160.50095361503412
1993-04-25,86.01279972730259
1993-04-26,89.80832372126858
1993-04-27,132.00903100310785
1993-04-28,79.05287652697345
1993-04-29,166.31560046945157
1993-04-30,141.65296992645995
1993-05-01,132.98328656318967
1993-05-02,137.99984926180173
1993-05-03,203.38297043041072
1993-05-04,146.50760914557412
1993-05-05,167.77244171086994
1993-05-06,102.7141170511548
1993-05-07,195.29807456525094
1993-05-08,248.17983624743334
1993-05-09,146.1663798073672
1993-05-10,211.40835053031705
1993-05-11,110.55646534535344
1993-05-12,181.2284683121398
1993-05-13,183.45227336651558
1993-05-14,149.89458613338536
1993-05-15,69.28427307658443
1993-05-16,170.79729974522917
1993-05-17,81.38146849384762
1993-05-18,230.3747834819207
1993-05-19,226.2808178507458
1993-05-20,96.38070022051296
1993-05-21,145.60160753558716
1993-05-22,172.00642514760443
1993-05-23,160.36459284484914
1993-05-24,173.2640969679706
1993-05-25,129.15867565923332
1993-05-26,156.785015283566
1993-05-27,197.71034636606743
1993-05-28,154.6102482301253
1993-05-29,256.2463719077156
1993-05-30,287.0561172972657
1993-05-31,184.33244778300025
1993-06-01,89.44043235806063
1993-06-02,63.599505391444474
1993-06-03,157.19661730998797
1993-06-04,60.12254613516014
1993-06-05,218.08944840400693
1993-06-06,211.69985885083105
1993-06-07,98.06598384901977
1993-06-08,295.61891431813456
1993-06-09,103.16016350054613
1993-06-10,163.83747047687893
1993-06-11,194.76410831293643
1993-06-12,201.49537327424116
1993-06-13,116.54463882581108
1993-06-14,164.84868686848168
1993-06-15,91.56075342164243
1993-06-16,283.8869222473693
1993-06-17,174.59654472736068
1993-06-18,121.45384788656727
1993-06-19,123.185926626678
1993-06-20,52.526339275269464
1993-06-21,180.41197063712596
1993-06-22,208.62192489625596
1993-06-23,134.80886518192614
1993-06-24,227.05870195664858
1993-06-25,78.22134624541866
1993-06-26,133.7932405046557
1993-06-27,227.1420741797116
1993-06-28,153.65920048889916
1993-06-29,168.15078730308738
1993-06-30,156.15492230981283
1993-07-01,55.39101595210223
1993-07-02,203.09783587860204
1993-07-03,183.4644752227499
1993-07-04,192.86249583944178
1993-07-05,236.31845140205044
1993-07-06,171.89806526357228
1993-07-07,194.2813912750076
1993-07-08,295.0004897559066
1993-07-09,95.74365906549416
1993-07-10,71.56830412049216
1993-07-11,89.17113213582068
1993-07-12,55.82517131251545
1993-07-13,274.02473198145447
1993-07-14,133.09846966356963
1993-07-15,238.16693933484927
1993-07-16,130.72821442201848
1993-07-17,116.48552696597571
1993-07-18,151.30128488045278
1993-07-19,227.63801653376572
1993-07-20,218.02772065327932
1993-07-21,185.805538463377
1993-07-22,137.15493717851626
1993-07-23,271.05856223244376
1993-07-24,175.42182886681752
1993-07-25,100.60491553369836
1993-07-26,99.8705683785558
1993-07-27,105.32447408674038
1993-07-28,80.40764868792789
1993-07-29,210.7201595521758
1993-07-30,247.77281459589076
1993-07-31,156.40559311412693
1993-08-01,87.22334726223872
1993-08-02,113.59026028762396
1993-08-03,152.76129578712238
1993-08-04,105.44341283054439
1993-08-05,222.3758074399187
1993-08-06,171.56710278742213
1993-08-07,236.16626057057124
1993-08-08,299.6379519597346
1993-08-09,172.87770404793355
1993-08-10,166.87014442890091
1993-08-11,201.1942180549998
1993-08-12,280.56427170861406
1993-08-13,150.1935020484679
1993-08-14,146.77728857271347
1993-08-15,97.91782546351189
1993-08-16,115.4933574334664
1993-08-17,109.10775701104623
1993-08-18,267.0705674080984
1993-08-19,290.83010651003065
1993-08-20,89.82786443010112
1993-08-21,131.85360217158734
1993-08-22,211.86923405848123
1993-08-23,95.44850776460041
1993-08-24,157.8297877880785
1993-08-25,177.8224055850793
1993-08-26,123.8438454591121
1993-08-27,155.3811396639328
1993-08-28,160.0004607916702
1993-08-29,80.66191756711339
1993-08-30,78.5457449740831
1993-08-31,255.71477020187163
1993-09-01,180.58155283719958
1993-09-02,71.29454198860181
1993-09-03,103.76959608853413
1993-09-04,213.10697987289313
1993-09-05,253.8148423825441
1993-09-06,119.04263939404454
1993-09-07,113.29903238351253
1993-09-08,178.57257801389653
1993-09-09,165.8386557924842
1993-09-10,133.48700935802466
1993-09-11,81.52913096319627
1993-09-12,109.64211943588555
1993-09-13,218.27816542779573
1993-09-14,268.93780126742803
1993-09-15,125.30141836528071
1993-09-16,56.873936541970714
1993-09-17,135.25062518151225
1993-09-18,91.74984214933374
1993-09-19,171.85872589333195
1993-09-20,58.276037605065596
1993-09-21,217.0178840647784
1993-09-22,262.0651640315643
1993-09-23,281.6648985680732
1993-09-24,221.89224544257408
1993-09-25,117.24867766862808
1993-09-26,216.43807609773953
1993-09-27,149.96276026646308
1993-09-28,220.29360182906734
1993-09-29,259.3190825880456
1993-09-30,108.17583186451034
1993-10-01,79.68615755443268
1993-10-02,131.75754100539962
1993-10-03,62.91125801254964
1993-10-04,232.23297376074737
1993-10-05,244.3169473951432
1993-10-06,224.93190474977428
1993-10-07,295.0240010064705
1993-10-08,197.0072120700682
1993-10-09,149.8327655290882
1993-10-10,212.31560416956881
1993-10-11,137.5641244372811
1993-10-12,296.8133086746615
1993-10-13,187.43777279305226
1993-10-14,151.12213910830573
1993-10-15,228.7123996089865
1993-10-16,87.80384232624515
1993-10-17,293.4349030029085
1993-10-18,109.52877708812721
1993-10-19,270.04056614586955
1993-10-20,298.05901936607273
1993-10-21,190.19177685453735
1993-10-22,64.05510740178956
1993-10-23,99.4662530709328
1993-10-24,249.67507929689876
1993-10-25,179.11108357169527
1993-10-26,290.6174615804582
1993-10-27,177.20384834940722
1993-10-28,278.5392139148844
1993-10-29,57.48285194923545
1993-10-30,247.9443248968237
1993-10-31,89.29556313843253
1993-11-01,95.48132114602413
1993-11-02,240.34040276867637
1993-11-03,147.44963205873725
1993-11-04,119.40408849233675
1993-11-05,81.2209023229823
1993-11-06,89.44905846340718
1993-11-07,247.25595646801216
1993-11-08,62.993979705269275
1993-11-09,99.90677635666025
1993-11-10,218.9113150932191
1993-11-11,59.08639097371008
1993-11-12,104.52136460824363
1993-11-13,89.41870086322646
1993-11-14,268.1930382137159
1993-11-15,286.9113047984631
1993-11-16,234.6083031746299
1993-11-17,261.7332265650262
1993-11-18,67.87034464255719
1993-11-19,223.99987812812714
1993-11-20,236.99146864456813
1993-11-21,135.43448558147838
1993-11-22,59.117245723711754
1993-11-23,247.40494335155194
1993-11-24,147.6227278785807
1993-11-25,147.41151124959512
1993-11-26,253.42221613995517
1993-11-27,148.2465398726689
1993-11-28,252.44900471215846
1993-11-29,205.94210660444008
1993-11-30,117.9308513088143
1993-12-01,231.8296459960699
1993-12-02,138.76847557748908
1993-12-03,215.23372546252588
1993-12-04,51.227924756942194
1993-12-05,217.35392450729555
1993-12-06,237.75264002927085
1993-12-07,226.08928045234194
1993-12-08,105.49716056487306
1993-12-09,71.62739581760519
1993-12-10,51.18898203272183
1993-12-11,129.4243156870043
1993-12-12,244.50678996511905
1993-12-13,68.86912957454248
1993-12-14,244.00860040688514
1993-12-15,261.7209861570691
1993-12-16,201.57977297400745
1993-12-17,73.70463590565791
1993-12-18,267.906466676835
1993-12-19,249.7877646269511
1993-12-20,50.51169927490319
1993-12-21,254.16810382578547
1993-12-22,278.7705282786493
1993-12-23,150.7316987579238
1993-12-24,134.3478039797492
1993-12-25,79.05973166113577
1993-12-26,81.19857977227564
1993-12-27,56.805723272491264
1993-12-28,173.41300180289653
1993-12-29,292.7920130350861
1993-12-30,58.19290859435715
1993-12-31,184.94311695790128
1994-01-01,129.29069240024256
1994-01-02,69.10537472307388
1994-01-03,199.90732664634933
1994-01-04,141.5642923778729
1994-01-05,65.63324344312659
1994-01-06,190.00285273449904
1994-01-07,251.7007949787078
1994-01-08,116.02292002490908
1994-01-09,198.98131096025378
1994-01-10,110.73067012183748
1994-01-11,107.75247371628394
1994-01-12,81.80549843383871
1994-01-13,122.36801697825065
1994-01-14,196.28022832351948
1994-01-15,242.0275996064088
1994-01-16,80.4623501806785
1994-01-17,248.54441163473356
1994-01-18,278.784323462968
1994-01-19,89.73906550833067
1994-01-20,115.48088209233907
1994-01-21,264.3451660519805
1994-01-22,186.33903189707874
1994-01-23,163.56826533919133
1994-01-24,299.02218664164917
1994-01-25,148.59646733271472
1994-01-26,94.58827516409977
1994-01-27,184.57734686293716
1994-01-28,207.73593204139883
1994-01-29,200.70311131510192
1994-01-30,97.98631276194044
1994-01-31,87.09367185716131
1994-02-01,136.61234803094254
1994-02-02,79.90235570553374
1994-02-03,218.45914911469688
1994-02-04,262.6602042206372
1994-02-05,277.0849585081686
1994-02-06,264.83779647566973
1994-02-07,74.12902471692693
1994-02-08,124.29549203794272
1994-02-09,268.4192147552872
1994-02-10,138.62901273570867
1994-02-11,50.35476801962711
1994-02-12,67.16481217770519
1994-02-13,99.86509228037983
1994-02-14,276.23425551827665
1994-02-15,71.63919591145638
1994-02-16,291.0919098443612
1994-02-17,76.24107818962857
1994-02-18,103.83605389149926
1994-02-19,59.31490880566626
1994-02-20,298.54105278687996
1994-02-21,160.28762613922362
1994-02-22,135.12388707998696
1994-02-23,56.494395893703455
1994-02-24,264.3033480877526
1994-02-25,274.12036834176104
1994-02-26,142.0362556384441
1994-02-27,153.86209958245493
1994-02-28,260.69080516011326
1994-03-01,237.26819823949216
1994-03-02,269.8351625015707
1994-03-03,156.24747025726504
1994-03-04,113.0398224711777
1994-03-05,60.07509704188328
1994-03-06,128.26253064383155
1994-03-07,131.9243067754919
1994-03-08,177.67025718211548
1994-03-09,110.59331018627623
1994-03-10,248.76639673187836
1994-03-11,237.81393209417553
1994-03-12,212.56653512247928
1994-03-13,60.95398983345947
1994-03-14,273.07504585234443
1994-03-15,90.0582792070569
1994-03-16,185.3840766260868
1994-03-17,203.9385771888523
1994-03-18,160.07915298657966
1994-03-19,269.9662313814065
1994-03-20,74.76152296848663
1994-03-21,191.28164381310384
1994-03-22,98.49408070124562
1994-03-23,182.6194801841854
1994-03-24,88.47683901070158
1994-03-25,133.2418289801009
1994-03-26,77.99610064603547
1994-03-27,201.07526461967245
1994-03-28,191.18392492266742
1994-03-29,86.89160652209014
1994-03-30,168.4209428411412
1994-03-31,196.34549589878017
1994-04-01,198.26258497794674
1994-04-02,58.75958784147221
1994-04-03,213.67004083429305
1994-04-04,141.47198621228483
1994-04-05,211.2402981472444
1994-04-06,245.08811107393265
1994-04-07,108.7767366810738
1994-04-08,278.8661947487693
1994-04-09,89.63809144391172
1994-04-10,220.95559077980337
1994-04-11,299.64379637288465
1994-04-12,172.6568851586736
1994-04-13,215.42331192287148
1994-04-14,58.70726353527526
1994-04-15,208.81524043635622
1994-04-16,139.5220238488476
1994-04-17,99.52665000891113
1994-04-18,126.1668921794761
1994-04-19,203.27260211760242
1994-04-20,244.60867961688737
1994-04-21,260.1160429092073
1994-04-22,289.59078553533726
1994-04-23,122.75083334137742
1994-04-24,71.53501743839945
1994-04-25,65.11716217413439
1994-04-26,80.7399437868085
1994-04-27,185.85553717042535
1994-04-28,184.3980466128373
1994-04-29,62.17886365621662
1994-04-30,120.40737219335489
1994-05-01,291.95556016639773
1994-05-02,112.36288570463256
1994-05-03,99.67998403296255
1994-05-04,262.0894786086129
1994-05-05,180.68010646080427
1994-05-06,167.89476550105846
1994-05-07,167.71863539420417
1994-05-08,239.7034798391571
1994-05-09,129.96939421242564
1994-05-10,114.64633025617958
1994-05-11,161.5633860666914
1994-05-12,192.29002965482582
1994-05-13,211.26794143864657
1994-05-14,253.3480451547344
1994-05-15,142.1038509234735
1994-05-16,252.69266977547457
1994-05-17,54.088606616932665
1994-05-18,137.72885926468587
1994-05-19,56.715897918146055
1994-05-20,277.897999000652
1994-05-21,142.27413971411892
1994-05-22,251.66721581222052
1994-05-23,209.10425492983518
1994-05-24,296.4833069631187
1994-05-25,173.81893566048234
1994-05-26,119.17483093883295
1994-05-27,204.2780690255052
1994-05-28,230.36460149492717
1994-05-29,173.03162019252525
1994-05-30,280.1365748157366
1994-05-31,238.67469729034008
1994-06-01,144.67272279777953
1994-06-02,291.8343423069757
1994-06-03,122.07022106021277
1994-06-04,248.53175359347549
1994-06-05,112.7126911276356
1994-06-06,124.08444310887464
1994-06-07,99.9358399372454
1994-06-08,204.32582195736504
1994-06-09,168.74002829461585
1994-06-10,173.46038508751502
1994-06-11,222.70894157715156
1994-06-12,119.35509358653597
1994-06-13,156.62946422194796
1994-06-14,66.4222660427398
1994-06-15,93.0486240239795
1994-06-16,273.2862107205004
1994-06-17,267.8445069829037
1994-06-18,238.17615665521555
1994-06-19,167.93504135837577
1994-06-20,276.5694157372019
1994-06-21,296.7560162913837
1994-06-22,168.72820630556623
1994-06-23,273.4962909711047
1994-06-24,58.44220199092926
1994-06-25,247.85944154056162
1994-06-26,253.92730993155124
1994-06-27,85.33700351574592
1994-06-28,138.9384106520053
1994-06-29,294.90897091564517
1994-06-30,70.37081385459052
1994-07-01,207.7582621707807
1994-07-02,91.7370104380438
1994-07-03,128.61503440852601
1994-07-04,152.3871961776356
1994-07-05,279.87406565677486
1994-07-06,108.95719642795993
1994-07-07,155.80575421803997
1994-07-08,198.40226364326233
1994-07-09,215.18147348230255
1994-07-10,296.93155807092944
1994-07-11,282.6062024501748
1994-07-12,127.07106333496566
1994-07-13,82.23916919094108
1994-07-14,57.84374767089943
1994-07-15,269.4841433138523
1994-07-16,165.5217016224605
1994-07-17,77.68569741921087
1994-07-18,202.53152927391926
1994-07-19,192.94042139331827
1994-07-20,222.2891067788108
1994-07-21,200.83573667014863
1994-07-22,296.04048814587753
1994-07-23,137.1970692806977
1994-07-24,290.4206254025482
1994-07-25,287.31190401572104
1994-07-26,73.81532102787676
1994-07-27,55.186307294365974
1994-07-28,62.83465276178333
1994-07-29,161.24783424843795
1994-07-30,155.23017535151712
1994-07-31,128.2793219877218
1994-08-01,195.94093231406487
1994-08-02,175.32010621093764
1994-08-03,58.26015311209036
1994-08-04,146.887679558082
1994-08-05,128.1615773604344
1994-08-06,159.23860624195765
1994-08-07,249.1227678491006
1994-08-08,285.2640865131435
1994-08-09,132.67141271580016
1994-08-10,147.0728130902196
1994-08-11,282.4060291503621
1994-08-12,176.00379700999179
1994-08-13,189.07670231840575
1994-08-14,67.64667790124314
1994-08-15,236.9294154289813
1994-08-16,181.44664261698472
1994-08-17,100.54402996139088
1994-08-18,203.48092542579874
1994-08-19,137.94771218610293
1994-08-20,95.09404747676105
1994-08-21,252.59601066358263
1994-08-22,160.26978069195155
1994-08-23,60.23828754135206
1994-08-24,208.31058799990706
1994-08-25,57.69064647574302
1994-08-26,196.12498968125533
1994-08-27,159.17561982021977
1994-08-28,115.56053453097846
1994-08-29,125.6588828758929
1994-08-30,181.08324576393542
1994-08-31,271.04826556319307
1994-09-01,106.39421303220851
1994-09-02,265.4846809810616
1994-09-03,127.0075715257442
1994-09-04,182.47722511990972
1994-09-05,87.3355893618592
1994-09-06,283.9651944165173
1994-09-07,62.78069567770845
1994-09-08,168.70591145760082
1994-09-09,273.4445753046799
1994-09-10,55.05226891559618
1994-09-11,224.87165961664945
1994-09-12,152.09498613414408
1994-09-13,62.304008256425
1994-09-14,155.8848541403272
1994-09-15,132.17153738935139
1994-09-16,211.4759835218842
1994-09-17,224.64439854325522
1994-09-18,165.32983496525506
1994-09-19,244.3989460600767
1994-09-20,289.22587055936765
1994-09-21,86.73779134778415
1994-09-22,201.22131826944192
1994-09-23,56.71865350255005
1994-09-24,77.84849368480275
1994-09-25,156.23195037813346
1994-09-26,173.5767593612791
1994-09-27,187.04329938373465
1994-09-28,130.1221273572266
1994-09-29,252.22456848885943
1994-09-30,265.36188464077094
1994-10-01,224.43762209202734
1994-10-02,71.34350183137742
1994-10-03,193.91326221950587
1994-10-04,261.8779300069538
1994-10-05,259.24900502015896
1994-10-06,177.34301520178417
1994-10-07,176.55029988381958
1994-10-08,176.71221182158376
1994-10-09,253.15372272147596
1994-10-10,163.07014784082713
1994-10-11,197.8891987458107
1994-10-12,220.71806596461167
1994-10-13,131.50294698825348
1994-10-14,158.1396383610674
1994-10-15,256.06152035434224
1994-10-16,203.3478976490631
1994-10-17,277.5212393883569
1994-10-18,116.12847766008767
1994-10-19,210.96474478675592
1994-10-20,255.53853156516564
1994-10-21,201.2266725712956
1994-10-22,222.93221674680302
1994-10-23,145.21319587108553
1994-10-24,132.58046878978183
1994-10-25,139.714531257572
1994-10-26,108.67709486368153
1994-10-27,61.66389045056928
1994-10-28,112.5477958212084
1994-10-29,273.42330396366344
1994-10-30,230.8625831013022
1994-10-31,240.00546082205008
1994-11-01,56.167980351668575
1994-11-02,73.87308105084807
1994-11-03,226.48738349288612
1994-11-04,280.84212002798847
1994-11-05,60.46000273938044
1994-11-06,111.02300285378878
1994-11-07,170.24615222991673
1994-11-08,89.54157102277338
1994-11-09,56.91277783572122
1994-11-10,277.9265902900301
1994-11-11,158.69673034639382
1994-11-12,192.5149587858954
1994-11-13,131.50253707353494
1994-11-14,143.81507011828788
1994-11-15,108.54099692104936
1994-11-16,242.6344298895932
1994-11-17,148.6735272944403
1994-11-18,246.17782819449857
1994-11-19,69.70963832812131
1994-11-20,200.0788621822984
1994-11-21,274.55367828818277
1994-11-22,245.15642614778687
1994-11-23,120.84834255439942
1994-11-24,133.75528150726615
1994-11-25,244.47826687913386
1994-11-26,274.7547155251249
1994-11-27,136.81305363902058
1994-11-28,122.91081428811216
1994-11-29,139.6505735706982
1994-11-30,234.0599933374131
1994-12-01,244.32242032991874
1994-12-02,231.02647984705584
1994-12-03,137.8115812301463
1994-12-04,136.82983053666567
1994-12-05,53.40833304959487
1994-12-06,264.16926558744694
1994-12-07,104.2769737177686
1994-12-08,226.20215058421454
1994-12-09,229.00007566344473
1994-12-10,146.71901716584932
1994-12-11,140.43103564400548
1994-12-12,176.4944977070076
1994-12-13,136.42385647467307
1994-12-14,68.38530313676733
1994-12-15,266.9062316648112
1994-12-16,137.13324974614437
1994-12-17,123.95440208041958
1994-12-18,189.75366152193692
1994-12-19,75.6197185781033
1994-12-20,250.51991681881415
1994-12-21,217.1508888545666
1994-12-22,245.07868259400135
1994-12-23,211.69359957930374
1994-12-24,154.21282819016184
1994-12-25,187.13489705604908
1994-12-26,50.96632301703162
1994-12-27,181.42674901764542
1994-12-28,265.06692118195593
1994-12-29,160.62275381275737
1994-12-30,205.9451054078111
1994-12-31,94.44907560941891
1995-01-01,138.9534298763569
1995-01-02,97.7607772794357
1995-01-03,231.61063326031328
1995-01-04,98.16155113466965
1995-01-05,185.72657565347853
1995-01-06,287.7102675635901
1995-01-07,277.48186075156514
1995-01-08,250.62271943597844
1995-01-09,217.49188572308498
1995-01-10,59.60461148705477
1995-01-11,226.93709504309044
1995-01-12,257.6612640715633
1995-01-13,280.1129259153182
1995-01-14,252.93391984346817
1995-01-15,244.3360868511227
1995-01-16,91.66163188053292
1995-01-17,186.5663241313975
1995-01-18,201.94385114146883
1995-01-19,190.93903391752627
1995-01-20,124.42753454412676
1995-01-21,97.67610931453534
1995-01-22,71.4334749145992
1995-01-23,75.95283781239144
1995-01-24,102.14433456803202
1995-01-25,255.11665936403742
1995-01-26,255.00316249110497
1995-01-27,90.37427091898599
1995-01-28,247.3810243706071
1995-01-29,57.78522623640671
1995-01-30,108.38881310567828
1995-01-31,126.37760312330715
1995-02-01,284.41780351841214
1995-02-02,165.0311123498642
1995-02-03,122.2349242411182
1995-02-04,149.70444260155222
1995-02-05,136.37055179132736
1995-02-06,139.31126595775035
1995-02-07,172.1653798940265
1995-02-08,54.54855953993058
1995-02-09,184.62484455518066
1995-02-10,245.82705515100713
1995-02-11,276.19584129089617
1995-02-12,95.23652729745922
1995-02-13,96.47288571528449
1995-02-14,174.15895930049604
1995-02-15,126.73622815333358
1995-02-16,50.72011540125352
1995-02-17,89.70814813933612
1995-02-18,57.94093712022709
1995-02-19,257.23933799489146
1995-02-20,270.24465658086297
1995-02-21,201.20762648869413
1995-02-22,255.03841608067404
1995-02-23,66.92486644675317
1995-02-24,258.82325452358964
1995-02-25,145.21669917184184
1995-02-26,262.1718097937486
1995-02-27,77.97599749724655
1995-02-28,244.56508785191977
1995-03-01,94.83780276798602
1995-03-02,75.90321508505231
1995-03-03,183.7021436703445
1995-03-04,225.94663177367804
1995-03-05,272.3499717114668
1995-03-06,144.28737655261443
1995-03-07,285.8842208931113
1995-03-08,63.074416557112166
1995-03-09,103.79196724289963
1995-03-10,225.365378161709
1995-03-11,167.25968541732306
1995-03-12,274.88909971339297
1995-03-13,105.55475784673632
1995-03-14,60.57829086018672
1995-03-15,294.0594448646701
1995-03-16,262.6467898081413
1995-03-17,178.50967966904054
1995-03-18,295.726789071036
1995-03-19,128.2335753900449
1995-03-20,150.06337191525057
1995-03-21,213.9032247072423
1995-03-22,232.5062853021705
1995-03-23,73.15901130731073
1995-03-24,196.22452852129462
1995-03-25,140.29043317653523
1995-03-26,201.98822774119412
1995-03-27,199.73319178666128
1995-03-28,185.12379608844773
1995-03-29,178.61532172926354
1995-03-30,194.4935772813727
1995-03-31,87.18037326780882
1995-04-01,211.17229257772377
1995-04-02,176.12230938902175
1995-04-03,139.5703190441688
1995-04-04,232.11030209702187
1995-04-05,272.30590445763994
1995-04-06,90.46749433155836
1995-04-07,276.0478617470274
1995-04-08,111.05948518289686
1995-04-09,218.87983471676796
1995-04-10,78.46023480168134
1995-04-11,131.18386178326836
1995-04-12,102.00197997648043
1995-04-13,209.28023037625258
1995-04-14,283.653353610611
1995-04-15,172.76136879113693
1995-04-16,72.06538535954081
1995-04-17,50.357894580808264
1995-04-18,195.9928450987885
1995-04-19,284.45909175004283
1995-04-20,69.43438606877429
1995-04-21,227.476182536081
1995-04-22,69.73616283510398
1995-04-23,242.02475574398323
1995-04-24,227.7229921180218
1995-04-25,167.02555335744086
1995-04-26,102.82530913814847
1995-04-27,176.60111971089054
1995-04-28,274.21867662083815
1995-04-29,192.7203663753873
1995-04-30,166.79497297599093
1995-05-01,261.67690987602987
1995-05-02,62.42117829031622
1995-05-03,220.46972519878736
1995-05-04,53.72276899161941
1995-05-05,294.4516548793554
1995-05-06,147.0138365031758
1995-05-07,231.8927741420962
1995-05-08,167.46735908059185
1995-05-09,70.43618165829523
1995-05-10,256.62345329516313
1995-05-11,190.03245531754374
1995-05-12,217.23958159195266
1995-05-13,215.83160962574905
1995-05-14,256.7959315157034
1995-05-15,173.71426171574234
1995-05-16,275.53787750290417
1995-05-17,189.77117799461908
1995-05-18,224.4183405113906
1995-05-19,85.2743960112775
1995-05-20,125.10133574776576
1995-05-21,177.34890049032947
1995-05-22,184.8014935115174
1995-05-23,97.01858486531188
1995-05-24,142.72480719122322
1995-05-25,156.93432314754057
1995-05-26,161.6488310415579
1995-05-27,251.95292861326138
1995-05-28,134.616377835362
1995-05-29,120.94947120907344
1995-05-30,53.257424256038924
1995-05-31,82.32441835829822
1995-06-01,206.8622473250918
1995-06-02,116.48007122117596
1995-06-03,269.4162883156208
1995-06-04,78.41375380961894
1995-06-05,291.0252295718055
1995-06-06,274.9110900132372
1995-06-07,140.70864648227106
1995-06-08,259.5447369633406
1995-06-09,280.9967349778427
1995-06-10,134.23781949609443
1995-06-11,129.3387580571843
1995-06-12,221.30008402414146
1995-06-13,113.68313203883565
1995-06-14,151.75920646373885
1995-06-15,157.541061904519
1995-06-16,158.1865027178289
1995-06-17,289.78354423947764
1995-06-18,130.8889263260469
1995-06-19,143.9226413714905
1995-06-20,51.34577048503509
1995-06-21,258.47178608415226
1995-06-22,79.90512943940341
1995-06-23,258.7592182411644
1995-06-24,231.9962737777156
1995-06-25,245.10959654886346
1995-06-26,116.60898701893598
1995-06-27,254.44628553105062
1995-06-28,173.6838574993811
1995-06-29,110.41011151150336
1995-06-30,154.16490834034096
1995-07-01,279.0210644593813
1995-07-02,149.23005946534295
1995-07-03,295.71912433009277
1995-07-04,262.0580134267892
1995-07-05,72.49231603886481
1995-07-06,272.5215208313573
1995-07-07,288.97467020235894
1995-07-08,114.8390350760265
1995-07-09,160.7590338154073
1995-07-10,138.84944703845264
1995-07-11,270.9256590380179
1995-07-12,70.36918528908241
1995-07-13,120.53467410986653
1995-07-14,175.47019657674156
1995-07-15,152.8905023906022
1995-07-16,57.46101054272272
1995-07-17,185.29269693064734
1995-07-18,281.7056710419065
1995-07-19,81.54133550265855
1995-07-20,232.1401162954876
1995-07-21,60.906472943988774
1995-07-22,113.61843256588841
1995-07-23,246.4077072774557
1995-07-24,181.848394416858
1995-07-25,263.41367522719685
1995-07-26,74.66754463994964
1995-07-27,95.37790691165031
1995-07-28,55.48452122646026
1995-07-29,68.6008346322439
1995-07-30,117.41808872929575
1995-07-31,265.35762311730434
1995-08-01,84.53934562329778
1995-08-02,125.63343853984753
1995-08-03,266.75226204883995
1995-08-04,100.78110914207647
1995-08-05,73.34047750264142
1995-08-06,253.39674566383263
1995-08-07,73.29247551587258
1995-08-08,133.54433720333907
1995-08-09,297.7706463159916
1995-08-10,65.62014516649926
1995-08-11,228.08916650342178
1995-08-12,159.928453764218
1995-08-13,195.3213389920655
1995-08-14,215.2318071527351
1995-08-15,193.52648871361725
1995-08-16,200.17244245481746
1995-08-17,64.96943704242624
1995-08-18,135.30567772296877
1995-08-19,169.65429358644616
1995-08-20,163.59307070820557
1995-08-21,70.79732072290861
1995-08-22,62.74132887834634
1995-08-23,280.73323361975054
1995-08-24,129.92482243942933
1995-08-25,189.87290920087725
1995-08-26,78.5376793237729
1995-08-27,163.28760228176736
1995-08-28,97.54756941510306
1995-08-29,173.31206955224076
1995-08-30,242.793942822234
1995-08-31,287.28205601918745
1995-09-01,186.3259440567652
1995-09-02,226.90565365574489
1995-09-03,78.47645211806768
1995-09-04,208.1050743792082
1995-09-05,232.91355957816452
1995-09-06,113.65137260688014
1995-09-07,294.05142842452483
1995-09-08,141.61584626588933
1995-09-09,160.37739436978768
1995-09-10,66.64083824888391
1995-09-11,122.84931772777412
1995-09-12,193.89298023762268
1995-09-13,66.50718519558511
1995-09-14,162.74312485921524
1995-09-15,179.8893491455622
1995-09-16,245.3930252793048
1995-09-17,89.98079100135199
1995-09-18,143.72872259614843
1995-09-19,138.28138201321806
1995-09-20,183.0199724301148
1995-09-21,273.8812972205661
1995-09-22,146.07422535210912
1995-09-23,123.5705733200488
1995-09-24,84.10855819526095
1995-09-25,146.6808203322552
1995-09-26,100.67872322001551
1995-09-27,218.83525295948647
1995-09-28,193.3613650534792
1995-09-29,257.09490276036513
1995-09-30,285.27392528546824
1995-10-01,220.71191104995896
1995-10-02,262.0558076958746
1995-10-03,59.00433691249275
1995-10-04,288.44350935168586
1995-10-05,205.97768669543578
1995-10-06,74.5003390557062
1995-10-07,126.93355741597834
1995-10-08,267.73216271314766
1995-10-09,139.9280928404466
1995-10-10,295.50855937814066
1995-10-11,53.71559421664444
1995-10-12,294.90602797194254
1995-10-13,212.04711474026504
1995-10-14,91.26099788613661
1995-10-15,295.43920538225166
1995-10-16,238.96690362660618
1995-10-17,299.5058838669504
1995-10-18,223.7242299652417
1995-10-19,233.1236070562514
1995-10-20,261.87705220365956
1995-10-21,249.20019056308362
1995-10-22,68.52475136324294
1995-10-23,224.14929913373143
1995-10-24,172.55165686230367
1995-10-25,63.61430579826819
1995-10-26,185.7872224610574
1995-10-27,294.252108112111
1995-10-28,132.97997801427186
1995-10-29,252.25888458106036
1995-10-30,207.6528413868736
1995-10-31,254.9662717676576
1995-11-01,57.34155673757861
1995-11-02,252.05040983103282
1995-11-03,240.8372091133541
1995-11-04,159.7047573269782
1995-11-05,166.61001322639066
1995-11-06,107.5658941722133
1995-11-07,190.626328223412
1995-11-08,122.90167115003266
1995-11-09,228.14906069431964
1995-11-10,245.4747935230698
1995-11-11,218.10631192855303
1995-11-12,52.34631004798247
1995-11-13,251.31936092619796
1995-11-14,154.1676765012847
1995-11-15,238.70211639530177
1995-11-16,78.6009157996949
1995-11-17,243.60538144833058
1995-11-18,293.49288541433276
1995-11-19,54.318615752668705
1995-11-20,108.88483478952361
1995-11-21,291.15158038028756
1995-11-22,144.6583835751654
1995-11-23,150.79381143946122
1995-11-24,158.62065807575937
1995-11-25,188.799928552713
1995-11-26,105.48015497156145
1995-11-27,250.90069615910443
1995-11-28,279.044301290615
1995-11-29,220.80073140004055
1995-11-30,166.9300085241039
1995-12-01,234.16348677484982
1995-12-02,88.13409295277765
1995-12-03,182.4652795624511
1995-12-04,94.73101182746001
1995-12-05,205.72838013060922
1995-12-06,156.89260698530254
1995-12-07,210.57118451103767
1995-12-08,240.99098164808677
1995-12-09,182.17817078887984
1995-12-10,277.12695578238646
1995-12-11,154.38962912608133
1995-12-12,174.15532942576806
1995-12-13,130.458966596255
1995-12-14,269.94868927629625
1995-12-15,63.28835012110377
1995-12-16,191.07727000067493
1995-12-17,71.55834297714243
1995-12-18,229.5911558017533
1995-12-19,215.00549593608693
1995-12-20,224.51488290073706
1995-12-21,194.18606368295394
1995-12-22,104.70569085345517
1995-12-23,129.3622543116646
1995-12-24,292.4116457809313
1995-12-25,65.11973292575044
1995-12-26,272.9595132832635
1995-12-27,198.1777530680329
1995-12-28,198.47815401424864
1995-12-29,214.40187292120893
1995-12-30,143.2670147312297
1995-12-31,217.42582317913192
1996-01-01,191.55957342903355
1996-01-02,173.58215082107313
1996-01-03,72.27575651181643
1996-01-04,206.15184722299904
1996-01-05,240.01485947627953
1996-01-06,89.25325621671502
1996-01-07,52.793054703793736
1996-01-08,133.48894749886654
1996-01-09,246.95365835160493
1996-01-10,168.73563296584655
1996-01-11,229.1399023159401
1996-01-12,124.5097702910013
1996-01-13,89.60258768970695
1996-01-14,163.83359058938655
1996-01-15,290.8608391174706
1996-01-16,222.4556755357598
1996-01-17,106.50260627726716
1996-01-18,131.55018764740396
1996-01-19,165.66325501774242
1996-01-20,70.5448613421871
1996-01-21,57.28676603891487
1996-01-22,95.95298865797726
1996-01-23,51.03595912604676
1996-01-24,218.65517282844613
1996-01-25,109.3756791145664
1996-01-26,147.56433967889723
1996-01-27,242.5058155768598
1996-01-28,137.3775072375226
1996-01-29,197.9049454025643
1996-01-30,219.75187826688082
1996-01-31,92.65186163847648
1996-02-01,191.99684345490454
1996-02-02,260.92980047369673
1996-02-03,293.92680126318896
1996-02-04,59.00300985964172
1996-02-05,133.85796106430644
1996-02-06,185.66458513243663
1996-02-07,110.0973988661801
1996-02-08,105.30072357800105
1996-02-09,169.17470071796583
1996-02-10,144.24013848850353
1996-02-11,282.0863886645643
1996-02-12,230.87360286445582
1996-02-13,86.58866308326536
1996-02-14,270.2657954247594
1996-02-15,73.0270444980313
1996-02-16,227.57903319019536
1996-02-17,122.73315291135563
1996-02-18,288.5025777605784
1996-02-19,121.8235509821256
1996-02-20,184.66668124580207
1996-02-21,93.45033525482431
1996-02-22,104.95232436732087
1996-02-23,256.23696780370756
1996-02-24,176.51702835996338
1996-02-25,150.62560951380672
1996-02-26,162.58121904626313
1996-02-27,174.21325211316503
1996-02-28,217.5092588363508
1996-02-29,123.20604124005764
1996-03-01,107.53370719305207
1996-03-02,119.34679909616077
1996-03-03,267.4887488475947
1996-03-04,176.72340918426949
1996-03-05,62.38106937460398
1996-03-06,269.1026948070014
1996-03-07,163.60926741008728
1996-03-08,86.84325967206712
1996-03-09,176.7755467444392
1996-03-10,55.76308800257236
1996-03-11,271.1249532534247
1996-03-12,151.33819895769756
1996-03-13,241.1433051001278
1996-03-14,130.26327007996872
1996-03-15,182.700718390892
1996-03-16,187.84871612573164
1996-03-17,274.50387939163767
1996-03-18,120.65376133415621
1996-03-19,167.59604088760395
1996-03-20,149.44919741643895
1996-03-21,97.90482588118122
1996-03-22,121.98543077259126
1996-03-23,78.74141957593409
1996-03-24,257.513445074342
1996-03-25,245.54547966064095
1996-03-26,188.9608569128181
1996-03-27,135.9609781276286
1996-03-28,276.44461651556645
1996-03-29,254.23434635033203
1996-03-30,288.8996824796593
1996-03-31,138.84180610141468
1996-04-01,175.11111622617256
1996-04-02,137.69707214291054
1996-04-03,139.5750551464109
1996-04-04,250.54986448390812
1996-04-05,136.2771813426685
1996-04-06,277.41724778297964
1996-04-07,192.7383799106905
1996-04-08,159.27510023687122
1996-04-09,53.551465015317554
1996-04-10,120.53763928432575
1996-04-11,205.91377132218014
1996-04-12,68.68819687339207
1996-04-13,120.93979898024932
1996-04-14,230.83591115552284
1996-04-15,86.29156347893343
1996-04-16,68.83416495354157
1996-04-17,200.63701377502687
1996-04-18,105.30401078550959
1996-04-19,125.70982832622076
1996-04-20,129.7962559253423
1996-04-21,266.362884445963
1996-04-22,262.939015980182
1996-04-23,87.86727356837113
1996-04-24,188.24344579926344
1996-04-25,240.16876918392873
1996-04-26,123.02897831247392
1996-04-27,238.87682817660487
1996-04-28,263.79551031201015
1996-04-29,121.90518408533916
1996-04-30,211.76557575183952
1996-05-01,272.98962705705856
1996-05-02,147.67980241165998
1996-05-03,207.41996634773454
1996-05-04,145.45432590700977
1996-05-05,206.55485027166094
1996-05-06,159.49382102318674
1996-05-07,244.13014579616362
1996-05-08,233.71826732834575
1996-05-09,97.36732521120106
1996-05-10,118.85613735857912
1996-05-11,236.49592539729863
1996-05-12,265.8842205041436
1996-05-13,279.6469452112856
1996-05-14,150.62495382745388
1996-05-15,125.7786046352509
1996-05-16,84.32943257018653
1996-05-17,55.620714240455236
1996-05-18,62.20389772457992
1996-05-19,287.4469504268109
1996-05-20,171.1443052455427
1996-05-21,221.48865176018623
1996-05-22,103.3907194943427
1996-05-23,270.5695027814586
1996-05-24,296.7801938060211
1996-05-25,259.8576340911098
1996-05-26,282.38103247261313
1996-05-27,246.08345988868197
1996-05-28,101.62335022676805
1996-05-29,293.9476574234279
1996-05-30,141.52930954470128
1996-05-31,80.54477489476947
1996-06-01,160.19160335496886
1996-06-02,203.3882081206349
1996-06-03,213.9705611246679
1996-06-04,224.14400084215322
1996-06-05,53.56497608410772
1996-06-06,179.1085705555081
1996-06-07,228.268449581864
1996-06-08,231.12288602511194
1996-06-09,116.55406158907736
1996-06-10,180.0710646006609
1996-06-11,246.56667635029817
1996-06-12,165.027307735786
1996-06-13,280.55596352710415
1996-06-14,137.273478951882
1996-06-15,286.8892903642252
1996-06-16,299.4098020520348
1996-06-17,73.3336079774907
1996-06-18,87.59583599984539
1996-06-19,172.017033006915
1996-06-20,101.91619391050648
1996-06-21,194.55038677754493
1996-06-22,158.16781631690583
1996-06-23,65.6133880826482
1996-06-24,206.10594101515284
1996-06-25,175.60287944283013
1996-06-26,283.67714126369174
1996-06-27,68.13386865401678
1996-06-28,174.59181500593292
1996-06-29,211.56528677352998
1996-06-30,50.19590306040496
1996-07-01,173.07668729213103
1996-07-02,178.07992989380588
1996-07-03,136.34922239546586
1996-07-04,158.6926639215317
1996-07-05,261.8250924573932
1996-07-06,296.5842058171837
1996-07-07,195.54967239358047
1996-07-08,295.43292944720395
1996-07-09,196.35581559476722
1996-07-10,149.17618605777528
1996-07-11,134.27105930066526
1996-07-12,218.9850757714652
1996-07-13,77.31080102114174
1996-07-14,232.10115201639684
1996-07-15,159.7717828647577
1996-07-16,267.8929860306981
1996-07-17,80.49014156509139
1996-07-18,266.8656439375061
1996-07-19,71.8080838061683
1996-07-20,209.9689650762052
1996-07-21,130.6678817305666
1996-07-22,256.08947404405967
1996-07-23,97.38872561861655
1996-07-24,237.07829296950922
1996-07-25,138.25086155206242
1996-07-26,195.2975819234083
1996-07-27,147.53822690495053
1996-07-28,179.2377718465714
1996-07-29,208.06229513479695
1996-07-30,217.07334611869967
1996-07-31,256.40364767940457
1996-08-01,226.09319969602672
1996-08-02,266.396701012997
1996-08-03,135.9699571382135
1996-08-04,77.4243809556094
1996-08-05,97.74484646947951
1996-08-06,78.80136675463419
1996-08-07,57.13156794411987
1996-08-08,142.13722718982564
1996-08-09,251.49284639099253
1996-08-10,286.25824509305374
1996-08-11,186.8841756555954
1996-08-12,211.0648238062405
1996-08-13,139.8960091254925
1996-08-14,158.57907648723545
1996-08-15,290.0836129681616
1996-08-16,195.02794795367578
1996-08-17,165.8511118362802
1996-08-18,91.66162774353063
1996-08-19,280.14205403913525
1996-08-20,270.11178848587826
1996-08-21,118.02076558711201
1996-08-22,211.14331357254954
1996-08-23,137.37275038653408
1996-08-24,234.38212770407554
1996-08-25,277.3236683317959
1996-08-26,120.35521471467968
1996-08-27,264.90066185738516
1996-08-28,175.8345490663458
1996-08-29,84.93467609607515
1996-08-30,289.2288515249667
1996-08-31,53.810822613893954
1996-09-01,252.0976501970866
1996-09-02,86.47598349988598
1996-09-03,149.02527181238477
1996-09-04,133.50500668124414
1996-09-05,198.47977719635284
1996-09-06,165.32697014889908
1996-09-07,248.8919070604763
1996-09-08,225.61264990561185
1996-09-09,164.88523559713838
1996-09-10,119.3644834597149
1996-09-11,114.21789212160259
1996-09-12,290.88760404762513
1996-09-13,278.2263209678654
1996-09-14,280.775915147849
1996-09-15,236.1310018365232
1996-09-16,232.968011268391
1996-09-17,78.7907146282223
1996-09-18,168.08235560676883
1996-09-19,252.92803290354988
1996-09-20,214.79275343392604
1996-09-21,228.9562224509306
1996-09-22,275.6504932479552
1996-09-23,230.29097733446162
1996-09-24,298.1278816625196
1996-09-25,220.2295110366151
1996-09-26,278.7489479570646
1996-09-27,87.16285926829934
1996-09-28,217.5754460252423
1996-09-29,107.03406437768973
1996-09-30,283.13474145260204
1996-10-01,188.0258178289316
1996-10-02,261.36220793261344
1996-10-03,171.99502578331538
1996-10-04,93.39333978277496
1996-10-05,140.75433833726035
1996-10-06,147.525844450982
1996-10-07,243.1514840907046
1996-10-08,241.59856355906064
1996-10-09,57.628154440126686
1996-10-10,97.64320400454206
1996-10-11,77.15192249575207
1996-10-12,197.16251358827668
1996-10-13,211.26946278499045
1996-10-14,94.53387072646878
1996-10-15,175.26516785881444
1996-10-16,266.6788664459141
1996-10-17,160.19240448558588
1996-10-18,259.8017507910653
1996-10-19,66.89865395584012
1996-10-20,298.0847667088607
1996-10-21,194.11679416058297
1996-10-22,272.68807145609895
1996-10-23,183.15441806446012
1996-10-24,76.08832411926335
1996-10-25,236.75705142768427
1996-10-26,208.34486565771013
1996-10-27,71.7413762636817
1996-10-28,205.27547709858518
1996-10-29,90.99249414407016
1996-10-30,119.83671885532858
1996-10-31,227.50438806578853
1996-11-01,184.96766276172974
1996-11-02,244.54516078798457
1996-11-03,102.63731523708853
1996-11-04,262.5790455231735
1996-11-05,250.4597710079175
1996-11-06,107.65328768292422
1996-11-07,112.67578094217168
1996-11-08,222.81880883504593
1996-11-09,136.52362871893922
1996-11-10,212.40763619950445
1996-11-11,281.3066086327534
1996-11-12,264.70779565631346
1996-11-13,155.95763440816893
1996-11-14,165.17722008099844
1996-11-15,60.26846517063149
1996-11-16,127.56822954933517
1996-11-17,213.55806902999097
1996-11-18,224.51986436846246
1996-11-19,252.38745421378133
1996-11-20,137.86463788088946
1996-11-21,51.51674953069375
1996-11-22,226.70401679313457
1996-11-23,273.09046007394295
1996-11-24,218.2845088879126
1996-11-25,68.42458435658526
1996-11-26,218.50011949491227
1996-11-27,70.2973045616735
1996-11-28,220.8933876259622
1996-11-29,149.52098724684924
1996-11-30,260.14014435900503
1996-12-01,216.15248338995082
1996-12-02,120.65169450892664
1996-12-03,67.13608023801811
1996-12-04,87.7557210843417
1996-12-05,287.64536620816824
1996-12-06,255.4517133788631
1996-12-07,242.62307411853564
1996-12-08,245.0291235886385
1996-12-09,57.98317265103088
1996-12-10,282.63778855542967
1996-12-11,290.08756799314847
1996-12-12,274.82067519277024
1996-12-13,186.021807042084
1996-12-14,130.6150801433815
1996-12-15,58.736289367161866
1996-12-16,62.1224452611024
1996-12-17,239.62177250941696
1996-12-18,125.23941445970772
1996-12-19,63.157513890959564
1996-12-20,182.5254894459948
1996-12-21,277.1123738457077
1996-12-22,143.19654240393572
1996-12-23,267.23893546737327
1996-12-24,79.7814972030952
1996-12-25,64.91214414403902
1996-12-26,202.93244533312094
1996-12-27,246.69415205011768
1996-12-28,65.29650399320354
1996-12-29,268.7861774491703
1996-12-30,212.37330771864148
1996-12-31,257.6552687710291
1997-01-01,109.25440717999462
1997-01-02,116.51557217914971
1997-01-03,104.18037274081999
1997-01-04,118.13810454494914
1997-01-05,139.15466772836527
1997-01-06,201.25266336319362
1997-01-07,169.30542732972083
1997-01-08,128.9742194604171
1997-01-09,135.9460933111356
1997-01-10,229.10115306615288
1997-01-11,193.78891088656033
1997-01-12,68.7732475433285
1997-01-13,135.194677607835
1997-01-14,107.4207951967407
1997-01-15,121.20074447673161
1997-01-16,248.0633468148795
1997-01-17,125.9900182981548
1997-01-18,152.0677174999107
1997-01-19,170.21721396535224
1997-01-20,60.37864828180302
1997-01-21,150.49323890619672
1997-01-22,170.2134021197289
1997-01-23,254.46290775119385
1997-01-24,277.0345185199275
1997-01-25,237.70668090570933
1997-01-26,130.7141967053612
1997-01-27,262.3249229603242
1997-01-28,108.43809512586284
1997-01-29,278.39578887673315
1997-01-30,146.91986963162861
1997-01-31,144.41928393011528
1997-02-01,214.88983471675002
1997-02-02,263.8396592626709
1997-02-03,133.7839139145653
1997-02-04,284.9150698830101
1997-02-05,295.7924869988564
1997-02-06,197.9271952630446
1997-02-07,299.3689804586579
1997-02-08,157.79895566709396
1997-02-09,182.84075430358823
1997-02-10,291.13728237734426
1997-02-11,225.0039027075758
1997-02-12,155.69822759369862
1997-02-13,214.16699720871196
1997-02-14,210.93303780910222
1997-02-15,231.22543166670994
1997-02-16,125.20568876300219
1997-02-17,160.28908628926303
1997-02-18,67.86300921991615
1997-02-19,112.6265213741784
1997-02-20,267.1524287173381
1997-02-21,248.68882363180109
1997-02-22,206.3953335093135
1997-02-23,118.54142585179754
1997-02-24,219.5104012083431
1997-02-25,143.08262031225127
1997-02-26,233.48886698787587
1997-02-27,128.03275218519545
1997-02-28,91.74990404125239
1997-03-01,83.89161208528543
1997-03-02,217.93897952347635
1997-03-03,249.30528240460765
1997-03-04,65.5992324749184
1997-03-05,86.8212553473016
1997-03-06,252.58186319897257
1997-03-07,236.87903806871444
1997-03-08,177.9992162515652
1997-03-09,220.87435206689563
1997-03-10,141.27154321763084
1997-03-11,86.6526298388041
1997-03-12,255.8329490954894
1997-03-13,275.75606997825264
1997-03-14,273.1354270711428
1997-03-15,143.3699082278236
1997-03-16,246.3622568636066
1997-03-17,74.21209296432494
1997-03-18,107.89523575770409
1997-03-19,200.13343874373192
1997-03-20,158.06340858767302
1997-03-21,242.59781372659094
1997-03-22,223.62893920130654
1997-03-23,287.0041647563114
1997-03-24,112.32095366969486
1997-03-25,78.35374182380967
1997-03-26,86.81874497601814
1997-03-27,245.39255648880757
1997-03-28,193.87994453288047
1997-03-29,161.63056608314557
1997-03-30,190.86646611080891
1997-03-31,82.4909319481039
1997-04-01,153.93708851572302
1997-04-02,201.4630627644062
1997-04-03,260.0903816479903
1997-04-04,86.3134833742331
1997-04-05,109.53290870760404
1997-04-06,128.62635281396274
1997-04-07,297.166821272279
1997-04-08,151.2890944895634
1997-04-09,195.20750324705614
1997-04-10,231.1215865520169
1997-04-11,152.32257104190904
1997-04-12,112.15434978869521
1997-04-13,287.3564130756612
1997-04-14,265.38288398991386
1997-04-15,163.25315500549252
1997-04-16,256.9139992643862
1997-04-17,119.80032487319116
1997-04-18,106.19056997130573
1997-04-19,290.4149505765098
1997-04-20,131.16022431912336
1997-04-21,296.3697774319734
1997-04-22,255.55167394121221
1997-04-23,122.22675966648889
1997-04-24,175.64819671747418
1997-04-25,107.25854036272057
1997-04-26,63.23427533391141
1997-04-27,212.89419990830515
1997-04-28,231.40053473002453
1997-04-29,104.2340090109997
1997-04-30,220.85853707226354
1997-05-01,166.11968933954475
1997-05-02,70.44040852329576
1997-05-03,161.60519217798367
1997-05-04,294.8584569330337
1997-05-05,215.02124149446303
1997-05-06,170.807355751322
1997-05-07,248.95618601540522
1997-05-08,149.65880586092752
1997-05-09,166.70197609497384
1997-05-10,273.0368723945802
1997-05-11,131.65910065897748
1997-05-12,90.67630658960195
1997-05-13,168.68269071964596
1997-05-14,293.6938710527337
1997-05-15,128.60367427147503
1997-05-16,207.23313888346388
1997-05-17,148.92881066649875
1997-05-18,118.09225930465604
1997-05-19,82.73411087124572
1997-05-20,89.39348399401828
1997-05-21,157.30240391575035
1997-05-22,187.4891604497126
1997-05-23,181.6777625061436
1997-05-24,286.67331197138265
1997-05-25,152.60483641800465
1997-05-26,269.4385967805128
1997-05-27,235.57310459887017
1997-05-28,84.19565932521651
1997-05-29,94.84416258871445
1997-05-30,89.15236557054507
1997-05-31,284.02884829980746
1997-06-01,85.33038590445639
1997-06-02,265.8338620004972
1997-06-03,58.786903283599486
1997-06-04,254.43336326695226
1997-06-05,227.2617515352128
1997-06-06,79.07046681832962
1997-06-07,54.77700605441236
1997-06-08,191.30411648817133
1997-06-09,159.05403987619565
1997-06-10,167.9763979491448
1997-06-11,252.663998287224
1997-06-12,196.22918516098756
1997-06-13,105.8990604435004
1997-06-14,69.64561515070848
1997-06-15,80.9193163014423
1997-06-16,115.23547039760038
1997-06-17,283.05527684055653
1997-06-18,292.9296065393037
1997-06-19,222.08002916818862
1997-06-20,239.04183090342383
1997-06-21,169.1734914111019
1997-06-22,223.03166744386135
1997-06-23,222.9456556211202
1997-06-24,54.712307168398794
1997-06-25,203.52986529426528
1997-06-26,88.4024015183943
1997-06-27,187.3592195369578
1997-06-28,126.36044927218913
1997-06-29,155.82180234356315
1997-06-30,206.0316254639963
1997-07-01,270.7267343433091
1997-07-02,143.90009113750307
1997-07-03,76.72403692800296
1997-07-04,109.92362525662799
1997-07-05,149.99533863681438
1997-07-06,231.39054173840194
1997-07-07,146.82960363268182
1997-07-08,86.4320202973839
1997-07-09,169.110366257514
1997-07-10,102.81966008824102
1997-07-11,142.4058492940219
1997-07-12,264.7094417918019
1997-07-13,216.46334819970093
1997-07-14,113.93613865620476
1997-07-15,215.76610341401798
1997-07-16,289.57157548560855
1997-07-17,153.61253073897953
1997-07-18,223.01497187228915
1997-07-19,192.9292662438698
1997-07-20,281.07047534699495
1997-07-21,296.33897829437433
1997-07-22,222.94302279611972
1997-07-23,74.20201335096611
1997-07-24,92.81185230796831
1997-07-25,199.85444870304872
1997-07-26,198.37184101532435
1997-07-27,297.1006095079
1997-07-28,259.29205903695197
1997-07-29,55.21161117080152
1997-07-30,90.22849406381168
1997-07-31,159.0303680339647
1997-08-01,260.8455271814205
1997-08-02,122.5902798433334
1997-08-03,204.65364722573503
1997-08-04,97.49929156041976
1997-08-05,264.2472718491718
1997-08-06,63.0096193673386
1997-08-07,230.94306024101334
1997-08-08,124.99740231511883
1997-08-09,261.96226574335026
1997-08-10,174.03238497724314
1997-08-11,276.38838445206113
1997-08-12,185.44142150667747
1997-08-13,51.80572563235765
1997-08-14,138.77336893079755
1997-08-15,151.29703830785473
1997-08-16,149.30272675715912
1997-08-17,78.470279095687
1997-08-18,220.8689238993638
1997-08-19,150.22503045371514
1997-08-20,160.51783218839503
1997-08-21,212.40150559976325
1997-08-22,121.08872796539659
1997-08-23,263.43842586383283
1997-08-24,84.46630497271133
1997-08-25,152.31588723905313
1997-08-26,128.9048137118575
1997-08-27,71.11803088344577
1997-08-28,82.52033645092467
1997-08-29,85.83635129629289
1997-08-30,203.08407804505927
1997-08-31,218.44695831432495
1997-09-01,185.15107757137645
1997-09-02,290.63593490675606
1997-09-03,220.91205875918592
1997-09-04,288.6289977417342
1997-09-05,185.4138684546945
1997-09-06,91.44346536936949
1997-09-07,230.2601688880722
1997-09-08,135.21932673535144
1997-09-09,140.67004259816497
1997-09-10,176.8496728106864
1997-09-11,189.7022542523793
1997-09-12,73.85525962777734
1997-09-13,56.591590527672
1997-09-14,69.18914931958238
1997-09-15,95.85859541297263
1997-09-16,271.03493856097424
1997-09-17,183.86470458121448
1997-09-18,292.50049997987753
1997-09-19,127.75488704085598
1997-09-20,85.15117939329255
1997-09-21,151.74495750887672
1997-09-22,157.66282069720927
1997-09-23,89.68648159731173
1997-09-24,117.40549919123937
1997-09-25,85.12869164885457
1997-09-26,243.55296373942215
1997-09-27,222.9611249423957
1997-09-28,194.72034500690796
1997-09-29,175.94476842303962
1997-09-30,105.06174246974399
1997-10-01,126.26153250103043
1997-10-02,93.53589747944703
1997-10-03,112.58162755552891
1997-10-04,149.29201181836092
1997-10-05,263.6150672537374
1997-10-06,216.4173627005539
1997-10-07,157.87111018604182
1997-10-08,126.68148691104679
1997-10-09,113.0567084151879
1997-10-10,171.38818590069343
1997-10-11,280.6455952043975
1997-10-12,209.25467620334996
1997-10-13,192.39827946806085
1997-10-14,264.54079287477595
1997-10-15,132.96476490903027
1997-10-16,151.4451419629205
1997-10-17,105.75315959596517
1997-10-18,205.3802187264694
1997-10-19,187.03104779780747
1997-10-20,110.51254058098537
1997-10-21,138.7494473959795
1997-10-22,274.4841525241596
1997-10-23,75.44370118157191
1997-10-24,285.0988911513171
1997-10-25,134.41505302659704
1997-10-26,144.17982336863577
1997-10-27,150.84727916720044
1997-10-28,284.02112119026515
1997-10-29,154.50867094284442
1997-10-30,117.97630737857268
1997-10-31,246.26279516375408
1997-11-01,163.19932038372906
1997-11-02,157.51694492973863
1997-11-03,285.4432133951483
1997-11-04,214.50040694828223
1997-11-05,101.5225362689116
1997-11-06,115.87127924523008
1997-11-07,203.2091823258739
1997-11-08,138.1438684073015
1997-11-09,227.96676900741704
1997-11-10,156.5327058374836
1997-11-11,78.61478338647441
1997-11-12,225.31857183372375
1997-11-13,217.91865782128542
1997-11-14,99.68543951224919
1997-11-15,122.38764938804648
1997-11-16,261.3990183485458
1997-11-17,250.63919707158968
1997-11-18,103.98960067568632
1997-11-19,283.32131528985906
1997-11-20,83.4104745185014
1997-11-21,261.3778312271427
1997-11-22,271.1696885726178
1997-11-23,232.3236158167746
1997-11-24,117.29899752692332
1997-11-25,155.80420689642813
1997-11-26,105.04975303393928
1997-11-27,143.56522981254068
1997-11-28,275.5835855027546
1997-11-29,281.2757069760691
1997-11-30,62.395430380269715
1997-12-01,53.753757956510285
1997-12-02,193.90219142897794
1997-12-03,125.76906729808613
1997-12-04,242.41405700538888
1997-12-05,178.23800187948098
1997-12-06,124.56116380159264
1997-12-07,250.18378439420184
1997-12-08,241.83959408167303
1997-12-09,235.7968067628054
1997-12-10,183.3709159490324
1997-12-11,68.83367604952885
1997-12-12,107.2467046293863
1997-12-13,183.3456715403305
1997-12-14,264.29894305486494
1997-12-15,148.77882031852374
1997-12-16,127.82157367895418
1997-12-17,209.11523206903564
1997-12-18,246.75442356232475
1997-12-19,113.84540855994325
1997-12-20,275.33697591172563
1997-12-21,209.82279356602083
1997-12-22,81.68296879051377
1997-12-23,81.53623034297867
1997-12-24,252.57501070134938
1997-12-25,72.66654573767666
1997-12-26,231.21103384475092
1997-12-27,96.14374978895503
1997-12-28,260.72985509305727
1997-12-29,221.43466142326722
1997-12-30,284.55414765959256
1997-12-31,232.76944310396894
1998-01-01,139.3762023970133
1998-01-02,118.60790668116782
1998-01-03,92.88631708088798
1998-01-04,158.90137227405606
1998-01-05,177.3122393432202
1998-01-06,59.265895059793166
1998-01-07,228.01744956565923
1998-01-08,237.86498733520102
1998-01-09,298.81705732806967
1998-01-10,267.7205826718392
1998-01-11,120.98376601368642
1998-01-12,128.7616071685743
1998-01-13,121.89583135304476
1998-01-14,96.42837324631569
1998-01-15,177.72982467324624
1998-01-16,177.6405249317212
1998-01-17,274.53898955433766
1998-01-18,142.70201556720008
1998-01-19,204.74632935543227
1998-01-20,155.80856017524005
1998-01-21,211.65061730768787
1998-01-22,168.84052196887575
1998-01-23,252.39693470288364
1998-01-24,133.6207697230118
1998-01-25,219.7136712735017
1998-01-26,56.30816170583567
1998-01-27,71.13035769462354
1998-01-28,210.3892660787208
1998-01-29,151.73611380751197
1998-01-30,80.18640706384471
1998-01-31,293.6613434455372
1998-02-01,217.79392857736198
1998-02-02,240.83266109332362
1998-02-03,57.57846386001876
1998-02-04,118.71424967388806
1998-02-05,70.68959357888801
1998-02-06,282.36949362306285
1998-02-07,62.63482744585504
1998-02-08,230.3741869381286
1998-02-09,265.825737835592
1998-02-10,53.768976104279034
1998-02-11,191.91414219113037
1998-02-12,149.67251816976338
1998-02-13,149.29502380306582
1998-02-14,135.17105706312145
1998-02-15,200.98405348585342
1998-02-16,86.21556514301949
1998-02-17,270.90961624485413
1998-02-18,267.7271519641596
1998-02-19,194.09992017855896
1998-02-20,101.2595332024589
1998-02-21,162.05110392895926
1998-02-22,103.5419576787381
1998-02-23,87.50307636993469
1998-02-24,122.72954917155461
1998-02-25,214.11965644985028
1998-02-26,216.98822498621362
1998-02-27,283.38453378689076
1998-02-28,200.34781313668972
1998-03-01,75.9263618270077
1998-03-02,149.6571641231958
1998-03-03,170.81911453317448
1998-03-04,231.4248217386957
1998-03-05,230.0459865103408
1998-03-06,212.0909927456235
1998-03-07,78.91292654390736
1998-03-08,282.24839401725427
1998-03-09,167.283217806559
1998-03-10,276.6736020297225
1998-03-11,208.83415756519796
1998-03-12,68.39157993378079
1998-03-13,67.49346328824805
1998-03-14,183.34968051255262
1998-03-15,76.52524662878614
1998-03-16,134.07589499951484
1998-03-17,100.96246952899705
1998-03-18,69.78593724486444
1998-03-19,124.0078411918543
1998-03-20,154.54804100327576
1998-03-21,299.1681857896963
1998-03-22,121.9192467911548
1998-03-23,227.05352745242004
1998-03-24,263.1842417314438
1998-03-25,94.882799485502
1998-03-26,250.0029339629028
1998-03-27,283.6691923754061
1998-03-28,85.11927642156864
1998-03-29,157.37802605652897
1998-03-30,191.39183512334282
1998-03-31,144.36519683328012
1998-04-01,274.9585684461443
1998-04-02,218.40686662254276
1998-04-03,293.8362041940479
1998-04-04,174.17869597509116
1998-04-05,107.57661640540337
1998-04-06,284.9816512523019
1998-04-07,122.36323779089682
1998-04-08,299.3267309972051
1998-04-09,131.8963195548003
1998-04-10,191.97988407496973
1998-04-11,80.63007906433381
1998-04-12,95.97438588002146
1998-04-13,57.014598013378475
1998-04-14,116.21242937039501
1998-04-15,174.58886817654349
1998-04-16,233.47050853153243
1998-04-17,66.65452527924066
1998-04-18,228.5455671309974
1998-04-19,60.67938043736341
1998-04-20,274.0485105500512
1998-04-21,171.53773243733667
1998-04-22,178.56714784746208
1998-04-23,242.3069745932168
1998-04-24,243.61673771615744
1998-04-25,282.7910878391252
1998-04-26,80.52973356600519
1998-04-27,193.34570723610435
1998-04-28,50.317955152787434
1998-04-29,128.23102865664796
1998-04-30,159.70429670253426
1998-05-01,217.76914321459827
1998-05-02,238.81298401047079
1998-05-03,261.1960169143998
1998-05-04,97.07393534230125
1998-05-05,209.81952105433427
1998-05-06,266.1928928955222
1998-05-07,101.24203777925959
1998-05-08,69.7194599112326
1998-05-09,75.20672898164331
1998-05-10,241.5589759804218
1998-05-11,245.25899729678392
1998-05-12,94.45361820301099
1998-05-13,271.5211088007308
1998-05-14,246.0430425298268
1998-05-15,190.80124747745123
1998-05-16,121.11900999696071
1998-05-17,284.194634033762
1998-05-18,76.34834209062767
1998-05-19,241.6250205917466
1998-05-20,185.21932829444378
1998-05-21,231.54947560258063
1998-05-22,95.79955222942594
1998-05-23,106.30506118812487
1998-05-24,142.02980648586072
1998-05-25,150.76482380402837
1998-05-26,178.002402239968
1998-05-27,188.19467920022362
1998-05-28,285.61383748396406
1998-05-29,108.87757785595798
1998-05-30,118.98418653449268
1998-05-31,265.94379723485565
1998-06-01,196.31757653574553
1998-06-02,167.91559183075657
1998-06-03,62.87378993911381
1998-06-04,162.5658449273027
1998-06-05,182.2213406323132
1998-06-06,164.29327611032664
1998-06-07,126.0023669638638
1998-06-08,242.43828661821033
1998-06-09,255.4548940639788
1998-06-10,73.64376852465139
1998-06-11,249.95646387959368
1998-06-12,126.35999952385481
1998-06-13,192.5890404639966
1998-06-14,77.07983193335706
1998-06-15,222.35234041978865
1998-06-16,275.95220456544655
1998-06-17,256.32001588097285
1998-06-18,169.50174807532653
1998-06-19,110.21480454293896
1998-06-20,89.67063529861542
1998-06-21,258.28267776632936
1998-06-22,147.50595396057156
1998-06-23,273.8445708404839
1998-06-24,216.9258493018379
1998-06-25,67.7744934573723
1998-06-26,93.09796377524859
1998-06-27,202.7723678016765
1998-06-28,182.05207148967352
1998-06-29,279.7643800668453
1998-06-30,229.9026289594124
1998-07-01,159.24957630193546
1998-07-02,141.83867741839128
1998-07-03,258.54549994419983
1998-07-04,177.15022506618067
1998-07-05,213.6066783251042
1998-07-06,213.62174900356078
1998-07-07,184.2768032047088
1998-07-08,263.8212071120828
1998-07-09,60.08465476913773
1998-07-10,142.70832462648247
1998-07-11,140.14498778617872
1998-07-12,264.6443890740109
1998-07-13,267.9051965057063
1998-07-14,126.94848661560944
1998-07-15,105.39943730797
1998-07-16,96.136641224263
1998-07-17,182.54048654865855
1998-07-18,175.1457534786187
1998-07-19,126.66837498935215
1998-07-20,106.64507227442198
1998-07-21,55.05967675819277
1998-07-22,231.3286489453789
1998-07-23,258.96862944027237
1998-07-24,283.27275318984647
1998-07-25,87.37330878385781
1998-07-26,120.94753250285085
1998-07-27,262.6690726723101
1998-07-28,62.83832608590302
1998-07-29,113.22678508171043
1998-07-30,225.41108464578508
1998-07-31,284.12950697506835
1998-08-01,202.686240088527
1998-08-02,87.91959027566413
1998-08-03,60.77743147628279
1998-08-04,299.76202658155717
1998-08-05,132.4182790064973
1998-08-06,159.81433297837523
1998-08-07,128.55571931629893
1998-08-08,58.00419347915629
1998-08-09,214.66295462190917
1998-08-10,94.85873886609446
1998-08-11,213.20888961157925
1998-08-12,238.3753177821602
1998-08-13,209.48164657076893
1998-08-14,184.94035469483833
1998-08-15,262.2043002892901
1998-08-16,280.79174649228366
1998-08-17,213.36111687991942
1998-08-18,165.7138201115861
1998-08-19,134.73971017225776
1998-08-20,129.52035546366034
1998-08-21,182.7256948200723
1998-08-22,275.03039072605986
1998-08-23,271.3917753094265
1998-08-24,283.0383313753004
1998-08-25,187.4963287842075
1998-08-26,214.74518420260367
1998-08-27,167.14646660467653
1998-08-28,115.4547126185997
1998-08-29,100.39503017916144
1998-08-30,145.105153254782
1998-08-31,61.37890419873433
1998-09-01,274.38640640251924
1998-09-02,222.94065914855787
1998-09-03,294.4916338532224
1998-09-04,141.25312921179363
1998-09-05,87.82781896413567
1998-09-06,128.38423666615824
1998-09-07,204.5410816444894
1998-09-08,75.84329449689542
1998-09-09,254.5456527204218
1998-09-10,154.28895354590998
1998-09-11,138.21920112481348
1998-09-12,127.08486718884919
1998-09-13,157.23889605634764
1998-09-14,74.64098665740563
1998-09-15,227.97059648183017
1998-09-16,202.46949863073556
1998-09-17,192.35154929059453
1998-09-18,130.5317103391187
1998-09-19,229.95949086702535
1998-09-20,261.98206870641013
1998-09-21,158.4806143230321
1998-09-22,88.55573316265357
1998-09-23,276.45825596424345
1998-09-24,172.94812757412652
1998-09-25,224.8253957282011
1998-09-26,269.8464987291614
1998-09-27,57.31671274520585
1998-09-28,129.4995950562854
1998-09-29,298.04599717715973
1998-09-30,254.9729163188168
1998-10-01,170.89147533961747
1998-10-02,296.0942355233787
1998-10-03,293.9252842643808
1998-10-04,247.41978893579443
1998-10-05,279.5184183981887
1998-10-06,288.4456866222452
1998-10-07,60.71340506991508
1998-10-08,53.473425614014815
1998-10-09,276.3118831520728
1998-10-10,210.47256102253584
1998-10-11,90.99063534513608
1998-10-12,110.75863526381508
1998-10-13,242.62264385232123
1998-10-14,222.0453652776124
1998-10-15,299.1753768898767
1998-10-16,113.3167395315527
1998-10-17,196.4882472978619
1998-10-18,242.78565466274623
1998-10-19,218.1307069809673
1998-10-20,133.83932037109815
1998-10-21,113.41735032802545
1998-10-22,91.48494979783446
1998-10-23,53.48762181192708
1998-10-24,152.34431974295381
1998-10-25,247.93437406835034
1998-10-26,225.49341072785907
1998-10-27,51.47521559738573
1998-10-28,254.25231483914487
1998-10-29,277.36283046239646
1998-10-30,132.87479886002444
1998-10-31,87.09061367386263
1998-11-01,178.65246237227424
1998-11-02,101.56942933292119
1998-11-03,60.287251534836145
1998-11-04,129.06582698667205
1998-11-05,147.19333091299671
1998-11-06,79.67203351732856
1998-11-07,60.99897992080515
1998-11-08,180.22589922044418
1998-11-09,136.8743822484237
1998-11-10,220.9029762861901
1998-11-11,157.06805867580638
1998-11-12,146.0724753740156
1998-11-13,215.0695299894445
1998-11-14,162.10686393455592
1998-11-15,253.01641418077133
1998-11-16,146.24097963253837
1998-11-17,280.59302838132976
1998-11-18,140.61722980470478
1998-11-19,90.80718377163208
1998-11-20,289.10308801473235
1998-11-21,134.19505964911767
1998-11-22,72.87499882355276
1998-11-23,274.5288656413508
1998-11-24,250.45585027527284
1998-11-25,196.1683651137769
1998-11-26,261.96944483619666
1998-11-27,54.10284335424666
1998-11-28,182.23288161387023
1998-11-29,255.97922225664385
1998-11-30,128.29474733457397
1998-12-01,97.17691246980053
1998-12-02,239.88536982137296
1998-12-03,269.7127628635472
1998-12-04,231.9898458423656
1998-12-05,252.0614638527049
1998-12-06,245.04398580013108
1998-12-07,189.32181494242928
1998-12-08,241.0381247943922
1998-12-09,147.93327528501231
1998-12-10,118.27542813072493
1998-12-11,148.21529836057732
1998-12-12,100.33983550659474
1998-12-13,206.0179252688379
1998-12-14,100.34965162300247
1998-12-15,275.95358260258644
1998-12-16,164.82222980808743
1998-12-17,295.4097103378655
1998-12-18,103.91421859353504
1998-12-19,175.2506321320459
1998-12-20,148.3671016991741
1998-12-21,96.86954614455067
1998-12-22,123.1938719161488
1998-12-23,71.27529210191662
1998-12-24,195.19517993675387
1998-12-25,62.65777193110587
1998-12-26,77.42784414839575
1998-12-27,171.70888784454783
1998-12-28,279.471913050607
1998-12-29,294.18808607369954
1998-12-30,170.56850067346147
1998-12-31,243.2585652815991
1999-01-01,191.74021100356157
1999-01-02,185.6686252552142
1999-01-03,291.9061643251765
1999-01-04,159.654541563102
1999-01-05,206.56085971943563
1999-01-06,55.40341744032913
1999-01-07,205.72145530485847
1999-01-08,150.75615157075015
1999-01-09,85.98802246575111
1999-01-10,51.06053456633715
1999-01-11,256.07875611461174
1999-01-12,70.34779467592735
1999-01-13,206.67225438745766
1999-01-14,62.29338847651803
1999-01-15,212.89498005068296
1999-01-16,119.72778057210299
1999-01-17,55.07440674368159
1999-01-18,281.2614336751111
1999-01-19,50.94664194107419
1999-01-20,293.12389983242633
1999-01-21,207.08316241414454
1999-01-22,171.46581073207028
1999-01-23,106.40656609783755
1999-01-24,90.55721146468281
1999-01-25,240.64385140335855
1999-01-26,268.1405266689461
1999-01-27,229.65318907472377
1999-01-28,263.87379008045366
1999-01-29,253.9457102142389
1999-01-30,203.82065564411624
1999-01-31,146.93854588954548
1999-02-01,120.74994343279428
1999-02-02,269.21125307936467
1999-02-03,193.01551205197998
1999-02-04,163.1076539048043
1999-02-05,115.14586413292211
1999-02-06,111.82955739155247
1999-02-07,252.71598524213027
1999-02-08,236.48549513660424
1999-02-09,108.47978401581597
1999-02-10,112.09205736940207
1999-02-11,59.859168847906105
1999-02-12,125.34460035366894
1999-02-13,276.0187413946044
1999-02-14,134.77448691060573
1999-02-15,184.7631871647677
1999-02-16,97.35495837147752
1999-02-17,113.04279097054575
1999-02-18,234.4776155304295
1999-02-19,68.59495866408673
1999-02-20,115.84114386493306
1999-02-21,60.07516287144064
1999-02-22,279.4387233836361
1999-02-23,254.00413766132843
1999-02-24,89.46025281936832
1999-02-25,172.97808673347367
1999-02-26,62.29258638817196
1999-02-27,58.000460293478504
1999-02-28,298.9657053254773
1999-03-01,114.66489614898383
1999-03-02,145.45739276856918
1999-03-03,148.76767274295935
1999-03-04,133.4219252180546
1999-03-05,248.5708630217635
1999-03-06,178.1990087893097
1999-03-07,98.23386689057207
1999-03-08,283.3264574298697
1999-03-09,98.01463005134735
1999-03-10,207.66681138155548
1999-03-11,253.50973542198517
1999-03-12,196.20205162274488
1999-03-13,296.71434418673584
1999-03-14,67.21736358226434
1999-03-15,104.35138945581988
1999-03-16,246.07399587309305
1999-03-17,264.17261740348545
1999-03-18,244.56085021741686
1999-03-19,83.13673224454294
1999-03-20,239.43125780854135
1999-03-21,264.9631680655277
1999-03-22,224.5751045954633
1999-03-23,124.34670538895172
1999-03-24,172.08489175837929
1999-03-25,100.9355774185736
1999-03-26,69.33909656637603
1999-03-27,119.72177252372452
1999-03-28,254.53543609481767
1999-03-29,163.2255695920466
1999-03-30,212.89204164688752
1999-03-31,126.80080905140349
1999-04-01,261.91584070941474
1999-04-02,222.85990542216925
1999-04-03,266.26452519941483
1999-04-04,155.60665265788276
1999-04-05,73.2756319925643
1999-04-06,204.4633349463602
1999-04-07,138.89957723368826
1999-04-08,257.8217167235314
1999-04-09,203.60362736204402
1999-04-10,79.40641087502996
1999-04-11,298.03907688678413
1999-04-12,164.88210459259898
1999-04-13,149.6801432832463
1999-04-14,217.5298470001999
1999-04-15,259.9834215759144
1999-04-16,119.13669256375945
1999-04-17,285.3194184262304
1999-04-18,250.30384088351204
1999-04-19,111.66950122264734
1999-04-20,66.5690797735455
1999-04-21,269.045090310294
1999-04-22,188.05964579399614
1999-04-23,145.34249626717946
1999-04-24,239.2930232346803
1999-04-25,291.84934777778193
1999-04-26,289.323764120957
1999-04-27,253.69014641700022
1999-04-28,135.4695127204858
1999-04-29,84.80612574548297
1999-04-30,279.6092899921156
1999-05-01,205.0993015808591
1999-05-02,56.52961507991337
1999-05-03,70.14785621555076
1999-05-04,195.3184400482179
1999-05-05,219.9252598570302
1999-05-06,155.01097759913728
1999-05-07,101.96619757617387
1999-05-08,199.27581533404475
1999-05-09,297.4125561692201
1999-05-10,199.23091913750608
1999-05-11,184.6996708183883
1999-05-12,269.93755300486123
1999-05-13,109.57910503992281
1999-05-14,237.02361017816153
1999-05-15,228.01439522971134
1999-05-16,101.44396610805558
1999-05-17,160.05694361062524
1999-05-18,247.59384269208977
1999-05-19,156.92762507857475
1999-05-20,144.53211410615643
1999-05-21,245.75289326947225
1999-05-22,173.66859446023597
1999-05-23,160.17536203743825
1999-05-24,215.45729099435778
1999-05-25,280.1361404944596
1999-05-26,163.44657781222907
1999-05-27,270.882125417774
1999-05-28,278.65185826783414
1999-05-29,123.47374946837132
1999-05-30,240.79518295339486
1999-05-31,56.14889295504281
1999-06-01,81.7377993538619
1999-06-02,254.76809366439508
1999-06-03,219.5384260174458
1999-06-04,146.2690625967751
1999-06-05,63.1353081759456
1999-06-06,193.53500008340401
1999-06-07,50.2947403104353
1999-06-08,66.7790326823397
1999-06-09,206.60813629649473
1999-06-10,258.27438350149487
1999-06-11,266.061161543346
1999-06-12,141.09519927179684
1999-06-13,219.4122017855245
1999-06-14,241.88278365703923
1999-06-15,70.16943331324278
1999-06-16,90.04945545431465
1999-06-17,86.19458342138054
1999-06-18,142.06725573935677
1999-06-19,168.38101527469257
1999-06-20,80.24703573934015
1999-06-21,98.13501462239073
1999-06-22,288.57337757842606
1999-06-23,148.71575823692115
1999-06-24,221.467885782788
1999-06-25,230.04180043899078
1999-06-26,51.85553085745152
1999-06-27,283.29395232529646
1999-06-28,60.641705625633854
1999-06-29,241.05296701723606
1999-06-30,195.1195269914918
1999-07-01,210.3872829713384
1999-07-02,129.49704220231115
1999-07-03,291.1824499069621
1999-07-04,168.42028457921282
1999-07-05,181.73685179710037
1999-07-06,53.66098856221514
1999-07-07,239.05152202210928
1999-07-08,84.43417802600177
1999-07-09,95.50864853273657
1999-07-10,141.78984920428775
1999-07-11,152.5077625260157
1999-07-12,293.02605971024707
1999-07-13,282.3182639417758
1999-07-14,200.77262751495488
1999-07-15,80.23945897340971
1999-07-16,62.65384173950545
1999-07-17,109.5093187594255
1999-07-18,70.54168816952136
1999-07-19,99.50493202444295
1999-07-20,123.20862892666571
1999-07-21,128.14459342786233
1999-07-22,269.2319403757055
1999-07-23,140.12566794721158
1999-07-24,77.2923676624027
1999-07-25,144.21662780459468
1999-07-26,132.20861682269225
1999-07-27,225.8002883352075
1999-07-28,173.75718845717444
1999-07-29,273.38682915233926
1999-07-30,117.21084044779651
1999-07-31,285.5487338202348
1999-08-01,285.54818938067626
1999-08-02,198.14234918876502
1999-08-03,63.8487634799043
1999-08-04,65.24065809848632
1999-08-05,81.9529418163568
1999-08-06,280.9185074337028
1999-08-07,84.50442306366983
1999-08-08,63.325330168148795
1999-08-09,179.33096284467283
1999-08-10,69.28709219878324
1999-08-11,153.49262402004294
1999-08-12,188.165693561259
1999-08-13,85.32056925732863
1999-08-14,114.54736360093321
1999-08-15,286.1359015714515
1999-08-16,203.52378280318567
1999-08-17,298.22677610475967
1999-08-18,271.626822180762
1999-08-19,177.70923665582114
1999-08-20,232.54707210484892
1999-08-21,103.7168855398881
1999-08-22,90.75803243548756
1999-08-23,245.87275711110505
1999-08-24,294.0138391293999
1999-08-25,168.55526677081474
1999-08-26,148.1450818562639
1999-08-27,205.63491235252866
1999-08-28,278.96900802773223
1999-08-29,226.78572060443602
1999-08-30,196.1158949162604
1999-08-31,66.86053682078125
1999-09-01,199.15967688980518
1999-09-02,136.83888759450497
1999-09-03,173.83392684717433
1999-09-04,82.2890585420337
1999-09-05,294.82257505797384
1999-09-06,221.6280689740243
1999-09-07,154.734977220994
1999-09-08,62.463332961641065
1999-09-09,219.23662649989356
1999-09-10,192.99840941014926
1999-09-11,77.28446574364477
1999-09-12,60.758000698768114
1999-09-13,152.5026305657821
1999-09-14,161.2507738846412
1999-09-15,153.27304620248984
1999-09-16,186.79156372350798
1999-09-17,196.69008715819476
1999-09-18,67.85478369933722
1999-09-19,138.61082600534894
1999-09-20,241.14385339010926
1999-09-21,268.3509021928062
1999-09-22,179.60157826227038
1999-09-23,184.5020117556941
1999-09-24,195.27993332181805
1999-09-25,276.1978294543172
1999-09-26,54.04261493853919
1999-09-27,76.42357094480735
1999-09-28,270.03707762293374
1999-09-29,285.10094067251566
1999-09-30,292.5086030134071
1999-10-01,75.30694031149896
1999-10-02,278.06389507857943
1999-10-03,208.55745943933985
1999-10-04,225.30765930577599
1999-10-05,52.06121815544513
1999-10-06,245.04323702508952
1999-10-07,168.56790060459906
1999-10-08,100.66504795791448
1999-10-09,175.07384370113684
1999-10-10,198.6522508091821
1999-10-11,120.64572155208415
1999-10-12,218.05987178316101
1999-10-13,253.60475719287007
1999-10-14,233.79155208157914
1999-10-15,67.89990198874442
1999-10-16,165.54473755796351
1999-10-17,251.31396216991126
1999-10-18,207.95902928234935
1999-10-19,291.08964995047654
1999-10-20,182.3616805914937
1999-10-21,51.66701802428276
1999-10-22,218.84051091961496
1999-10-23,274.2151884660261
1999-10-24,236.92881259013419
1999-10-25,151.59910476282403
1999-10-26,224.17010460936658
1999-10-27,244.85445359683908
1999-10-28,132.95477737570576
1999-10-29,76.30945463872888
1999-10-30,199.47514002267096
1999-10-31,220.33102184413474
1999-11-01,111.09216069420187
1999-11-02,209.81868983033362
1999-11-03,273.1682645668151
1999-11-04,167.76073698641721
1999-11-05,285.7700337003997
1999-11-06,220.96235378219498
1999-11-07,59.55715443043179
1999-11-08,150.1680472781502
1999-11-09,99.5691539353121
1999-11-10,58.543736679059606
1999-11-11,110.85588385277791
1999-11-12,214.84033155985153
1999-11-13,221.42911964602962
1999-11-14,254.34185176623276
1999-11-15,216.53673268807617
1999-11-16,179.9533203809221
1999-11-17,213.37308721493622
1999-11-18,51.40067894507928
1999-11-19,84.69409363138712
1999-11-20,239.65753187149008
1999-11-21,155.86532896451126
1999-11-22,244.14054171870964
1999-11-23,173.66007906747438
1999-11-24,91.38323829476204
1999-11-25,106.35236590287235
1999-11-26,98.41895537366203
1999-11-27,91.42337431336837
1999-11-28,72.47470404901398
1999-11-29,86.29741410639245
1999-11-30,260.82004416902106
1999-12-01,141.25896185157129
1999-12-02,152.56087108811604
1999-12-03,224.1328655592781
1999-12-04,96.64520539150507
1999-12-05,87.50790482098608
1999-12-06,257.74710304117934
1999-12-07,106.42555669453023
1999-12-08,174.43651746913145
1999-12-09,109.57992434685653
1999-12-10,279.939829911568
1999-12-11,267.04455726646006
1999-12-12,227.8019278176115
1999-12-13,84.59180800975437
1999-12-14,168.10259957595574
1999-12-15,274.3232607288704
1999-12-16,135.6680212948657
1999-12-17,63.916767088735796
1999-12-18,104.59362111647073
1999-12-19,136.89856536022592
1999-12-20,53.827987495035515
1999-12-21,177.32484285122467
1999-12-22,235.84561382631313
1999-12-23,84.41233497955213
1999-12-24,259.4609517289962
1999-12-25,214.5641885010464
1999-12-26,289.0518883843031
1999-12-27,128.59369316979735
1999-12-28,106.86694595620045
1999-12-29,251.6824852729762
1999-12-30,276.78417449197286
1999-12-31,268.1384167642166
2000-01-01,281.50401019939113
2000-01-02,255.4492338420251
2000-01-03,125.44319287728848
2000-01-04,279.9461588450988
2000-01-05,57.29194519189194
2000-01-06,141.45389743926773
2000-01-07,139.0461311935373
2000-01-08,239.06227718249573
2000-01-09,215.76167399752455
2000-01-10,292.4417041528588
2000-01-11,115.08804350931982
2000-01-12,253.80839973005243
2000-01-13,146.74825800474218
2000-01-14,274.6354711209003
2000-01-15,203.6680112974948
2000-01-16,128.7732384519162
2000-01-17,120.40826143163176
2000-01-18,79.31108104682306
2000-01-19,231.06895648007995
2000-01-20,102.71498076694478
2000-01-21,153.62562659309003
2000-01-22,274.9717790232511
2000-01-23,200.9701276073889
2000-01-24,289.56235572460776
2000-01-25,223.70688734501837
2000-01-26,269.5956405764073
2000-01-27,281.9729033037072
2000-01-28,229.60419249472557
2000-01-29,141.67663846011686
2000-01-30,124.06434966199788
2000-01-31,76.04370713125495
2000-02-01,285.7250580715362
2000-02-02,122.10025092487304
2000-02-03,135.6819477210685
2000-02-04,137.54321150270644
2000-02-05,135.47370965266163
2000-02-06,173.7190432532015
2000-02-07,107.99738059271183
2000-02-08,161.37924028709574
2000-02-09,116.98139777570863
2000-02-10,276.1198661759414
2000-02-11,179.6087557351866
2000-02-12,202.37083325652384
2000-02-13,217.17171869229284
2000-02-14,108.56009439910181
2000-02-15,270.50170044652066
2000-02-16,163.63624635817445
2000-02-17,202.5062186320011
2000-02-18,130.03675090169287
2000-02-19,63.793259945237224
2000-02-20,87.38520992491637
2000-02-21,167.07271796436805
2000-02-22,97.78785909530403
2000-02-23,193.47989418988882
2000-02-24,67.61816877573824
2000-02-25,278.0401857511537
2000-02-26,122.88995076523611
2000-02-27,114.22475984013148
2000-02-28,281.7307787158427
2000-02-29,131.48675984773283
2000-03-01,247.0852635895624
2000-03-02,125.87358957442969
2000-03-03,107.9885861032807
2000-03-04,292.46420647681623
2000-03-05,190.9754704638072
2000-03-06,204.77155209738228
2000-03-07,197.05765134930027
2000-03-08,91.84504996381017
2000-03-09,106.74832721967071
2000-03-10,122.2920437480332
2000-03-11,202.68047750230275
2000-03-12,115.06080535217149
2000-03-13,196.65138324414457
2000-03-14,188.53888578739694
2000-03-15,142.4794151269947
2000-03-16,181.08170722612127
2000-03-17,292.0275232294016
2000-03-18,211.1498463449391
2000-03-19,155.4493304615215
2000-03-20,95.21498499816315
2000-03-21,150.08842411205256
2000-03-22,168.93682438561405
2000-03-23,153.25533893596716
2000-03-24,126.79084744997655
2000-03-25,220.2496028317737
2000-03-26,285.1308652706158
2000-03-27,148.80496551600055
2000-03-28,105.1121511531259
2000-03-29,287.2902732736029
2000-03-30,258.95135713993056
2000-03-31,66.46884192018835
2000-04-01,121.55079763150293
2000-04-02,169.4716897255509
2000-04-03,262.49408208205244
2000-04-04,229.00839571354447
2000-04-05,284.01186905131794
2000-04-06,157.16915827879905
2000-04-07,60.651565042474445
2000-04-08,233.53327956268933
2000-04-09,136.48962994959697
2000-04-10,271.5871401607664
2000-04-11,103.60311290652606
2000-04-12,270.3890698889054
2000-04-13,82.12229913372352
2000-04-14,299.0783941823672
2000-04-15,280.30178110210454
2000-04-16,204.90715205855247
2000-04-17,144.33119526220167
2000-04-18,152.14347500240942
2000-04-19,177.7208445778835
2000-04-20,225.73967671442458
2000-04-21,91.86101595614355
2000-04-22,249.38099962713778
2000-04-23,156.66272981378046
2000-04-24,79.34500971697751
2000-04-25,82.78233206134168
2000-04-26,142.80098410613718
2000-04-27,237.69456086259814
2000-04-28,72.95690341366793
2000-04-29,67.55205361261564
2000-04-30,211.3250042919046
2000-05-01,265.0648211157892
2000-05-02,84.0467893004319
2000-05-03,281.64818502517346
2000-05-04,114.55473094603708
2000-05-05,224.08808325566503
2000-05-06,283.49584570952584
2000-05-07,99.18060373853439
2000-05-08,195.252782991287
2000-05-09,151.45648782042286
2000-05-10,259.31590615026914
2000-05-11,108.07519637456545
2000-05-12,244.7722052684691
2000-05-13,140.3005756465021
2000-05-14,176.06097686954286
2000-05-15,118.67466566836619
2000-05-16,263.49610021449496
2000-05-17,87.41279883421376
2000-05-18,125.20062810676514
2000-05-19,152.10076741841254
2000-05-20,109.38915820844221
2000-05-21,270.6755033386151
2000-05-22,176.83378753403866
2000-05-23,195.45316172335964
2000-05-24,172.2999569059121
2000-05-25,177.79713209123446
2000-05-26,276.4745729487413
2000-05-27,206.0548616381046
2000-05-28,134.7042097860173
2000-05-29,237.38908807227546
2000-05-30,104.90739777909894
2000-05-31,174.80238293954073
2000-06-01,269.9779223477568
2000-06-02,93.69601977355069
2000-06-03,121.30387200661912
2000-06-04,293.16835456294103
2000-06-05,280.05866868835255
2000-06-06,258.49853063683827
2000-06-07,120.49765680453335
2000-06-08,223.5959465344165
2000-06-09,190.23198019416188
2000-06-10,290.1807863172593
2000-06-11,271.98759625378165
2000-06-12,76.81386117100965
2000-06-13,89.3612392963518
2000-06-14,139.2406989322794
2000-06-15,296.7011501717075
2000-06-16,148.08892710471534
2000-06-17,170.17323061324663
2000-06-18,206.9839887735144
2000-06-19,193.4212719907051
2000-06-20,120.4894849480896
2000-06-21,275.32714856738966
2000-06-22,246.92023073516395
2000-06-23,253.00374294419507
2000-06-24,299.6633082915671
2000-06-25,136.31150794963236
2000-06-26,170.57300503238287
2000-06-27,155.0313713202681
2000-06-28,265.88849743292155
2000-06-29,245.07286013282925
2000-06-30,284.28205579239676
2000-07-01,271.0783888497809
2000-07-02,149.90816539650623
2000-07-03,154.38455452778075
2000-07-04,289.96404558285326
2000-07-05,234.96735016154054
2000-07-06,152.67496229254198
2000-07-07,54.60496098813579
2000-07-08,229.10989078213208
2000-07-09,235.64621138398178
2000-07-10,171.93323372169212
2000-07-11,123.26352443154863
2000-07-12,242.02262760553143
2000-07-13,299.54593533111404
2000-07-14,252.51441301095096
2000-07-15,281.58016186310795
2000-07-16,266.9202372832628
2000-07-17,179.7036080576655
2000-07-18,265.26638364649756
2000-07-19,138.832377569253
2000-07-20,242.99353906409343
2000-07-21,127.79440824549624
2000-07-22,250.7233034387385
2000-07-23,89.19496636830388
2000-07-24,208.58916201619576
2000-07-25,55.135008884721906
2000-07-26,61.55195125986316
2000-07-27,119.81805676299189
2000-07-28,127.57952632817252
2000-07-29,165.7799165306227
2000-07-30,261.80460319268457
2000-07-31,156.88979118414403
2000-08-01,68.51863938912038
2000-08-02,150.5242088669282
2000-08-03,192.78610772164802
2000-08-04,139.97271287688318
2000-08-05,198.97466130104698
2000-08-06,121.05267582329702
2000-08-07,202.70849031699717
2000-08-08,137.29632626647216
2000-08-09,181.86585402069693
2000-08-10,232.40480891467226
2000-08-11,89.14810122870071
2000-08-12,233.14010257130056
2000-08-13,133.63893273585637
2000-08-14,104.33673596586186
2000-08-15,109.44296756883557
2000-08-16,160.5031468787307
2000-08-17,214.4135066633634
2000-08-18,289.464672295723
2000-08-19,236.28469024362855
2000-08-20,121.04748911542569
2000-08-21,75.17108718077208
2000-08-22,71.94188101347191
2000-08-23,101.11280342303762
2000-08-24,194.89400891845665
2000-08-25,88.16928860319373
2000-08-26,258.3976871188253
2000-08-27,292.84370423465737
2000-08-28,107.15593279741046
2000-08-29,154.99003275617162
2000-08-30,158.53997248816995
2000-08-31,190.98306040338795
2000-09-01,289.99231189735633
2000-09-02,106.56108553365644
2000-09-03,189.9833897296657
2000-09-04,184.79355474808705
2000-09-05,236.65510679765327
2000-09-06,267.15139388549915
2000-09-07,152.2881323272862
2000-09-08,69.93211100607664
2000-09-09,204.4446937159752
2000-09-10,231.6139691004776
2000-09-11,149.35542826953213
2000-09-12,238.29287570886888
2000-09-13,53.1156542002185
2000-09-14,112.81224661470151
2000-09-15,136.51934984609773
2000-09-16,274.2771254773927
2000-09-17,293.9695922862004
2000-09-18,254.0142404487699
2000-09-19,266.96308388716375
2000-09-20,289.75796763387973
2000-09-21,103.3246473872726
2000-09-22,251.70860678024064
2000-09-23,93.3333153242041
2000-09-24,285.50109864919455
2000-09-25,288.25701981962806
2000-09-26,171.71442739710866
2000-09-27,283.13995904846917
2000-09-28,169.4966441096356
2000-09-29,193.15148046882967
2000-09-30,210.75531850433552
2000-10-01,245.85613335020443
2000-10-02,161.37228343765702
2000-10-03,227.66269920300502
2000-10-04,102.42951520056101
2000-10-05,227.95097608842005
2000-10-06,221.28109892071578
2000-10-07,147.60758238718927
2000-10-08,109.59608030293035
2000-10-09,63.583858139763095
2000-10-10,236.0408911654381
2000-10-11,176.77405684806047
2000-10-12,218.50066263846946
2000-10-13,257.8446877674203
2000-10-14,267.86113434934
2000-10-15,146.26382372571285
2000-10-16,162.26419896856578
2000-10-17,175.52629005498406
2000-10-18,157.4343046009368
2000-10-19,253.01884852778593
2000-10-20,180.46696809599484
2000-10-21,74.42063812674155
2000-10-22,56.25626475598609
2000-10-23,235.73323269138143
2000-10-24,85.5964233133203
2000-10-25,282.3672173855027
2000-10-26,249.5492825738791
2000-10-27,182.11796814807872
2000-10-28,84.66588379087851
2000-10-29,96.29471350225387
2000-10-30,185.18443851767788
2000-10-31,79.08794940428378
2000-11-01,185.00733372544582
2000-11-02,121.9735678298605
2000-11-03,59.169493148485365
2000-11-04,105.42818789645185
2000-11-05,211.55015280487353
2000-11-06,93.77423449502221
2000-11-07,50.3743024306645
2000-11-08,210.98677412836804
2000-11-09,85.75143262816184
2000-11-10,170.90515851830472
2000-11-11,252.81559481447417
2000-11-12,237.99932005360156
2000-11-13,213.3259012984306
2000-11-14,230.51071665794737
2000-11-15,281.8609054668225
2000-11-16,68.43470652683338
2000-11-17,162.45269836935063
2000-11-18,181.33575558915248
2000-11-19,89.84272165485883
2000-11-20,295.70954110931007
2000-11-21,197.2883286688432
2000-11-22,166.90672077485323
2000-11-23,264.8421268189037
2000-11-24,272.0493856669837
2000-11-25,269.1868561765334
2000-11-26,192.58588135706222
2000-11-27,70.18160794468534
2000-11-28,113.64432040559922
2000-11-29,113.27834661924416
2000-11-30,119.92296190381248
2000-12-01,57.95342958636475
2000-12-02,86.76304557797118
2000-12-03,278.1990754317026
2000-12-04,285.54556529710595
2000-12-05,219.711037811821
2000-12-06,193.2884211873328
2000-12-07,195.19676253790416
2000-12-08,167.03146992235708
2000-12-09,291.41605436508553
2000-12-10,109.20817624227371
2000-12-11,71.80317906457651
2000-12-12,211.65013727202353
2000-12-13,263.8798001732995
2000-12-14,201.59382743314697
2000-12-15,130.08738592066493
2000-12-16,162.19627553894924
2000-12-17,282.02465356664504
2000-12-18,195.51652159674967
2000-12-19,250.54009913632234
2000-12-20,67.3309816520378
2000-12-21,272.619719098925
2000-12-22,226.5169139512672
2000-12-23,255.79921983114144
2000-12-24,183.0570299513033
2000-12-25,250.87775800854288
2000-12-26,51.40532912573796
2000-12-27,86.74391888140053
2000-12-28,126.07123172882669
2000-12-29,197.96361666161164
2000-12-30,297.6894536256151
2000-12-31,73.83506569130995
2001-01-01,294.35683222154665
2001-01-02,115.70243909183037
2001-01-03,262.9844853030536
2001-01-04,66.88469945243406
2001-01-05,164.7492573448942
2001-01-06,191.6140834869221
2001-01-07,268.00254231582903
2001-01-08,154.30373759500873
2001-01-09,172.94632874871957
2001-01-10,255.91201713841824
2001-01-11,277.3863622650131
2001-01-12,282.6984141673827
2001-01-13,272.3693392870831
2001-01-14,135.8236978446632
2001-01-15,113.65808563204652
2001-01-16,158.65676870944486
2001-01-17,163.52974445562677
2001-01-18,125.45934247076616
2001-01-19,108.47527670039094
2001-01-20,173.86300673661458
2001-01-21,200.187746613753
2001-01-22,64.49921618055639
2001-01-23,110.3281533808436
2001-01-24,223.88595119142857
2001-01-25,145.43615419542158
2001-01-26,153.97934714479493
2001-01-27,241.82324673165647
2001-01-28,243.07748136275816
2001-01-29,175.01607852247378
2001-01-30,278.78685087036786
2001-01-31,127.88508566880387
2001-02-01,205.8294369895939
2001-02-02,60.162955512139106
2001-02-03,99.9522761051838
2001-02-04,127.71065162310096
2001-02-05,195.29610125017982
2001-02-06,263.3446780140126
2001-02-07,150.4886803687034
2001-02-08,259.53644447278634
2001-02-09,228.71382167708146
2001-02-10,188.6371212936395
2001-02-11,199.85608518865118
2001-02-12,110.83559663207375
2001-02-13,249.3480011169678
2001-02-14,135.38339314645714
2001-02-15,224.5660467082367
2001-02-16,56.26582419641533
2001-02-17,106.4494687440874
2001-02-18,275.55215089774197
2001-02-19,284.30665955389077
2001-02-20,238.8948235178924
2001-02-21,156.3606360385774
2001-02-22,160.5285826608281
2001-02-23,264.50599840146305
2001-02-24,75.9637568309196
2001-02-25,254.22731363073737
2001-02-26,224.70582236694855
2001-02-27,157.709518335125
2001-02-28,257.18719285758345
2001-03-01,160.27707826544057
2001-03-02,109.7095986444584
2001-03-03,182.17586056526022
2001-03-04,175.90629417588815
2001-03-05,226.1805909104308
2001-03-06,78.17128727842416
2001-03-07,215.2360631771292
2001-03-08,224.16750537764793
2001-03-09,136.44764845839336
2001-03-10,86.62435427091515
2001-03-11,93.44201521673932
2001-03-12,211.5221640433023
2001-03-13,271.2483238268981
2001-03-14,184.536077064699
2001-03-15,204.2247641876638
2001-03-16,82.42159866416225
2001-03-17,249.48407204165198
2001-03-18,94.0612668091275
2001-03-19,136.48153501788954
2001-03-20,86.97975535182354
2001-03-21,102.85330240810202
2001-03-22,135.66307475201194
2001-03-23,154.84507517803385
2001-03-24,288.18444542573957
2001-03-25,143.9036018997044
2001-03-26,249.02950859658125
2001-03-27,221.36628604273702
2001-03-28,160.86912328221254
2001-03-29,158.96403322985344
2001-03-30,230.1326994062177
2001-03-31,171.14294488362196
2001-04-01,171.66232690092932
2001-04-02,180.27744572919045
2001-04-03,140.25021614890017
2001-04-04,249.1323132522736
2001-04-05,158.642308695311
2001-04-06,139.87143669290143
2001-04-07,124.34768329230492
2001-04-08,254.9773521335858
2001-04-09,289.2077871445191
2001-04-10,179.39101894243592
2001-04-11,215.97310682689331
2001-04-12,123.48233402383796
2001-04-13,65.5398858476545
2001-04-14,146.93884967802518
2001-04-15,126.89237212959071
2001-04-16,213.2257299656286
2001-04-17,70.70316594176654
2001-04-18,94.27335659870747
2001-04-19,228.64612560894224
2001-04-20,177.20641335793547
2001-04-21,52.40145699759556
2001-04-22,188.42529593244487
2001-04-23,217.4677455965233
2001-04-24,181.7828185239627
2001-04-25,63.19621887447334
2001-04-26,216.68059268258645
2001-04-27,93.8715121440093
2001-04-28,58.72102223967261
2001-04-29,282.7520473748151
2001-04-30,235.9757336648787
2001-05-01,191.57359080730907
2001-05-02,256.53688232684135
2001-05-03,240.21544664816415
2001-05-04,83.70780557558592
2001-05-05,111.41227214364724
2001-05-06,82.14800857273406
2001-05-07,298.9052463406134
2001-05-08,269.3178681107752
2001-05-09,243.82574829497105
2001-05-10,213.74393681562677
2001-05-11,182.43445862872017
2001-05-12,105.11242155224485
2001-05-13,251.92964898848814
2001-05-14,249.3658663935317
2001-05-15,183.91450909615511
2001-05-16,293.1814736929639
2001-05-17,153.02390413214994
2001-05-18,127.53506377095314
2001-05-19,206.66481370317476
2001-05-20,257.4458223629957
2001-05-21,235.04092172276933
2001-05-22,62.53520504123284
2001-05-23,104.66193700005917
2001-05-24,110.40172988177706
2001-05-25,90.65861726547953
2001-05-26,58.461632872247186
2001-05-27,186.87952918108064
2001-05-28,174.24473267095473
2001-05-29,79.83663849340576
2001-05-30,287.4556706120707
2001-05-31,262.42917773528893
2001-06-01,142.5985854033776
2001-06-02,50.48240343326758
2001-06-03,101.61922316752035
2001-06-04,182.16166443515135
2001-06-05,151.8663652130084
2001-06-06,62.915876892681254
2001-06-07,190.4943045797967
2001-06-08,169.0698973593132
2001-06-09,249.74501537980905
2001-06-10,87.99498032143586
2001-06-11,170.56620216485737
2001-06-12,195.89249725664578
2001-06-13,163.32012666586186
2001-06-14,229.10963148554734
2001-06-15,275.19438778746587
2001-06-16,200.0384882734987
2001-06-17,206.5989122055823
2001-06-18,194.94411082006516
2001-06-19,99.76709927955397
2001-06-20,295.71377773233553
2001-06-21,145.04729445119517
2001-06-22,252.03400056916286
2001-06-23,175.3250400932125
2001-06-24,199.69886650468894
2001-06-25,181.6565462838051
2001-06-26,247.12355474299437
2001-06-27,229.22888571301016
2001-06-28,98.60570791680848
2001-06-29,144.61260105384076
2001-06-30,274.61407801209685
2001-07-01,134.39757936639455
2001-07-02,250.48195150979836
2001-07-03,89.52836672237001
2001-07-04,101.99713126084107
2001-07-05,143.92756092580606
2001-07-06,68.80310485009585
2001-07-07,92.80318996318805
2001-07-08,118.23511823381625
2001-07-09,173.05825336832186
2001-07-10,136.638879632804
2001-07-11,222.78564879721705
2001-07-12,146.57240013028053
2001-07-13,136.88462804966431
2001-07-14,68.45684579638574
2001-07-15,156.31242488638463
2001-07-16,168.52179833675353
2001-07-17,59.67536269613103
2001-07-18,141.1405538084494
2001-07-19,282.14643535092415
2001-07-20,208.25387165859703
2001-07-21,276.13066615263676
2001-07-22,215.253205322816
2001-07-23,105.87321515452629
2001-07-24,281.77284575194665
2001-07-25,245.04006808947398
2001-07-26,118.24615182991275
2001-07-27,167.0196984980267
2001-07-28,250.50056948953934
2001-07-29,174.62698806876614
2001-07-30,212.46487166154688
2001-07-31,146.85258594490514
2001-08-01,91.56353527263846
2001-08-02,175.88925075879519
2001-08-03,56.165325231959955
2001-08-04,271.91768178867176
2001-08-05,68.36776604870794
2001-08-06,107.46473637809484
2001-08-07,174.35556809223644
2001-08-08,167.87603267252496
2001-08-09,117.72048150578463
2001-08-10,294.4760695743395
2001-08-11,57.77758161545458
2001-08-12,104.93985403893126
2001-08-13,98.79063007900803
2001-08-14,66.83409304212924
2001-08-15,190.02685527044926
2001-08-16,155.86886992862867
2001-08-17,277.5489197845052
2001-08-18,193.74803771289015
2001-08-19,144.59068194080817
2001-08-20,197.60125488719248
2001-08-21,198.9529738297461
2001-08-22,212.10663165493168
2001-08-23,251.85514368361677
2001-08-24,103.27405544872022
2001-08-25,296.8753993283674
2001-08-26,294.6632389417862
2001-08-27,132.57873252936508
2001-08-28,86.26870485175982
2001-08-29,215.04061107424275
2001-08-30,244.22399386890106
2001-08-31,172.22462347316053
2001-09-01,298.0641970191763
2001-09-02,159.5728271544611
2001-09-03,218.4736787617249
2001-09-04,88.60641449070826
2001-09-05,79.05262332668507
2001-09-06,227.72067924250743
2001-09-07,109.62587343761017
2001-09-08,273.00169681664767
2001-09-09,137.0059922066213
2001-09-10,195.02339402129283
2001-09-11,270.05100191295577
2001-09-12,190.97740116041103
2001-09-13,230.43496831773862
2001-09-14,289.01246201343025
2001-09-15,280.31394413196966
2001-09-16,230.14718318035494
2001-09-17,234.23612834677795
2001-09-18,124.72488505471142
2001-09-19,72.10369062845092
2001-09-20,71.88926840139248
2001-09-21,119.74806386499257
2001-09-22,243.72777639692382
2001-09-23,134.2850491283059
2001-09-24,176.55239812165001
2001-09-25,251.01420140181318
2001-09-26,174.2423460981133
2001-09-27,296.03905381279276
2001-09-28,193.48548194332423
2001-09-29,196.6163359025261
2001-09-30,188.88490711820256
2001-10-01,134.02673144049487
2001-10-02,56.897335948875984
2001-10-03,178.79253939171795
2001-10-04,177.57449112867
2001-10-05,237.3055100667055
2001-10-06,280.4416283502686
2001-10-07,85.94498421346806
2001-10-08,124.91742919311409
2001-10-09,94.3152712696818
2001-10-10,238.20227043814364
2001-10-11,194.4943561673329
2001-10-12,151.66420539019242
2001-10-13,200.87012163430506
2001-10-14,138.57160110159708
2001-10-15,86.19905201200658
2001-10-16,122.57757240063295
2001-10-17,269.26391757240947
2001-10-18,251.90405836631132
2001-10-19,118.2784344892975
2001-10-20,161.48359626922897
2001-10-21,168.8803164609767
2001-10-22,294.09647730720695
2001-10-23,191.09103540483017
2001-10-24,229.47487124110867
2001-10-25,258.3164094780782
2001-10-26,111.23091807094775
2001-10-27,150.56172605512296
2001-10-28,149.1391736081291
2001-10-29,166.49192171859778
2001-10-30,242.03026647743857
2001-10-31,201.53239152548196
2001-11-01,128.3519324144978
2001-11-02,51.79787189946875
2001-11-03,295.26767062061424
2001-11-04,109.52084214983313
2001-11-05,256.75100714145265
2001-11-06,153.5240149230384
2001-11-07,141.3747737274453
2001-11-08,286.79147167441914
2001-11-09,209.87948562943467
2001-11-10,72.88096684944627
2001-11-11,189.0091551039023
2001-11-12,86.85184448891863
2001-11-13,152.4569303862216
2001-11-14,268.25244494248176
2001-11-15,176.24655784569683
2001-11-16,166.99034465137987
2001-11-17,229.9039321709312
2001-11-18,121.25606937821848
2001-11-19,140.1129711263411
2001-11-20,108.27546421963032
2001-11-21,127.92088521870846
2001-11-22,72.64250721657953
2001-11-23,146.31174221676287
2001-11-24,143.56761115456146
2001-11-25,256.5594114204565
2001-11-26,114.39336567853982
2001-11-27,86.64193681836844
2001-11-28,150.61530755643201
2001-11-29,229.90351053955726
2001-11-30,126.75149350995916
2001-12-01,263.8796264724383
2001-12-02,83.39104028841095
2001-12-03,224.67810343816066
2001-12-04,119.26398256146324
2001-12-05,288.7464975195631
2001-12-06,68.27599045954162
2001-12-07,283.9060555395317
2001-12-08,61.67835558166102
2001-12-09,236.74112864681004
2001-12-10,57.8953926113843
2001-12-11,197.2244322343238
2001-12-12,67.65060208039091
2001-12-13,238.59936877513744
2001-12-14,274.592037428485
2001-12-15,160.0890626839497
2001-12-16,137.93015217630818
2001-12-17,140.77372971400325
2001-12-18,287.1830671032992
2001-12-19,220.43370404837208
2001-12-20,194.06266651055344
2001-12-21,165.81681284333013
2001-12-22,202.91440692066155
2001-12-23,204.52676326342714
2001-12-24,189.84592796652223
2001-12-25,138.1275903025732
2001-12-26,71.88275266373263
2001-12-27,105.51287292117888
2001-12-28,248.2335808420459
2001-12-29,181.24216765475424
2001-12-30,80.3363366433255
2001-12-31,283.2484154039424
2002-01-01,233.37717048735178
2002-01-02,153.02676344827296
2002-01-03,233.65427048232684
2002-01-04,67.18424608456232
2002-01-05,118.34467910883433
2002-01-06,246.0656455912666
2002-01-07,245.15120173747044
2002-01-08,124.8943162380182
2002-01-09,91.02273309597516
2002-01-10,169.72750566476483
2002-01-11,257.5104044595365
2002-01-12,215.74586009698942
2002-01-13,204.62985794014608
2002-01-14,93.8110206794347
2002-01-15,153.96766115118794
2002-01-16,258.740568460972
2002-01-17,83.15448526436066
2002-01-18,171.5617400397294
2002-01-19,186.13146267117978
2002-01-20,236.41813794225004
2002-01-21,284.4488426448272
2002-01-22,183.00772355253957
2002-01-23,230.52465016410886
2002-01-24,288.22810430459936
2002-01-25,275.1121089648284
2002-01-26,146.3462548763393
2002-01-27,75.2168253973339
2002-01-28,147.36827738603756
2002-01-29,71.5888996187598
2002-01-30,218.52126683787174
2002-01-31,295.1171874487855
2002-02-01,253.0927598819255
2002-02-02,264.86895586976084
2002-02-03,196.9023629093154
2002-02-04,286.7770009443615
2002-02-05,269.5806795570775
2002-02-06,80.09640194426669
2002-02-07,91.31838844467151
2002-02-08,283.27898744485196
2002-02-09,242.52488504000516
2002-02-10,60.24184726344071
2002-02-11,98.89821615088974
2002-02-12,196.3283710427321
2002-02-13,62.136688823356366
2002-02-14,183.87339972104877
2002-02-15,222.11366790769452
2002-02-16,95.54374978968772
2002-02-17,117.20853130987616
2002-02-18,128.603030678329
2002-02-19,282.2712390430753
2002-02-20,230.0888749571983
2002-02-21,230.8844555174334
2002-02-22,59.35039898311696
2002-02-23,97.68330627987208
2002-02-24,57.40548715888548
2002-02-25,170.45019385430186
2002-02-26,290.09772286697824
2002-02-27,72.85219574596958
2002-02-28,78.85956321717339
2002-03-01,60.001331585599154
2002-03-02,68.77814447249227
2002-03-03,58.84524095694628
2002-03-04,115.70211274649243
2002-03-05,139.4525539691473
2002-03-06,63.077153641316755
2002-03-07,131.7035701124351
2002-03-08,281.14515799891103
2002-03-09,153.9926238534247
2002-03-10,289.3042974541014
2002-03-11,51.02832921167498
2002-03-12,91.56181299425246
2002-03-13,193.44583375065451
2002-03-14,227.96016005090843
2002-03-15,145.5485088687183
2002-03-16,61.22072529240664
2002-03-17,110.19926550718502
2002-03-18,64.59802681399918
2002-03-19,53.20259002052467
2002-03-20,134.67659950627944
2002-03-21,92.38302528840782
2002-03-22,294.9376420881634
2002-03-23,86.92673470822277
2002-03-24,128.74310982101815
2002-03-25,198.816042144812
2002-03-26,254.82083224262834
2002-03-27,209.3951723367214
2002-03-28,131.215867840229
2002-03-29,107.39979872526706
2002-03-30,177.44423145423036
2002-03-31,101.38772331433088
2002-04-01,241.52074621944
2002-04-02,93.3517520518867
2002-04-03,58.57938038254591
2002-04-04,287.96941891906044
2002-04-05,78.37034272406058
2002-04-06,232.5126236832486
2002-04-07,135.3195278614678
2002-04-08,125.62052345657355
2002-04-09,198.382876338603
2002-04-10,158.90839525725528
2002-04-11,245.64891972020277
2002-04-12,294.1023565033104
2002-04-13,69.6573491293009
2002-04-14,59.097347664932585
2002-04-15,198.10705570555268
2002-04-16,227.43290261759694
2002-04-17,121.38346766836618
2002-04-18,181.9480583968481
2002-04-19,244.36230544255352
2002-04-20,85.78193115435803
2002-04-21,180.81335971369822
2002-04-22,55.10004451297344
2002-04-23,288.86225746749426
2002-04-24,103.35777212521883
2002-04-25,155.8671451331673
2002-04-26,149.4965363724215
2002-04-27,136.25138987359085
2002-04-28,60.376151052345655
2002-04-29,230.38747513529594
2002-04-30,299.40229523515063
2002-05-01,115.29431370533901
2002-05-02,242.41122117072626
2002-05-03,56.228422520420494
2002-05-04,272.74850828088654
2002-05-05,197.12573331294257
2002-05-06,228.96708341443718
2002-05-07,90.85746575829407
2002-05-08,192.05112726490884
2002-05-09,179.83966115805305
2002-05-10,287.2744155088492
2002-05-11,193.19421915788087
2002-05-12,82.34210473593672
2002-05-13,115.39973409875738
2002-05-14,77.73503674096789
2002-05-15,187.60606548409208
2002-05-16,146.4679176079777
2002-05-17,288.0717129901816
2002-05-18,289.4415088520418
2002-05-19,150.22405447893902
2002-05-20,67.45383927728186
2002-05-21,99.67084575994659
2002-05-22,107.09262451919969
2002-05-23,205.81818804095036
2002-05-24,294.1506108509982
2002-05-25,72.42863438730741
2002-05-26,192.75464242029258
2002-05-27,160.5565954727096
2002-05-28,195.76346027506148
2002-05-29,51.130691046991096
2002-05-30,262.5378495060884
2002-05-31,96.46385140955996
2002-06-01,146.00976003080052
2002-06-02,66.32608617910228
2002-06-03,280.0719641913474
2002-06-04,120.8646421017928
2002-06-05,249.21932912115426
2002-06-06,262.3217491971535
2002-06-07,221.02283272390866
2002-06-08,192.3196192666646
2002-06-09,203.391665964344
2002-06-10,292.8574311899823
2002-06-11,236.2513658535293
2002-06-12,290.9135895070929
2002-06-13,216.18463913031604
2002-06-14,123.7044602327584
2002-06-15,171.94726665791103
2002-06-16,66.69632178439498
2002-06-17,222.40049875525528
2002-06-18,88.74494105614767
2002-06-19,261.20119623237974
2002-06-20,255.2122305859128
2002-06-21,188.29737696144434
2002-06-22,227.7295982390847
2002-06-23,184.34605622278895
2002-06-24,153.27234406101752
2002-06-25,223.9427500352675
2002-06-26,147.5497369702524
2002-06-27,186.06553095318085
2002-06-28,204.47087587419816
2002-06-29,89.87818096168694
2002-06-30,247.69179564612446
2002-07-01,220.0752869837652
2002-07-02,279.8157565725835
2002-07-03,248.51003021330934
2002-07-04,158.94334595758212
2002-07-05,53.36099227158082
2002-07-06,218.88408240254788
2002-07-07,129.72818748351756
2002-07-08,240.0887163453368
2002-07-09,252.6863256904196
2002-07-10,227.60808101777653
2002-07-11,238.7895281336296
2002-07-12,72.8682478184857
2002-07-13,104.06268627324238
2002-07-14,124.15294049139854
2002-07-15,115.57224186308878
2002-07-16,233.28612112654636
2002-07-17,78.33852103961557
2002-07-18,166.65776580748016
2002-07-19,292.7602213553524
2002-07-20,222.28370316961013
2002-07-21,157.40830300886415
2002-07-22,295.1900919754309
2002-07-23,151.77315111519673
2002-07-24,98.78935506408735
2002-07-25,266.45451748264384
2002-07-26,222.06270156809666
2002-07-27,230.94971455022488
2002-07-28,293.3474615773073
2002-07-29,80.22277503626056
2002-07-30,179.4190006438356
2002-07-31,216.6069841955111
2002-08-01,104.92560606482618
2002-08-02,86.93415786577597
2002-08-03,199.30169527090493
2002-08-04,281.61431828912373
2002-08-05,224.58252963926205
2002-08-06,129.25176235286403
2002-08-07,293.5736170711946
2002-08-08,64.62017910073432
2002-08-09,197.32361109518098
2002-08-10,240.17842213405564
2002-08-11,234.16200527926117
2002-08-12,77.66172822697082
2002-08-13,78.66773201961887
2002-08-14,97.6280439272901
2002-08-15,256.07021491463377
2002-08-16,95.29463482734363
2002-08-17,118.06384045752003
2002-08-18,75.72624760800218
2002-08-19,96.47852035126161
2002-08-20,144.03712069483709
2002-08-21,119.30566076575073
2002-08-22,118.09553083084222
2002-08-23,141.8536144502393
2002-08-24,184.24889604550683
2002-08-25,118.07913324069695
2002-08-26,113.79830301869319
2002-08-27,243.09515502747047
2002-08-28,75.82312314923965
2002-08-29,244.47012658225356
2002-08-30,150.2644780204796
2002-08-31,117.57941197629438
2002-09-01,211.27582473205962
2002-09-02,291.8455387791573
2002-09-03,110.44478060013483
2002-09-04,291.6541103376094
2002-09-05,175.63333196329154
2002-09-06,210.983445944775
2002-09-07,279.56454444708004
2002-09-08,200.18981906109184
2002-09-09,266.6419947723417
2002-09-10,121.99869813128892
2002-09-11,137.5376125893232
2002-09-12,123.9904113213913
2002-09-13,227.69579480211752
2002-09-14,130.0557331844734
2002-09-15,97.5016070000388
2002-09-16,76.40196096944567
2002-09-17,177.89720831319943
2002-09-18,131.91125078941474
2002-09-19,165.71510937856414
2002-09-20,198.33312966668072
2002-09-21,169.8600156921284
2002-09-22,127.31736029827019
2002-09-23,270.25332122677537
2002-09-24,231.43786323368172
2002-09-25,298.528803859286
2002-09-26,151.12085185844842
2002-09-27,50.14201672014197
2002-09-28,203.65543820541407
2002-09-29,96.49037034205398
2002-09-30,187.8612032946152
2002-10-01,159.88189179951246
2002-10-02,85.29591258572701
2002-10-03,218.70654807202473
2002-10-04,256.902319878347
2002-10-05,100.18227951775548
2002-10-06,209.96798568432263
2002-10-07,86.159738108068
2002-10-08,211.99869238401874
2002-10-09,221.2531930366591
2002-10-10,228.32817744928064
2002-10-11,111.13215680609393
2002-10-12,176.83955500379722
2002-10-13,160.95182890762135
2002-10-14,139.20421493003676
2002-10-15,288.5805852576135
2002-10-16,105.55525325842095
2002-10-17,148.88489444486407
2002-10-18,150.64272048332288
2002-10-19,216.3782677591517
2002-10-20,152.14625375583523
2002-10-21,97.54371269358329
2002-10-22,124.30687751443521
2002-10-23,103.55913766524367
2002-10-24,109.15991030581624
2002-10-25,186.95697606659073
2002-10-26,63.03560271351334
2002-10-27,218.2453965312565
2002-10-28,198.3550267149569
2002-10-29,201.72465034692226
2002-10-30,142.4286658555779
2002-10-31,87.22890561098555
2002-11-01,115.95758496546728
2002-11-02,161.82046549616155
2002-11-03,52.688136727287265
2002-11-04,89.03113977940157
2002-11-05,88.2803439152942
2002-11-06,230.44389121500265
2002-11-07,104.79069717107998
2002-11-08,84.03047302185146
2002-11-09,139.15635689301786
2002-11-10,292.7637241933696
2002-11-11,63.28408069853723
2002-11-12,87.82029094023426
2002-11-13,159.03295756834848
2002-11-14,189.0194299784121
2002-11-15,94.41192685164782
2002-11-16,198.71378754410856
2002-11-17,169.48616541650722
2002-11-18,282.16288002407765
2002-11-19,249.47967224627428
2002-11-20,189.11282186462674
2002-11-21,52.119194039134854
2002-11-22,64.5775818218985
2002-11-23,169.3705760953383
2002-11-24,83.78680791986082
2002-11-25,112.94273186491097
2002-11-26,293.82787858270945
2002-11-27,61.82702289348092
2002-11-28,92.05453246468996
2002-11-29,125.17724467818005
2002-11-30,208.69883830008467
2002-12-01,104.99846411579455
2002-12-02,229.2030644076326
2002-12-03,196.92380646007214
2002-12-04,231.22100411946894
2002-12-05,296.8542864718239
2002-12-06,143.70359058496177
2002-12-07,57.85067139175722
2002-12-08,70.53829128203647
2002-12-09,209.2380927262237
2002-12-10,178.36564401588626
2002-12-11,233.04456506316438
2002-12-12,250.11221534297002
2002-12-13,57.584821911350126
2002-12-14,250.89065395035615
2002-12-15,217.3983842352373
2002-12-16,101.78526710714173
2002-12-17,101.34169240123352
2002-12-18,294.2568354792289
2002-12-19,211.48785045811042
2002-12-20,160.5971073440903
2002-12-21,165.0945653531781
2002-12-22,90.92181890928063
2002-12-23,119.26675123327486
2002-12-24,166.4855053504475
2002-12-25,247.23628276220563
2002-12-26,276.8195666550727
2002-12-27,191.67511721836453
2002-12-28,148.2694990654532
2002-12-29,93.79204552176999
2002-12-30,146.25274462924858
2002-12-31,232.51562932109462
2003-01-01,251.35388084580828
2003-01-02,185.6069274101096
2003-01-03,133.8591486533966
2003-01-04,235.24836368445523
2003-01-05,210.2318299783236
2003-01-06,141.4287817920918
2003-01-07,82.6912511059978
2003-01-08,235.65777411649458
2003-01-09,183.4116544764729
2003-01-10,134.7865202414082
2003-01-11,235.17228972436925
2003-01-12,216.07751657457868
2003-01-13,124.38904069620703
2003-01-14,111.66463337602165
2003-01-15,80.21059444037708
2003-01-16,63.65638530931132
2003-01-17,101.00899358829786
2003-01-18,195.55277163574135
2003-01-19,187.78036174301198
2003-01-20,127.10229208899675
2003-01-21,74.38901577588504
2003-01-22,146.4893059259066
2003-01-23,201.97573286899623
2003-01-24,55.78670972679382
2003-01-25,60.97831474174363
2003-01-26,178.63129489247197
2003-01-27,283.26102521613075
2003-01-28,213.4679239921904
2003-01-29,268.580457662345
2003-01-30,284.5620617816768
2003-01-31,147.65666077673336
2003-02-01,129.0372807100676
2003-02-02,86.4053546774721
2003-02-03,297.0934480030751
2003-02-04,182.8284772564319
2003-02-05,265.9435784386975
2003-02-06,102.88263786694075
2003-02-07,248.19459645846035
2003-02-08,293.350511008875
2003-02-09,238.02287201599646
2003-02-10,121.01679334887287
2003-02-11,226.27293712012644
2003-02-12,133.89266601572683
2003-02-13,110.81702396942393
2003-02-14,202.77894323215793
2003-02-15,182.50895757716117
2003-02-16,90.59842304778319
2003-02-17,211.00658638728106
2003-02-18,223.24482918507084
2003-02-19,183.40960209618257
2003-02-20,84.81774211321512
2003-02-21,154.2066331164217
2003-02-22,57.66366151738396
2003-02-23,126.50348699243258
2003-02-24,184.5400708098096
2003-02-25,234.6150913356822
2003-02-26,160.6192626780574
2003-02-27,62.991550918242226
2003-02-28,253.62093876558393
2003-03-01,59.178772550326954
2003-03-02,143.91287243030337
2003-03-03,291.82395562647423
2003-03-04,200.6432820535048
2003-03-05,249.6100572596292
2003-03-06,132.62228072296978
2003-03-07,107.82368300419441
2003-03-08,194.72838413208396
2003-03-09,221.18893802454772
2003-03-10,135.6643074321737
2003-03-11,74.674254156371
2003-03-12,233.25886722132637
2003-03-13,210.00452644997185
2003-03-14,86.93997292243179
2003-03-15,58.79527021817175
2003-03-16,237.5462377282036
2003-03-17,254.6613672302093
2003-03-18,106.9656444523761
2003-03-19,140.2017596390185
2003-03-20,203.9725435011748
2003-03-21,137.95579112468005
2003-03-22,236.12918518594293
2003-03-23,138.2256515198811
2003-03-24,204.28595525446997
2003-03-25,50.0760446830804
2003-03-26,252.81734055131622
2003-03-27,232.87509142752344
2003-03-28,231.4697472938481
2003-03-29,88.34490617287369
2003-03-30,266.34988984387127
2003-03-31,107.82232304785182
2003-04-01,184.68236747178395
2003-04-02,224.94166228765818
2003-04-03,86.80946993627462
2003-04-04,260.9601808960738
2003-04-05,261.9971383073126
2003-04-06,237.65339148493103
2003-04-07,201.44351680862107
2003-04-08,172.34911108497545
2003-04-09,299.6455324993773
2003-04-10,138.40772464681498
2003-04-11,128.87667233268218
2003-04-12,178.34852359936093
2003-04-13,254.67931813338564
2003-04-14,195.96941469205737
2003-04-15,267.118072829618
2003-04-16,239.30475388648412
2003-04-17,213.08725849602646
2003-04-18,126.0678568656836
2003-04-19,199.60279224307945
2003-04-20,147.08437705580917
2003-04-21,156.76827589232244
2003-04-22,164.23537701853843
2003-04-23,120.07214793588082
2003-04-24,98.35498141904182
2003-04-25,132.151144885823
2003-04-26,261.3341066898133
2003-04-27,57.20465641772097
2003-04-28,107.07186290268774
2003-04-29,252.9405104137309
2003-04-30,196.61772033103347
2003-05-01,223.13687655438378
2003-05-02,254.63659474805678
2003-05-03,132.19889149420248
2003-05-04,145.63107984638265
2003-05-05,250.50275881924938
2003-05-06,205.7273090597867
2003-05-07,70.427768769209
2003-05-08,131.3270729814962
2003-05-09,103.74789310231453
2003-05-10,267.4421112067843
2003-05-11,294.55020165148994
2003-05-12,72.50217402687157
2003-05-13,250.6203297577068
2003-05-14,74.54358652535305
2003-05-15,288.5960568438762
2003-05-16,146.05020997682044
2003-05-17,157.22243759730225
2003-05-18,114.09999472995248
2003-05-19,277.61145663608886
2003-05-20,206.70329701330604
2003-05-21,111.37234944233776
2003-05-22,252.41604858568837
2003-05-23,169.06676408842128
2003-05-24,127.5460692283137
2003-05-25,255.1903513016655
2003-05-26,189.40077656111293
2003-05-27,242.23571338516894
2003-05-28,186.36953805075282
2003-05-29,204.30951938779393
2003-05-30,218.71840485235725
2003-05-31,176.61398974139195
2003-06-01,198.8155708925745
2003-06-02,213.1739068474309
2003-06-03,68.73535178718691
2003-06-04,244.5140296259843
2003-06-05,53.58815110714672
2003-06-06,151.4618166629636
2003-06-07,222.72929943470683
2003-06-08,133.16553779652614
2003-06-09,103.49805455075132
2003-06-10,214.39717246109663
2003-06-11,233.5387112790009
2003-06-12,82.32856530951128
2003-06-13,203.52868966768733
2003-06-14,226.09321184270647
2003-06-15,69.96006660244801
2003-06-16,253.52661732652066
2003-06-17,286.74345671587196
2003-06-18,167.51895155286257
2003-06-19,238.33257074753038
2003-06-20,277.03396829352937
2003-06-21,182.2603030665738
2003-06-22,261.8407004165549
2003-06-23,66.31803025428752
2003-06-24,144.04467345024136
2003-06-25,214.7826393800232
2003-06-26,118.02387356191764
2003-06-27,81.06970120946131
2003-06-28,55.004856274937964
2003-06-29,248.93628176728956
2003-06-30,235.18707559402253
2003-07-01,209.99068346357143
2003-07-02,262.1861520746907
2003-07-03,235.00891582450103
2003-07-04,296.01103388308616
2003-07-05,224.67759880153244
2003-07-06,246.06402053377806
2003-07-07,86.38262176076856
2003-07-08,205.758660920571
2003-07-09,266.6507704885046
2003-07-10,88.41678924433347
2003-07-11,152.03433296115713
2003-07-12,291.7963071382481
2003-07-13,246.547656420458
2003-07-14,209.41527089910667
2003-07-15,99.19584356005474
2003-07-16,81.76149595257452
2003-07-17,284.19991450860545
2003-07-18,149.94904190897512
2003-07-19,199.08199794964932
2003-07-20,204.13425670243728
2003-07-21,220.71831469845128
2003-07-22,160.90031466000852
2003-07-23,186.693118868406
2003-07-24,98.20205673024068
2003-07-25,88.50988164774738
2003-07-26,90.8874212231606
2003-07-27,146.77545127050945
2003-07-28,203.69666210169643
2003-07-29,254.31453852960993
2003-07-30,294.0759237687075
2003-07-31,83.99468827368271
2003-08-01,141.77355309032694
2003-08-02,64.54054815209113
2003-08-03,223.07862516648575
2003-08-04,111.61472983114896
2003-08-05,228.7694599244701
2003-08-06,108.52490753643688
2003-08-07,202.41722282848698
2003-08-08,233.6059859674254
2003-08-09,209.56896511080413
2003-08-10,284.27373162467495
2003-08-11,177.92216977008115
2003-08-12,113.42529204113892
2003-08-13,124.13837111703755
2003-08-14,294.58612522829077
2003-08-15,69.8773778037422
2003-08-16,297.4784434412794
2003-08-17,242.85407030790762
2003-08-18,101.90668630862838
2003-08-19,240.67722154286403
2003-08-20,134.97187626081558
2003-08-21,174.10232133047663
2003-08-22,102.3873773809762
2003-08-23,54.422839291450316
2003-08-24,130.30795771746662
2003-08-25,248.62004154867287
2003-08-26,118.63280764060272
2003-08-27,124.81157679020606
2003-08-28,90.82391032563848
2003-08-29,63.154141310868226
2003-08-30,90.76141837241954
2003-08-31,51.85853838023145
2003-09-01,111.90041579172276
2003-09-02,202.83906661675778
2003-09-03,185.04234830835486
2003-09-04,222.2939978133734
2003-09-05,219.00400927464597
2003-09-06,72.84676185606213
2003-09-07,269.6647765453604
2003-09-08,74.11588321951739
2003-09-09,155.82332815041195
2003-09-10,170.51420273161966
2003-09-11,262.29621631375784
2003-09-12,166.27169566679345
2003-09-13,230.38411344740908
2003-09-14,56.30089543610987
2003-09-15,94.19584771253665
2003-09-16,249.2361620208838
2003-09-17,254.67086498664744
2003-09-18,115.71901355606919
2003-09-19,237.604317041455
2003-09-20,179.73258095444422
2003-09-21,216.94534925357655
2003-09-22,292.2521246944628
2003-09-23,278.26666059064166
2003-09-24,145.94473063143022
2003-09-25,252.29492249354405
2003-09-26,121.87077075858333
2003-09-27,251.0690427618876
2003-09-28,248.65297751110938
2003-09-29,128.94929181052532
2003-09-30,233.9568064576011
2003-10-01,133.4109640630854
2003-10-02,126.41457410690741
2003-10-03,233.48300294200507
2003-10-04,134.12258680928508
2003-10-05,293.652881245553
2003-10-06,236.16336999221465
2003-10-07,229.5333099508587
2003-10-08,174.0747995591613
2003-10-09,90.61283559656462
2003-10-10,139.17498331865534
2003-10-11,266.43823549055264
2003-10-12,109.74473989871912
2003-10-13,240.7738516725034
2003-10-14,175.4712224641936
2003-10-15,71.47795453228746
2003-10-16,281.86411933528365
2003-10-17,268.96978473203137
2003-10-18,77.9993486945427
2003-10-19,110.30311851642352
2003-10-20,100.77770600375383
2003-10-21,206.2806724015117
2003-10-22,126.90613581351272
2003-10-23,146.58891924549374
2003-10-24,123.36280250743934
2003-10-25,270.3080144603756
2003-10-26,170.6167965606933
2003-10-27,298.88967400814875
2003-10-28,280.1257392011281
2003-10-29,242.6353160773072
2003-10-30,183.72382350542614
2003-10-31,286.8792883378684
2003-11-01,129.66823906094862
2003-11-02,137.44079790731993
2003-11-03,236.46777296832497
2003-11-04,63.36636005213995
2003-11-05,116.751762223766
2003-11-06,200.66265587821613
2003-11-07,119.44229881791628
2003-11-08,55.785254199585424
2003-11-09,72.41394569257524
2003-11-10,230.45763154231935
2003-11-11,144.07972035614515
2003-11-12,279.7790653603812
2003-11-13,257.04333908706053
2003-11-14,129.67247818487255
2003-11-15,97.4985669193311
2003-11-16,260.91155761820676
2003-11-17,281.7008238574416
2003-11-18,237.45165513325384
2003-11-19,214.2919592437279
2003-11-20,97.04340465363529
2003-11-21,197.83054556485538
2003-11-22,160.76447528459929
2003-11-23,254.2451957556999
2003-11-24,268.56789623741867
2003-11-25,257.25662004224404
2003-11-26,103.04359701166888
2003-11-27,262.62364882810493
2003-11-28,210.74059342991134
2003-11-29,241.46770886374838
2003-11-30,182.76538230473363
2003-12-01,95.54182519569923
2003-12-02,224.6054785704958
2003-12-03,118.86702396245565
2003-12-04,163.76188695284756
2003-12-05,114.26674158337603
2003-12-06,190.0589786387647
2003-12-07,245.07886418668977
2003-12-08,261.96216829131964
2003-12-09,86.23738134792909
2003-12-10,58.18439719524599
2003-12-11,253.7723075645363
2003-12-12,299.25124969250874
2003-12-13,172.55475451762794
2003-12-14,197.64876752914714
2003-12-15,126.76473491019561
2003-12-16,63.72524937214264
2003-12-17,232.2383795010705
2003-12-18,83.42989723498665
2003-12-19,293.1087087534615
2003-12-20,219.3555674814805
2003-12-21,266.00727024818946
2003-12-22,152.7316546262428
2003-12-23,130.91717374369992
2003-12-24,282.6115508657403
2003-12-25,109.63255771383214
2003-12-26,269.8535649856679
2003-12-27,156.3734698040024
2003-12-28,50.715598786796555
2003-12-29,285.3157977004688
2003-12-30,273.51809562267994
2003-12-31,159.3626133488765
2004-01-01,157.01603288338703
2004-01-02,298.05156894063174
2004-01-03,50.19513025444967
2004-01-04,287.15327272071954
2004-01-05,108.15430147685471
2004-01-06,52.23157670423077
2004-01-07,120.12116294705962
2004-01-08,65.50762269627765
2004-01-09,130.72517998821994
2004-01-10,117.38005226797364
2004-01-11,141.2245656653624
2004-01-12,106.51747032231319
2004-01-13,110.108711470039
2004-01-14,241.73390429732015
2004-01-15,139.88365182151472
2004-01-16,192.8597377567967
2004-01-17,297.71844785025405
2004-01-18,244.72668801029616
2004-01-19,114.5239375285116
2004-01-20,70.76388151251513
2004-01-21,67.9794482565433
2004-01-22,281.14670198789025
2004-01-23,270.7993591571758
2004-01-24,75.23051067413984
2004-01-25,280.8171073315782
2004-01-26,169.1053384073365
2004-01-27,59.15659993510786
2004-01-28,231.05972028718685
2004-01-29,118.79794891145424
2004-01-30,118.35866365298344
2004-01-31,71.42694697007946
2004-02-01,129.7602426389514
2004-02-02,202.92364374857476
2004-02-03,286.69262272352603
2004-02-04,205.11365180313288
2004-02-05,90.46280877911443
2004-02-06,177.67014301781188
2004-02-07,207.61820978510343
2004-02-08,248.68174995728177
2004-02-09,197.05420426579306
2004-02-10,272.5192895714523
2004-02-11,273.409529296797
2004-02-12,89.71732148339024
2004-02-13,243.73067399037197
2004-02-14,107.98026265036191
2004-02-15,97.75006668157766
2004-02-16,196.1674924688062
2004-02-17,139.23584847333376
2004-02-18,167.61092569299643
2004-02-19,55.0157680256413
2004-02-20,115.76727723742992
2004-02-21,103.38892315282057
2004-02-22,168.07867083021037
2004-02-23,156.08500729624433
2004-02-24,149.01858911068427
2004-02-25,184.88027318416732
2004-02-26,169.22980090190188
2004-02-27,98.7571560946431
2004-02-28,156.00836982073238
2004-02-29,93.57156057568875
2004-03-01,219.6370309760575
2004-03-02,107.95437995941523
2004-03-03,118.63867219852455
2004-03-04,165.04145563867584
2004-03-05,88.21559292185498
2004-03-06,194.47085217752235
2004-03-07,279.17964131688916
2004-03-08,171.1134129818439
2004-03-09,91.31768041707303
2004-03-10,97.40624027970102
2004-03-11,149.67222147642482
2004-03-12,91.29800080704854
2004-03-13,277.39973547333716
2004-03-14,87.25786764107167
2004-03-15,80.91130084228732
2004-03-16,116.28557965004656
2004-03-17,279.67176568219423
2004-03-18,105.72171279963848
2004-03-19,66.15764642030402
2004-03-20,174.83604391462114
2004-03-21,235.26312435716406
2004-03-22,146.98675359587236
2004-03-23,183.1504199917987
2004-03-24,258.7996741517245
2004-03-25,127.03850719732114
2004-03-26,148.3654920417093
2004-03-27,142.7579965479106
2004-03-28,226.19873238574417
2004-03-29,295.13666104291553
2004-03-30,270.09533589312554
2004-03-31,81.70329354876608
2004-04-01,180.32129909132516
2004-04-02,182.043683201274
2004-04-03,191.92092477782893
2004-04-04,149.22694404968468
2004-04-05,71.84151539188377
2004-04-06,195.33470558383922
2004-04-07,226.2834821881256
2004-04-08,95.44695450653488
2004-04-09,166.32788435611127
2004-04-10,265.5090038292781
2004-04-11,166.33860663497143
2004-04-12,297.7706458163325
2004-04-13,193.21023382896553
2004-04-14,113.47353918059437
2004-04-15,56.27085972776562
2004-04-16,122.62398707280448
2004-04-17,284.5634476100819
2004-04-18,262.0600633027454
2004-04-19,158.24262688944444
2004-04-20,179.79992417900732
2004-04-21,205.93649645805542
2004-04-22,65.78392607639006
2004-04-23,95.0140497883421
2004-04-24,68.30809263325415
2004-04-25,225.55069510299637
2004-04-26,77.21207746018197
2004-04-27,188.49182560988442
2004-04-28,102.65100714469473
2004-04-29,254.80540914752703
2004-04-30,290.4877511405295
2004-05-01,178.16928385650698
2004-05-02,167.98572104180215
2004-05-03,286.72336943715607
2004-05-04,64.96942893726225
2004-05-05,140.6481680823286
2004-05-06,168.97726453342867
2004-05-07,222.9062771115772
2004-05-08,194.3981128562111
2004-05-09,167.6907527987222
2004-05-10,124.09461531400797
2004-05-11,216.51213870813933
2004-05-12,217.11507480115924
2004-05-13,183.56302133633093
2004-05-14,155.8889926925538
2004-05-15,80.71594877846712
2004-05-16,245.14431332309817
2004-05-17,54.19553744361284
2004-05-18,167.21799152553942
2004-05-19,298.8955470060712
2004-05-20,190.02614355632517
2004-05-21,295.342100700994
2004-05-22,233.67570575547808
2004-05-23,260.2433661722871
2004-05-24,244.34272484143617
2004-05-25,191.91691800681528
2004-05-26,52.0720451197877
2004-05-27,85.51803167240635
2004-05-28,295.34589015336945
2004-05-29,251.91456856837902
2004-05-30,168.61382221832127
2004-05-31,156.70934190736062
2004-06-01,189.65493851275014
2004-06-02,180.20243803178536
2004-06-03,142.87644250519128
2004-06-04,223.8515179490189
2004-06-05,186.46581846584965
2004-06-06,121.00370609711423
2004-06-07,230.0861272576223
2004-06-08,282.9818186474273
2004-06-09,61.201461729206216
2004-06-10,144.8078219304436
2004-06-11,168.57394049748075
2004-06-12,155.31299644376833
2004-06-13,248.35830539757535
2004-06-14,278.3140846698438
2004-06-15,112.9918230409891
2004-06-16,146.72811516823145
2004-06-17,190.4328428368824
2004-06-18,102.92564937216387
2004-06-19,174.11950950018272
2004-06-20,227.1332269014893
2004-06-21,256.20010440404997
2004-06-22,155.00503629501225
2004-06-23,252.45440276754547
2004-06-24,294.467989679324
2004-06-25,119.3566086975933
2004-06-26,291.0876623066237
2004-06-27,283.454458679897
2004-06-28,292.2191492147332
2004-06-29,69.7427924134832
2004-06-30,116.04394941327415
2004-07-01,81.90818620428732
2004-07-02,199.10471591308632
2004-07-03,104.27780148393671
2004-07-04,165.9553414854768
2004-07-05,271.30757969432295
2004-07-06,60.45691715214844
2004-07-07,162.98566982289952
2004-07-08,250.49490893987945
2004-07-09,159.045920953024
2004-07-10,69.98623449808362
2004-07-11,155.23175094633228
2004-07-12,122.31538826238884
2004-07-13,52.045718557119436
2004-07-14,175.96366599737098
2004-07-15,274.3781216023357
2004-07-16,224.68301580429616
2004-07-17,212.81581337112914
2004-07-18,162.63792137749863
2004-07-19,95.10148804899012
2004-07-20,153.45464193651802
2004-07-21,109.70822127686012
2004-07-22,232.73187083034506
2004-07-23,258.6753191247806
2004-07-24,94.60460692020082
2004-07-25,237.73508376865243
2004-07-26,212.2672473185159
2004-07-27,291.5307055440097
2004-07-28,119.33614438532743
2004-07-29,178.9472747088799
2004-07-30,208.72578856180562
2004-07-31,298.47751991021755
2004-08-01,296.8954745672838
2004-08-02,158.0431836037939
2004-08-03,297.20295182887685
2004-08-04,72.15410432452755
2004-08-05,262.0302246389476
2004-08-06,119.2000950481643
2004-08-07,265.12876927059125
2004-08-08,279.6457121883401
2004-08-09,190.33625013608886
2004-08-10,169.61605285040147
2004-08-11,284.9498468516489
2004-08-12,71.98941129971612
2004-08-13,126.16357531697479
2004-08-14,78.4576256370288
2004-08-15,212.6816340968777
2004-08-16,108.08640523001002
2004-08-17,160.46187294178515
2004-08-18,84.68449972780633
2004-08-19,201.4452075163886
2004-08-20,76.21570385030574
2004-08-21,239.62433106900122
2004-08-22,139.52060363855725
2004-08-23,154.50868719478677
2004-08-24,158.81358756978352
2004-08-25,110.50648386053578
2004-08-26,246.50598435527877
2004-08-27,248.16408290216725
2004-08-28,73.19085966029152
2004-08-29,297.06598884341474
2004-08-30,92.52890114812672
2004-08-31,65.48566288975641
2004-09-01,242.94145483281432
2004-09-02,128.0002005560474
2004-09-03,170.04145040954745
2004-09-04,230.92951753584538
2004-09-05,219.83852005475626
2004-09-06,192.07555215951766
2004-09-07,272.1416122718035
2004-09-08,156.30783661079641
2004-09-09,145.67826968123956
2004-09-10,91.52026423662677
2004-09-11,252.60627654181235
2004-09-12,281.9275319871549
2004-09-13,275.9850807764353
2004-09-14,168.24308563087777
2004-09-15,158.8839718533714
2004-09-16,289.7744445454201
2004-09-17,89.84140189636202
2004-09-18,277.4328908404611
2004-09-19,181.6274463540655
2004-09-20,294.87623594298714
2004-09-21,299.63597032346365
2004-09-22,206.83416337568596
2004-09-23,126.35120913483742
2004-09-24,175.9349263271588
2004-09-25,77.61714242064473
2004-09-26,168.51970841944848
2004-09-27,127.878331351723
2004-09-28,178.72718401935882
2004-09-29,248.69285790567466
2004-09-30,144.86850107320112
2004-10-01,166.8539290069232
2004-10-02,62.34631696805805
2004-10-03,71.5026294493034
2004-10-04,214.31304707085098
2004-10-05,264.47358901297105
2004-10-06,90.27284435368733
2004-10-07,162.98258325233704
2004-10-08,173.87582726460622
2004-10-09,256.4681305817131
2004-10-10,184.9721517411721
2004-10-11,73.86102968790246
2004-10-12,120.11678471638156
2004-10-13,63.172682602473756
2004-10-14,283.8057834395353
2004-10-15,92.89047244352068
2004-10-16,227.41026871593863
2004-10-17,136.58397403574352
2004-10-18,170.3659734118841
2004-10-19,64.28746076867296
2004-10-20,151.9561719081999
2004-10-21,116.7945044937121
2004-10-22,54.25287189535481
2004-10-23,240.257512525014
2004-10-24,152.71031148774836
2004-10-25,263.28862591368534
2004-10-26,230.54968528280352
2004-10-27,214.2985461803885
2004-10-28,174.22108233722915
2004-10-29,101.68379570960755
2004-10-30,178.63287103459695
2004-10-31,157.97568443520797
2004-11-01,125.71523881885558
2004-11-02,297.69554783791375
2004-11-03,154.3571123766239
2004-11-04,120.20147217455974
2004-11-05,139.73744064026738
2004-11-06,144.37207119598293
2004-11-07,81.8312231434091
2004-11-08,117.49185658005923
2004-11-09,299.7927443825614
2004-11-10,288.7493469058244
2004-11-11,164.07498912166068
2004-11-12,167.63291024199492
2004-11-13,52.25949007384105
2004-11-14,134.89315660420704
2004-11-15,97.73688016353688
2004-11-16,285.68504764226407
2004-11-17,138.0340396030689
2004-11-18,145.54250290994293
2004-11-19,218.18468567235792
2004-11-20,149.74571586393847
2004-11-21,82.3686056637145
2004-11-22,135.78556174393304
2004-11-23,296.35681344432567
2004-11-24,76.8802489721429
2004-11-25,108.64697809661962
2004-11-26,177.30922045410205
2004-11-27,81.83677430620958
2004-11-28,113.12777125873306
2004-11-29,179.31242577028772
2004-11-30,139.45293299895494
2004-12-01,83.2893871139743
2004-12-02,202.90996878836842
2004-12-03,218.6613358935481
2004-12-04,222.8609711077754
2004-12-05,173.9646654143785
2004-12-06,260.3693338453728
2004-12-07,60.65139348003463
2004-12-08,88.72106370880678
2004-12-09,168.45991530404928
2004-12-10,192.2952018887107
2004-12-11,58.46112172578836
2004-12-12,244.42459832578436
2004-12-13,119.77830392771814
2004-12-14,185.65159499590217
2004-12-15,163.13728879661346
2004-12-16,175.69370682943918
2004-12-17,157.4077767772289
2004-12-18,229.00297778368721
2004-12-19,66.2809499926623
2004-12-20,234.65657260555608
2004-12-21,282.286923155678
2004-12-22,288.82215929259974
2004-12-23,218.57410273137418
2004-12-24,79.43807171306526
2004-12-25,293.0984769369177
2004-12-26,87.31867477453815
2004-12-27,286.2939239626878
2004-12-28,253.6495092514672
2004-12-29,145.29415072743456
2004-12-30,297.7110606588591
2004-12-31,212.706273661024
2005-01-01,286.02251465933756
2005-01-02,104.24676872512856
2005-01-03,186.86204864712866
2005-01-04,289.3712564130451
2005-01-05,153.2402901304497
2005-01-06,224.3112620471403
2005-01-07,104.2950552243928
2005-01-08,155.11601122282423
2005-01-09,243.09909567740198
2005-01-10,129.92490672261573
2005-01-11,84.26924839899377
2005-01-12,202.9442667888915
2005-01-13,287.69087347263564
2005-01-14,139.28212289238417
2005-01-15,252.785197800939
2005-01-16,92.39030082017337
2005-01-17,126.36150891257515
2005-01-18,293.96536681878075
2005-01-19,205.23255547206912
2005-01-20,136.8448577261346
2005-01-21,227.46347300307576
2005-01-22,267.8768259019936
2005-01-23,145.24477546827086
2005-01-24,174.5148023274778
2005-01-25,202.16480968444787
2005-01-26,109.56058138550537
2005-01-27,138.36808626521517
2005-01-28,185.4141062488263
2005-01-29,271.4086958912271
2005-01-30,67.79025222686701
2005-01-31,147.68696322187964
2005-02-01,156.25683878421762
2005-02-02,258.7093785287742
2005-02-03,241.56120995284246
2005-02-04,223.83382939465304
2005-02-05,53.91419515568162
2005-02-06,216.9363876370075
2005-02-07,162.47707764878413
2005-02-08,100.75493982284343
2005-02-09,56.46805629373861
2005-02-10,222.81454089263036
2005-02-11,178.44232781773536
2005-02-12,109.63902034271007
2005-02-13,249.2881712451422
2005-02-14,188.00598192309778
2005-02-15,144.7908103475515
2005-02-16,219.47798138944225
2005-02-17,240.27334052917828
2005-02-18,286.42233830560247
2005-02-19,82.74870927496754
2005-02-20,113.05302028943363
2005-02-21,295.4464999496033
2005-02-22,189.025838956397
2005-02-23,75.35200539609545
2005-02-24,107.11243351993372
2005-02-25,110.60372248858755
2005-02-26,89.37663802491825
2005-02-27,60.19705749620131
2005-02-28,92.33695190386143
2005-03-01,123.08442170961924
2005-03-02,240.33066710710554
2005-03-03,187.5845961706058
2005-03-04,65.15001394388487
2005-03-05,117.48160578930559
2005-03-06,100.45550344860497
2005-03-07,63.65929677378916
2005-03-08,229.62621631854608
2005-03-09,247.57777982537675
2005-03-10,79.60991934953891
2005-03-11,234.85916189672605
2005-03-12,205.7266058974867
2005-03-13,55.758571569986245
2005-03-14,213.93255844387718
2005-03-15,114.16281319133368
2005-03-16,113.25162860480529
2005-03-17,216.61204588685584
2005-03-18,245.1123763786014
2005-03-19,165.34937483220125
2005-03-20,102.62114222714595
2005-03-21,124.68203559471515
2005-03-22,268.5121559279303
2005-03-23,100.11823984314145
2005-03-24,154.53445227137712
2005-03-25,170.17455220801904
2005-03-26,290.4923633801092
2005-03-27,267.11346137840553
2005-03-28,213.1995742211939
2005-03-29,267.7147232529692
2005-03-30,213.5828993033999
2005-03-31,168.22066881355195
2005-04-01,72.10494915597243
2005-04-02,235.1741030850854
2005-04-03,82.16490358016014
2005-04-04,271.1392978890002
2005-04-05,174.91125764806188
2005-04-06,89.93417522586454
2005-04-07,124.92439802520784
2005-04-08,224.21496992004933
2005-04-09,215.1842463726185
2005-04-10,224.06216181207924
2005-04-11,176.68202425592045
2005-04-12,230.3467294324316
2005-04-13,150.31103301702305
2005-04-14,285.121514203956
2005-04-15,223.71841694538196
2005-04-16,191.05993534546303
2005-04-17,186.98413028183847
2005-04-18,198.07187499764922
2005-04-19,243.98122271925678
2005-04-20,150.37113180503525
2005-04-21,72.19171992361791
2005-04-22,161.50443936012184
2005-04-23,150.9090487180689
2005-04-24,178.68707897506349
2005-04-25,193.40393818665197
2005-04-26,142.76130732553207
2005-04-27,168.77438882429237
2005-04-28,108.03942878046023
2005-04-29,278.2644821006366
2005-04-30,131.76683610994212
2005-05-01,69.21360224421196
2005-05-02,230.17511282322093
2005-05-03,195.7447212607183
2005-05-04,236.49160190931732
2005-05-05,93.05782123936147
2005-05-06,209.72661495038673
2005-05-07,210.016725180422
2005-05-08,256.49769646895135
2005-05-09,234.0890870176945
2005-05-10,69.76879057175537
2005-05-11,222.12327762229805
2005-05-12,67.78881697158636
2005-05-13,253.45353335477506
2005-05-14,245.82641155727615
2005-05-15,119.72082935312854
2005-05-16,160.66428591738247
2005-05-17,143.53411807196255
2005-05-18,215.71651699068784
2005-05-19,231.02188268416643
2005-05-20,289.46828276267706
2005-05-21,53.3564186001252
2005-05-22,273.7591833702745
2005-05-23,168.99549677469975
2005-05-24,184.58161836698298
2005-05-25,80.54360426278447
2005-05-26,241.74723329702192
2005-05-27,150.3208849222169
2005-05-28,161.643892399236
2005-05-29,67.17034351696273
2005-05-30,177.2370280903839
2005-05-31,216.72610199813116
2005-06-01,157.82025954938032
2005-06-02,117.8296007540542
2005-06-03,257.62044179009405
2005-06-04,287.52873783506607
2005-06-05,116.87407174386112
2005-06-06,86.7516937307652
2005-06-07,236.70988737865088
2005-06-08,230.6367203264039
2005-06-09,220.4322601328056
2005-06-10,86.19435550107426
2005-06-11,74.97408136645606
2005-06-12,138.9880272695076
2005-06-13,61.698089328855104
2005-06-14,130.71567780115828
2005-06-15,239.9669729174065
2005-06-16,206.3645926601575
2005-06-17,126.24113027326534
2005-06-18,94.88089153130227
2005-06-19,277.67187464987137
2005-06-20,286.7197649465767
2005-06-21,176.07979783959382
2005-06-22,219.98635154091787
2005-06-23,277.52756857776586
2005-06-24,105.71069054135137
2005-06-25,287.5101986867219
2005-06-26,296.2798655109684
2005-06-27,247.3455644397494
2005-06-28,67.81630001816778
2005-06-29,156.43761076138054
2005-06-30,174.43292536004395
2005-07-01,202.9085448306064
2005-07-02,58.43669392790028
2005-07-03,236.35963603838263
2005-07-04,156.3469775891333
2005-07-05,191.5743492880239
2005-07-06,150.96617195479456
2005-07-07,104.48294243682727
2005-07-08,122.53157764747623
2005-07-09,200.34597205495322
2005-07-10,65.62409764790243
2005-07-11,143.48527264548866
2005-07-12,101.67404085259902
2005-07-13,271.1119946203954
2005-07-14,100.47093309645149
2005-07-15,295.9063553638755
2005-07-16,76.02374897922411
2005-07-17,224.5767090365991
2005-07-18,106.78256470521079
2005-07-19,135.12377039091336
2005-07-20,286.83360802362165
2005-07-21,187.43498501893743
2005-07-22,218.02271147344146
2005-07-23,150.7645180111243
2005-07-24,64.95223946328423
2005-07-25,144.26148987849587
2005-07-26,95.15941185452907
2005-07-27,296.54942320343525
2005-07-28,161.6513651094534
2005-07-29,295.5043477128488
2005-07-30,181.2579497685787
2005-07-31,83.27720076202999
2005-08-01,226.5833802855209
2005-08-02,296.98564489514644
2005-08-03,60.91823877844278
2005-08-04,111.6622336880309
2005-08-05,127.9717260339679
2005-08-06,50.47264408961819
2005-08-07,199.35971153317783
2005-08-08,241.52163710039235
2005-08-09,205.1928140712711
2005-08-10,144.98235175599524
2005-08-11,157.2005534166991
2005-08-12,162.0427313090008
2005-08-13,198.43922457155483
2005-08-14,256.60507105255294
2005-08-15,289.0234075322537
2005-08-16,121.94493416073678
2005-08-17,277.16744282057624
2005-08-18,130.70225741444654
2005-08-19,208.28972588130836
2005-08-20,168.38125785989138
2005-08-21,268.53768828383727
2005-08-22,216.07007283436724
2005-08-23,295.8190248180903
2005-08-24,186.73889378445315
2005-08-25,268.0338242220529
2005-08-26,188.51890644710141
2005-08-27,134.58874484744683
2005-08-28,200.10159890180012
2005-08-29,105.95428330623217
2005-08-30,293.66708713819685
2005-08-31,73.54956182188656
2005-09-01,287.0158733528888
2005-09-02,193.90385638046388
2005-09-03,144.60302992034138
2005-09-04,132.9976794060982
2005-09-05,267.2361636297959
2005-09-06,97.99784946497454
2005-09-07,272.3523624838541
2005-09-08,166.38643820743806
2005-09-09,128.34217902383728
2005-09-10,202.4862076008997
2005-09-11,192.7352973957308
2005-09-12,236.34257654993357
2005-09-13,251.11317374799478
2005-09-14,62.45112284671646
2005-09-15,62.74751763962595
2005-09-16,51.609217353164965
2005-09-17,143.5259200805594
2005-09-18,104.73008397221632
2005-09-19,232.74406723829264
2005-09-20,199.61277260761335
2005-09-21,63.63877062902624
2005-09-22,239.5794630897292
2005-09-23,205.6636435942329
2005-09-24,159.61825612013422
2005-09-25,84.89429666328982
2005-09-26,286.5172433058796
2005-09-27,119.39919783750386
2005-09-28,106.76067173901411
2005-09-29,72.22561604204424
2005-09-30,77.38069985891067
2005-10-01,267.1622664745812
2005-10-02,122.30922015842877
2005-10-03,87.82812012311345
2005-10-04,191.51233845552883
2005-10-05,242.34211196900404
2005-10-06,206.31926549049282
2005-10-07,276.15288939707284
2005-10-08,93.18225181099419
2005-10-09,74.47093347817095
2005-10-10,124.80060214580178
2005-10-11,214.27606177006268
2005-10-12,265.2435930930037
2005-10-13,182.12870718448914
2005-10-14,50.782455774861106
2005-10-15,120.23719204364282
2005-10-16,256.6499928999108
2005-10-17,133.35192680591913
2005-10-18,237.36349324220438
2005-10-19,144.61815290445128
2005-10-20,85.88164115119066
2005-10-21,230.29027959680414
2005-10-22,164.7186339016126
2005-10-23,296.4157057398217
2005-10-24,50.92342799146494
2005-10-25,178.65938266864686
2005-10-26,59.44235406393393
2005-10-27,183.75793816258363
2005-10-28,223.41047064269713
2005-10-29,217.76820402502085
2005-10-30,192.781583147739
2005-10-31,68.93742331693032
2005-11-01,102.30945157569339
2005-11-02,155.35203194764296
2005-11-03,280.66031525481145
2005-11-04,171.49083227033412
2005-11-05,75.46261656037149
2005-11-06,156.02735799856066
2005-11-07,133.78882725414738
2005-11-08,199.31064466472893
2005-11-09,257.0530679924707
2005-11-10,100.67993088655892
2005-11-11,76.01875786657624
2005-11-12,161.79025205726037
2005-11-13,187.88954149602665
2005-11-14,237.14908465833318
2005-11-15,244.04717526106373
2005-11-16,216.59895022874812
2005-11-17,293.3847443707567
2005-11-18,129.15539188374584
2005-11-19,286.41949980815855
2005-11-20,51.46086442877152
2005-11-21,238.06828774928576
2005-11-22,289.1867452097818
2005-11-23,88.2391971730232
2005-11-24,148.04862023862268
2005-11-25,102.66091507273282
2005-11-26,86.53290737627731
2005-11-27,50.43748851270101
2005-11-28,237.76026325824355
2005-11-29,120.61281132254952
2005-11-30,95.23638990190756
2005-12-01,165.22296832472426
2005-12-02,161.61336472081848
2005-12-03,227.42941407569484
2005-12-04,73.20897580800579
2005-12-05,50.94028244813263
2005-12-06,221.19868897003468
2005-12-07,75.13627828052711
2005-12-08,276.8569657650996
2005-12-09,70.86542989885692
2005-12-10,176.22540183757272
2005-12-11,243.9968030446456
2005-12-12,219.7107448698253
2005-12-13,227.12972513278973
2005-12-14,207.30178938363727
2005-12-15,250.39163673979832
2005-12-16,62.633287313498165
2005-12-17,241.5656164685742
2005-12-18,120.47042958990014
2005-12-19,258.42609603921073
2005-12-20,100.84858101484538
2005-12-21,101.78903436638655
2005-12-22,145.63270192008264
2005-12-23,146.9398709600954
2005-12-24,88.85325190480458
2005-12-25,164.18425707360166
2005-12-26,128.17957021913944
2005-12-27,210.98794488031587
2005-12-28,105.2756821335767
2005-12-29,159.8550233239959
2005-12-30,97.0886971822359
2005-12-31,51.818654728881626
2006-01-01,197.27498658378448
2006-01-02,129.73874127333687
2006-01-03,169.49768844346346
2006-01-04,159.55496303398488
2006-01-05,137.23292986934314
2006-01-06,179.67886578436742
2006-01-07,165.1909805909987
2006-01-08,123.70089644887682
2006-01-09,126.46492100781549
2006-01-10,148.75185850948876
2006-01-11,232.56638510695353
2006-01-12,129.49434551369728
2006-01-13,138.40674447397907
2006-01-14,173.79557888577017
2006-01-15,210.0451788645303
2006-01-16,79.24601073312094
2006-01-17,61.72067412478053
2006-01-18,279.3718725200217
2006-01-19,258.70812780494
2006-01-20,196.4823578774004
2006-01-21,76.10746173408435
2006-01-22,271.70430305355285
2006-01-23,127.05580082081073
2006-01-24,159.85855164564148
2006-01-25,223.4020840505805
2006-01-26,184.26890988662058
2006-01-27,189.9128307675785
2006-01-28,120.53289938680027
2006-01-29,197.0487640054144
2006-01-30,174.70674457676677
2006-01-31,105.69234206786629
2006-02-01,210.53883554495866
2006-02-02,66.74560816171294
2006-02-03,104.78510819992677
2006-02-04,60.38589722377431
2006-02-05,110.13057003773272
2006-02-06,64.05281182335457
2006-02-07,293.81789761679715
2006-02-08,263.45055929194035
2006-02-09,201.66703906749552
2006-02-10,285.74333295616236
2006-02-11,50.42461118589904
2006-02-12,197.34850786793777
2006-02-13,157.19558428289497
2006-02-14,119.67853045993486
2006-02-15,152.0117366095546
2006-02-16,93.49219563300124
2006-02-17,155.57701589137338
2006-02-18,217.05946348043864
2006-02-19,225.06421178868538
2006-02-20,198.89370252044682
2006-02-21,224.99617953220846
2006-02-22,241.41194531048717
2006-02-23,101.97937126707825
2006-02-24,239.5682441138014
2006-02-25,246.576105828216
2006-02-26,172.43330922250587
2006-02-27,186.18357104780154
2006-02-28,121.30189527749164
2006-03-01,128.2113641883164
2006-03-02,174.88760729198503
2006-03-03,180.1958925741377
2006-03-04,230.3352199340061
2006-03-05,207.19451907758446
2006-03-06,230.71713522038615
2006-03-07,250.83036350064447
2006-03-08,198.7371241742762
2006-03-09,234.60123588787587
2006-03-10,99.59248472973252
2006-03-11,52.158813394082834
2006-03-12,293.34960058350066
2006-03-13,296.6760024062758
2006-03-14,91.08815196879303
2006-03-15,66.90943879310117
2006-03-16,114.75293177715058
2006-03-17,267.9353176935348
2006-03-18,242.4169524913663
2006-03-19,196.97988125612338
2006-03-20,93.5804296026052
2006-03-21,85.59866660540081
2006-03-22,224.75576635188685
2006-03-23,178.0469931460983
2006-03-24,113.36691948064686
2006-03-25,186.05685165332028
2006-03-26,75.0864400593053
2006-03-27,92.85459259051922
2006-03-28,221.97377133990022
2006-03-29,220.79974871292708
2006-03-30,125.71382176514693
2006-03-31,177.86434892176513
2006-04-01,258.34186010414834
2006-04-02,237.18613196996745
2006-04-03,130.9359314607749
2006-04-04,197.78661569903412
2006-04-05,229.12052702697443
2006-04-06,221.08848367974784
2006-04-07,119.6139938993964
2006-04-08,280.67247466816576
2006-04-09,208.69115844430627
2006-04-10,123.66291745431194
2006-04-11,230.9977177334087
2006-04-12,72.48121554807337
2006-04-13,99.9056671930446
2006-04-14,209.1960887834475
2006-04-15,174.90885251654714
2006-04-16,288.33275392712466
2006-04-17,117.66733624863075
2006-04-18,64.26212442253913
2006-04-19,270.04079548063663
2006-04-20,58.76999437940257
2006-04-21,144.7295256285305
2006-04-22,215.6805099764551
2006-04-23,246.81058525612536
2006-04-24,171.4675577088659
2006-04-25,204.85338983786656
2006-04-26,151.52618496291956
2006-04-27,73.31919111883556
2006-04-28,191.13476937447797
2006-04-29,147.091081849857
2006-04-30,223.98278447254964
2006-05-01,117.61199038528282
2006-05-02,231.25924974744765
2006-05-03,181.8665479462262
2006-05-04,285.31644008837833
2006-05-05,61.80318668185723
2006-05-06,126.371093102852
2006-05-07,245.40242997832576
2006-05-08,115.92075960269553
2006-05-09,288.4294410342279
2006-05-10,287.3271564562437
2006-05-11,109.11181210954109
2006-05-12,223.31357519187068
2006-05-13,185.9418376549773
2006-05-14,91.51111420573952
2006-05-15,82.48596602571413
2006-05-16,160.841395624529
2006-05-17,267.4532402223414
2006-05-18,80.18725214725865
2006-05-19,217.25360856888216
2006-05-20,89.74741949156717
2006-05-21,274.8820143765427
2006-05-22,241.7669434289286
2006-05-23,244.66251274499652
2006-05-24,168.25394758663546
2006-05-25,288.22287155259596
2006-05-26,52.036472800692636
2006-05-27,249.50488846038505
2006-05-28,135.27132499427893
2006-05-29,88.03023294893055
2006-05-30,76.01678361301043
2006-05-31,177.5932208678346
2006-06-01,242.2703481299216
2006-06-02,202.8547486384762
2006-06-03,284.8297878390388
2006-06-04,176.2017306803541
2006-06-05,181.67069237419182
2006-06-06,259.60162182110105
2006-06-07,219.92831556228512
2006-06-08,150.42698896203729
2006-06-09,205.44724140873097
2006-06-10,69.26124036467985
2006-06-11,71.34888087443204
2006-06-12,104.42291810701488
2006-06-13,278.04710412169527
2006-06-14,54.61759443188578
2006-06-15,241.84964971536365
2006-06-16,154.21616385327485
2006-06-17,198.41830292065188
2006-06-18,284.98537755795917
2006-06-19,259.2829509013966
2006-06-20,92.5995721528804
2006-06-21,218.98664349039254
2006-06-22,60.424049573206695
2006-06-23,176.03166265201426
2006-06-24,209.694659323034
2006-06-25,180.8855956999051
2006-06-26,172.9750437909265
2006-06-27,154.3951676877519
2006-06-28,251.13719503914336
2006-06-29,131.05498501955665
2006-06-30,127.73300440881906
2006-07-01,83.19662815332006
2006-07-02,50.28496637586697
2006-07-03,71.9196846770187
2006-07-04,59.576288196146116
2006-07-05,55.665460428350336
2006-07-06,187.84359328199764
2006-07-07,92.43134189848664
2006-07-08,188.50362830265846
2006-07-09,226.99536954137074
2006-07-10,94.41233662787968
2006-07-11,156.96762882707716
2006-07-12,97.28997049392828
2006-07-13,229.0289384746543
2006-07-14,64.37669692747237
2006-07-15,183.51487512098078
2006-07-16,140.5333217020348
2006-07-17,265.15417752487315
2006-07-18,104.33468968468378
2006-07-19,117.12867338512888
2006-07-20,195.74618300261284
2006-07-21,191.58410381774013
2006-07-22,223.05461473704412
2006-07-23,171.6815182060745
2006-07-24,76.15113054135529
2006-07-25,79.3215624398542
2006-07-26,237.7345094053273
2006-07-27,218.20777061164188
2006-07-28,77.3741507526968
2006-07-29,141.9564885586796
2006-07-30,197.35853602772934
2006-07-31,280.41229260665637
2006-08-01,258.2309877311127
2006-08-02,78.12678634850391
2006-08-03,158.76928451671574
2006-08-04,224.32588992105286
2006-08-05,293.4298932654448
2006-08-06,245.71477547895603
2006-08-07,72.10119571704746
2006-08-08,62.71293628813427
2006-08-09,204.2648846758667
2006-08-10,116.75105708358919
2006-08-11,196.6857959870047
2006-08-12,283.0377674085796
2006-08-13,128.57891258336798
2006-08-14,185.2956716348217
2006-08-15,185.6695468075145
2006-08-16,125.34994383506513
2006-08-17,127.3650827965786
2006-08-18,257.87558643631314
2006-08-19,218.5173186493224
2006-08-20,183.1844556229827
2006-08-21,126.64446795122699
2006-08-22,132.14017399716488
2006-08-23,151.28467634175553
2006-08-24,249.52792719030435
2006-08-25,224.16440348059967
2006-08-26,187.41767909155053
2006-08-27,212.76765188306751
2006-08-28,107.92227362235374
2006-08-29,286.6512213528169
2006-08-30,268.98553582734127
2006-08-31,78.9259061894955
2006-09-01,117.41856063663774
2006-09-02,243.66389580207013
2006-09-03,95.67659026292463
2006-09-04,101.43794275011857
2006-09-05,115.2650470829248
2006-09-06,187.23183972093452
2006-09-07,298.8552096044196
2006-09-08,72.15960516078775
2006-09-09,220.37546929363396
2006-09-10,259.47137109842186
2006-09-11,173.3536016233482
2006-09-12,240.73058176265764
2006-09-13,193.0770694269286
2006-09-14,94.81976288912091
2006-09-15,283.50934070951234
2006-09-16,132.59334776550264
2006-09-17,236.18003217947313
2006-09-18,187.9245881112607
2006-09-19,116.55288712704801
2006-09-20,104.51290016805468
2006-09-21,84.0695653871905
2006-09-22,158.86104427746906
2006-09-23,162.24762533909131
2006-09-24,222.72647970089864
2006-09-25,184.35471583880474
2006-09-26,151.42052595343398
2006-09-27,98.7600617039624
2006-09-28,209.45273496915232
2006-09-29,73.83207143071067
2006-09-30,297.4312481960908
2006-10-01,71.29643326613382
2006-10-02,189.34612176746796
2006-10-03,261.1125653196044
2006-10-04,89.3818903201863
2006-10-05,179.1779162456233
2006-10-06,187.0709022275223
2006-10-07,162.43087131726213
2006-10-08,145.58941005079726
2006-10-09,228.36110870184547
2006-10-10,237.0494403981993
2006-10-11,195.2123596451616
2006-10-12,293.8495686338496
2006-10-13,283.18007454272515
2006-10-14,106.60957553131801
2006-10-15,296.71574435257537
2006-10-16,293.5075415873178
2006-10-17,270.9949056507086
2006-10-18,224.74901939231842
2006-10-19,292.7123113666131
2006-10-20,79.36005163695651
2006-10-21,177.8964032404195
2006-10-22,101.07114954774336
2006-10-23,185.7512752671442
2006-10-24,84.235610013333
2006-10-25,267.16049129671114
2006-10-26,249.86430132599654
2006-10-27,149.0289334710766
2006-10-28,232.57442075619014
2006-10-29,282.4997068479803
2006-10-30,129.32398713363318
2006-10-31,73.16459019180509
2006-11-01,112.31071626054721
2006-11-02,120.60659759139747
2006-11-03,158.86967767487013
2006-11-04,161.84750142581345
2006-11-05,149.93572214311882
2006-11-06,169.7837696243259
2006-11-07,102.6456752682069
2006-11-08,128.10107032772854
2006-11-09,173.86771117752843
2006-11-10,112.86891255335908
2006-11-11,264.8302113411802
2006-11-12,179.75028925055085
2006-11-13,292.3593894134328
2006-11-14,166.88424391013882
2006-11-15,68.74454070696108
2006-11-16,70.39198048621299
2006-11-17,212.91907401418584
2006-11-18,274.65470542214604
2006-11-19,99.79636440995458
2006-11-20,297.0205365955932
2006-11-21,274.32263838372455
2006-11-22,118.59766255249473
2006-11-23,232.99546176201414
2006-11-24,173.4273129432377
2006-11-25,132.6548148411045
2006-11-26,267.1983501866172
2006-11-27,170.1643403412764
2006-11-28,251.4202678742735
2006-11-29,101.6907974181596
2006-11-30,139.24963843002107
2006-12-01,62.4315454939698
2006-12-02,238.266006797442
2006-12-03,292.7078679768527
2006-12-04,86.40862834934636
2006-12-05,146.14624897440083
2006-12-06,296.31493802427974
2006-12-07,132.08228938527728
2006-12-08,102.46387139820834
2006-12-09,286.1323704045858
2006-12-10,83.1118737198849
2006-12-11,215.5330934760114
2006-12-12,77.0632335584074
2006-12-13,113.81274256211438
2006-12-14,297.777381106877
2006-12-15,294.480729689152
2006-12-16,94.32154909766601
2006-12-17,70.41060303572425
2006-12-18,233.8697365742716
2006-12-19,161.56192347446085
2006-12-20,173.4255671648042
2006-12-21,62.64010212096878
2006-12-22,253.04025220992065
2006-12-23,256.77077637372724
2006-12-24,171.546960466401
2006-12-25,76.49733082532715
2006-12-26,263.64275898372557
2006-12-27,168.74216782238142
2006-12-28,162.63933911721534
2006-12-29,52.796159310353566
2006-12-30,280.34806182644144
2006-12-31,237.05929080981946
2007-01-01,166.67327783410894
2007-01-02,169.3733566447127
2007-01-03,119.559983910499
2007-01-04,139.52107646680395
2007-01-05,71.65787767550106
2007-01-06,117.84241080362452
2007-01-07,126.31954488130226
2007-01-08,55.580255735123274
2007-01-09,216.1738906785928
2007-01-10,220.23696931408764
2007-01-11,199.25762219213325
2007-01-12,255.11847633559518
2007-01-13,260.3810574352192
2007-01-14,150.1102823116687
2007-01-15,119.5912006111531
2007-01-16,158.66475703133312
2007-01-17,76.31793080758393
2007-01-18,97.87676621223008
2007-01-19,169.402770405818
2007-01-20,233.90900763695288
2007-01-21,92.972969216905
2007-01-22,114.49521405630004
2007-01-23,91.27939193512547
2007-01-24,59.34580560071308
2007-01-25,259.8145041335215
2007-01-26,283.6911810115955
2007-01-27,245.49519606875512
2007-01-28,99.27128547181385
2007-01-29,87.08586095660304
2007-01-30,274.59098982166677
2007-01-31,153.0332229784666
2007-02-01,222.59480512907683
2007-02-02,235.94964360526882
2007-02-03,277.3519271771797
2007-02-04,66.4159135528705
2007-02-05,212.33464234769838
2007-02-06,64.64549109841079
2007-02-07,225.21075544720634
2007-02-08,234.10914810985858
2007-02-09,148.759496131574
2007-02-10,64.94490153376113
2007-02-11,237.12321290372716
2007-02-12,154.92322568757777
2007-02-13,138.59635518411463
2007-02-14,267.89935191694116
2007-02-15,125.9803248799274
2007-02-16,88.07174598346597
2007-02-17,267.9536504969842
2007-02-18,237.83171654391109
2007-02-19,266.6766004251459
2007-02-20,135.66843040502363
2007-02-21,174.50835332137882
2007-02-22,98.29700500026956
2007-02-23,134.10801117642717
2007-02-24,133.43208646499917
2007-02-25,97.31889194527162
2007-02-26,200.99090232502607
2007-02-27,96.8386043380535
2007-02-28,88.51288744868924
2007-03-01,161.75576847777944
2007-03-02,115.3307739834138
2007-03-03,167.782224152278
2007-03-04,197.6422382389884
2007-03-05,253.39965859958892
2007-03-06,94.71881559635405
2007-03-07,164.4910660996332
2007-03-08,271.7237015504455
2007-03-09,144.1664413657447
2007-03-10,205.63601987920848
2007-03-11,247.4030010694437
2007-03-12,136.45857279221414
2007-03-13,281.1009313822255
2007-03-14,120.27595614870071
2007-03-15,169.90371374223668
2007-03-16,147.63982260059777
2007-03-17,99.74935196895763
2007-03-18,69.32614686481973
2007-03-19,100.65632711214307
2007-03-20,157.43889299676482
2007-03-21,145.13443637594105
2007-03-22,207.43566686991758
2007-03-23,93.23161821593041
2007-03-24,132.9370940935259
2007-03-25,55.2051987444425
2007-03-26,242.2424652206735
2007-03-27,100.837666174333
2007-03-28,107.31557488339834
2007-03-29,167.78128781837358
2007-03-30,63.86425073287176
2007-03-31,212.54161853473624
2007-04-01,80.27671519487288
2007-04-02,231.4597338209503
2007-04-03,125.3412656975668
2007-04-04,199.3671509217059
2007-04-05,293.1502534927455
2007-04-06,299.24846681774034
2007-04-07,277.65129981820394
2007-04-08,280.78683363599805
2007-04-09,266.30454672034523
2007-04-10,92.40154917098482
2007-04-11,201.38073713958596
2007-04-12,220.52797824458312
2007-04-13,190.59428430521646
2007-04-14,121.30280914109657
2007-04-15,127.78102430469059
2007-04-16,74.5928358826626
2007-04-17,76.12331279294747
2007-04-18,287.12806930575505
2007-04-19,105.31100943951242
2007-04-20,299.9239450323823
2007-04-21,81.13603209866241
2007-04-22,268.1351874468997
2007-04-23,113.21367369316775
2007-04-24,246.62020270071778
2007-04-25,295.4423331535738
2007-04-26,73.01357772164705
2007-04-27,108.4840960468444
2007-04-28,246.02501808460536
2007-04-29,233.38338671472425
2007-04-30,233.12909151126755
2007-05-01,249.13522292250065
2007-05-02,280.5385124964265
2007-05-03,105.2418074366065
2007-05-04,64.06806718611136
2007-05-05,235.25291041192813
2007-05-06,190.09197359259045
2007-05-07,101.09517603241284
2007-05-08,299.6227549797225
2007-05-09,201.86691060798788
2007-05-10,252.97286626115314
2007-05-11,173.70299498855286
2007-05-12,261.97609722229663
2007-05-13,247.94017389725906
2007-05-14,81.50716783244889
2007-05-15,68.13322452141986
2007-05-16,129.85654748209615
2007-05-17,125.48166082167751
2007-05-18,96.77071063217564
2007-05-19,109.22521595027439
2007-05-20,181.36249978213905
2007-05-21,246.3683225338078
2007-05-22,132.83090427445003
2007-05-23,147.12198970817627
2007-05-24,66.07876583800092
2007-05-25,61.60045343901606
2007-05-26,149.94968723850138
2007-05-27,131.48015617890383
2007-05-28,175.387125804104
2007-05-29,213.59757655691618
2007-05-30,201.2571072812447
2007-05-31,194.77621805107742
2007-06-01,91.9450075551294
2007-06-02,241.85917290707044
2007-06-03,102.41165304296888
2007-06-04,60.436146430590185
2007-06-05,93.74870388154042
2007-06-06,230.16832655017603
2007-06-07,93.46388668992168
2007-06-08,67.33644003577604
2007-06-09,234.87222284208138
2007-06-10,287.9679941841026
2007-06-11,144.34011842074847
2007-06-12,154.97583132655222
2007-06-13,97.93745273894417
2007-06-14,63.59487846010191
2007-06-15,292.1471014687037
2007-06-16,175.70626281886592
2007-06-17,132.84980137168486
2007-06-18,134.07429475437124
2007-06-19,113.63992991668749
2007-06-20,279.374435243308
2007-06-21,92.92623324623912
2007-06-22,149.7986165331813
2007-06-23,148.82642438980264
2007-06-24,200.47828465633904
2007-06-25,188.99406116839148
2007-06-26,142.46689644245572
2007-06-27,164.47256431627275
2007-06-28,73.42807492138749
2007-06-29,281.1112705292518
2007-06-30,203.3736757244328
2007-07-01,267.6136902203864
2007-07-02,118.70708802957104
2007-07-03,270.6619038444062
2007-07-04,60.20809072481477
2007-07-05,134.6684467102499
2007-07-06,145.4900795171726
2007-07-07,205.09789668529274
2007-07-08,206.86973385090454
2007-07-09,118.23235039353315
2007-07-10,267.9635458974461
2007-07-11,154.7643013966972
2007-07-12,147.62820709707432
2007-07-13,57.741127691335144
2007-07-14,197.07599372403448
2007-07-15,63.440399556883946
2007-07-16,175.38120056362322
2007-07-17,212.45715670380065
2007-07-18,208.97548706077956
2007-07-19,127.20569241566427
2007-07-20,140.8132673800775
2007-07-21,221.00260177072926
2007-07-22,222.3471764733253
2007-07-23,224.0658542994127
2007-07-24,261.13912280773206
2007-07-25,280.3268056813549
2007-07-26,74.87819262375541
2007-07-27,268.50576103381525
2007-07-28,99.34658924343105
2007-07-29,53.18813407208909
2007-07-30,241.02468058798758
2007-07-31,88.29633713995375
2007-08-01,216.64826054246467
2007-08-02,184.13500412586615
2007-08-03,141.57011967704148
2007-08-04,167.6383336141672
2007-08-05,211.54394979137103
2007-08-06,94.60528945518114
2007-08-07,222.64037592810675
2007-08-08,260.9821545095252
2007-08-09,287.1008372846253
2007-08-10,160.36577254908053
2007-08-11,243.224385314075
2007-08-12,296.98521419939146
2007-08-13,213.1519633417426
2007-08-14,77.36486468232476
2007-08-15,254.8357100651941
2007-08-16,291.48182124878167
2007-08-17,214.2297072366363
2007-08-18,291.6306900016317
2007-08-19,85.23726167604383
2007-08-20,83.8553892642964
2007-08-21,250.40002211945207
2007-08-22,70.84780101320632
2007-08-23,271.8549097007557
2007-08-24,185.13881019087788
2007-08-25,193.35753680820994
2007-08-26,157.60696810048563
2007-08-27,222.45558692812193
2007-08-28,284.30621745893325
2007-08-29,212.21654351794146
2007-08-30,58.397639846106365
2007-08-31,187.11498505081292
2007-09-01,230.76443363160828
2007-09-02,231.02517704836444
2007-09-03,221.7994377139534
2007-09-04,111.90477895016778
2007-09-05,107.80452471630979
2007-09-06,189.93842118498367
2007-09-07,50.2525126868112
2007-09-08,297.0789904107757
2007-09-09,126.60988970477203
2007-09-10,204.66661131633637
2007-09-11,97.89871868379953
2007-09-12,248.81762868354048
2007-09-13,235.7767452495539
2007-09-14,209.67804600383195
2007-09-15,262.9365607187967
2007-09-16,111.32801457370432
2007-09-17,269.5998634916083
2007-09-18,79.99389801325819
2007-09-19,114.68583895565378
2007-09-20,137.4100611760257
2007-09-21,140.208346847415
2007-09-22,68.86433634417489
2007-09-23,270.7805316179717
2007-09-24,133.65105534405367
2007-09-25,160.26910713827368
2007-09-26,82.93861176399238
2007-09-27,99.10687884414227
2007-09-28,254.85279523735983
2007-09-29,130.72519351766454
2007-09-30,238.27537188485246
2007-10-01,156.3658012439338
2007-10-02,250.23730606546562
2007-10-03,219.40383712650237
2007-10-04,160.3417799599146
2007-10-05,158.9075819283659
2007-10-06,196.49017961477526
2007-10-07,52.479753831993754
2007-10-08,294.70479091401313
2007-10-09,266.97210896219957
2007-10-10,202.65460872978142
2007-10-11,276.2038698273791
2007-10-12,276.8862634053802
2007-10-13,286.206532668726
2007-10-14,226.34113628374422
2007-10-15,98.452411215783
2007-10-16,164.37861117552427
2007-10-17,128.59281230826127
2007-10-18,152.41138076651242
2007-10-19,66.04721929432598
2007-10-20,74.0509320170837
2007-10-21,268.1841303238682
2007-10-22,209.80788857844837
2007-10-23,155.39787822869548
2007-10-24,143.1797486917361
2007-10-25,172.11192610129928
2007-10-26,234.88520816736246
2007-10-27,148.09839698137424
2007-10-28,229.7333369847457
2007-10-29,178.5874203017316
2007-10-30,97.43687024830659
2007-10-31,222.21716287096154
2007-11-01,76.94731857846514
2007-11-02,263.5748759252112
2007-11-03,270.9097073129773
2007-11-04,286.8679436087272
2007-11-05,235.80324072858932
2007-11-06,294.1483130647493
2007-11-07,50.11945149016249
2007-11-08,156.39308837457963
2007-11-09,155.90192986372006
2007-11-10,258.3074673853508
2007-11-11,213.4255532030526
2007-11-12,228.14441609625896
2007-11-13,210.73329390080025
2007-11-14,76.75586105966806
2007-11-15,208.63978539428112
2007-11-16,245.7278695253568
2007-11-17,289.6088649212096
2007-11-18,212.17272759675876
2007-11-19,272.4894614168927
2007-11-20,115.67788080790073
2007-11-21,115.48204249368949
2007-11-22,166.8043179338523
2007-11-23,262.8751847022559
2007-11-24,116.01461414576171
2007-11-25,69.37748584611666
2007-11-26,203.93363105850062
2007-11-27,292.87008274604375
2007-11-28,210.22493994774305
2007-11-29,113.83579457045535
2007-11-30,69.40275598847862
2007-12-01,62.834320459596064
2007-12-02,62.71459669421024
2007-12-03,175.2950784997596
2007-12-04,261.1723981730695
2007-12-05,72.89357863912718
2007-12-06,232.03096685227595
2007-12-07,266.49596325857465
2007-12-08,63.36901776025803
2007-12-09,85.14389694470336
2007-12-10,59.95965726110898
2007-12-11,184.33641820723338
2007-12-12,82.61180190990953
2007-12-13,251.81381158822902
2007-12-14,180.4835416863475
2007-12-15,216.37103011308363
2007-12-16,105.82617287401712
2007-12-17,143.5238743139984
2007-12-18,250.41938869800492
2007-12-19,147.36051229998856
2007-12-20,63.511213094757586
2007-12-21,66.6066119911873
2007-12-22,59.887045118242625
2007-12-23,112.0432908091153
2007-12-24,174.31774352425293
2007-12-25,90.31529002286297
2007-12-26,243.2843904973554
2007-12-27,258.56422202770716
2007-12-28,81.39061084355313
2007-12-29,267.32544911383764
2007-12-30,64.84347704909165
2007-12-31,156.37220660859845
2008-01-01,135.6596383943886
2008-01-02,256.66371369580224
2008-01-03,190.90853830439374
2008-01-04,70.89457058222219
2008-01-05,290.01726504851604
2008-01-06,280.24438826633525
2008-01-07,207.13773509051813
2008-01-08,284.70577863342373
2008-01-09,238.95518546571705
2008-01-10,252.74680349776884
2008-01-11,244.9825254191992
2008-01-12,182.8955359136016
2008-01-13,279.9178652498499
2008-01-14,95.26398903066766
2008-01-15,118.39093370866797
2008-01-16,215.50188247001017
2008-01-17,289.4241911382828
2008-01-18,88.31544792829982
2008-01-19,76.55596295636644
2008-01-20,172.11589824973822
2008-01-21,243.7854927464004
2008-01-22,193.0782510374314
2008-01-23,253.35305529381773
2008-01-24,249.78772013412393
2008-01-25,88.64710138677063
2008-01-26,239.79056856722903
2008-01-27,94.16249796002639
2008-01-28,183.87670761889532
2008-01-29,93.6689206921676
2008-01-30,130.15442360098564
2008-01-31,61.26890417180515
2008-02-01,84.14432759291114
2008-02-02,244.97503502037492
2008-02-03,252.06049882872225
2008-02-04,114.03598125241392
2008-02-05,155.96045346778556
2008-02-06,62.97836412953693
2008-02-07,66.23309321137853
2008-02-08,163.99402623269472
2008-02-09,174.27090022028992
2008-02-10,58.47450588692023
2008-02-11,236.2569197304841
2008-02-12,216.90245650858725
2008-02-13,228.96361370265683
2008-02-14,114.90732790705184
2008-02-15,299.90214771952384
2008-02-16,88.89132069358337
2008-02-17,118.47398923738729
2008-02-18,111.48925439864274
2008-02-19,294.463081525863
2008-02-20,199.10331458014298
2008-02-21,285.0229117410935
2008-02-22,104.2128627450492
2008-02-23,94.4453047427055
2008-02-24,105.46640370764314
2008-02-25,289.2115282460191
2008-02-26,106.21615226460324
2008-02-27,186.7621900575699
2008-02-28,66.48813654484438
2008-02-29,250.64855920739228
2008-03-01,161.3394398557562
2008-03-02,268.99486645279467
2008-03-03,287.96185154136504
2008-03-04,59.66130054504549
2008-03-05,53.66706736957581
2008-03-06,110.35075330228062
2008-03-07,145.5847849456727
2008-03-08,148.49850981919855
2008-03-09,249.43381546493057
2008-03-10,114.65730802639271
2008-03-11,104.74010007402993
2008-03-12,296.33509837499486
2008-03-13,105.96559841017051
2008-03-14,87.3532367838447
2008-03-15,202.40971674645922
2008-03-16,156.19153326203454
2008-03-17,86.97207462659804
2008-03-18,111.62433654531385
2008-03-19,171.05830121431921
2008-03-20,136.6057574293831
2008-03-21,286.79726963803046
2008-03-22,96.19283363190857
2008-03-23,103.7763950794832
2008-03-24,96.41200352073383
2008-03-25,100.83096187855094
2008-03-26,68.22924286443731
2008-03-27,226.1476779303361
2008-03-28,74.79733083056732
2008-03-29,168.7423280706216
2008-03-30,193.58778899644184
2008-03-31,85.39231401979359
2008-04-01,214.83761075574844
2008-04-02,265.0223413105603
2008-04-03,261.29452264824846
2008-04-04,90.96829452011785
2008-04-05,59.021623349185106
2008-04-06,174.56348511864047
2008-04-07,195.47546421451347
2008-04-08,235.6538386354538
2008-04-09,232.84684496158133
2008-04-10,167.62576385856426
2008-04-11,125.49651747314765
2008-04-12,183.93183303778616
2008-04-13,64.76551652662569
2008-04-14,154.73316809248513
2008-04-15,294.8412622419705
2008-04-16,201.92478077515312
2008-04-17,159.7634462919575
2008-04-18,98.25658279186388
2008-04-19,175.72316024847362
2008-04-20,227.7004365282902
2008-04-21,270.8297813088485
2008-04-22,153.0389459626915
2008-04-23,88.85362398557993
2008-04-24,225.76286241532412
2008-04-25,279.4570439966517
2008-04-26,178.9886383372475
2008-04-27,62.779575444016615
2008-04-28,274.29562765498895
2008-04-29,152.0711060452572
2008-04-30,266.19421167611426
2008-05-01,123.39861388810148
2008-05-02,142.25842606288222
2008-05-03,267.4893743213122
2008-05-04,51.559962483666105
2008-05-05,239.74313938466656
2008-05-06,181.7099658771621
2008-05-07,218.68421984419393
2008-05-08,96.6131009910238
2008-05-09,192.08066079275153
2008-05-10,144.67470212522764
2008-05-11,230.79499807100413
2008-05-12,62.23164235316257
2008-05-13,217.64131987623819
2008-05-14,84.27031476330367
2008-05-15,158.82205413521822
2008-05-16,270.92458657957184
2008-05-17,109.2953867328865
2008-05-18,164.2971263154528
2008-05-19,112.79071169589129
2008-05-20,164.13700947824083
2008-05-21,149.99254490824111
2008-05-22,100.52902580063196
2008-05-23,218.99458809758687
2008-05-24,223.06339429868774
2008-05-25,193.9267556836607
2008-05-26,212.10391973470314
2008-05-27,181.85793253530747
2008-05-28,273.573482397247
2008-05-29,234.06441139707326
2008-05-30,136.39793604217863
2008-05-31,268.06257144336035
2008-06-01,149.5870256289026
2008-06-02,79.88225474267873
2008-06-03,186.5266807425934
2008-06-04,116.34363076089309
2008-06-05,115.64245240413346
2008-06-06,290.64926554230055
2008-06-07,140.54667214687174
2008-06-08,124.6954224084978
2008-06-09,89.64104271276486
2008-06-10,194.9459903265373
2008-06-11,68.83662476751002
2008-06-12,136.33765266772696
2008-06-13,185.78220911804885
2008-06-14,172.74910828115696
2008-06-15,280.81798870273315
2008-06-16,112.09278303331669
2008-06-17,237.93300348166858
2008-06-18,298.7095094841593
2008-06-19,134.54062353006262
2008-06-20,154.29718969854525
2008-06-21,129.8658990731461
2008-06-22,142.56406963249376
2008-06-23,177.43143309107012
2008-06-24,183.69614824396533
2008-06-25,157.5823691337046
2008-06-26,187.46365898211312
2008-06-27,130.35224914796123
2008-06-28,211.26412321224151
2008-06-29,90.50483643154787
2008-06-30,105.03097188209088
2008-07-01,74.74385541790517
2008-07-02,87.39929042630209
2008-07-03,219.30542926301422
2008-07-04,192.9872709065674
2008-07-05,285.653121869514
2008-07-06,201.09091116942645
2008-07-07,158.33865519151354
2008-07-08,143.60211823983917
2008-07-09,253.04055046587015
2008-07-10,189.3426719815708
2008-07-11,84.87741321450463
2008-07-12,128.74722255058902
2008-07-13,159.00165701512333
2008-07-14,156.81440292906115
2008-07-15,246.7156405009425
2008-07-16,259.60955794782456
2008-07-17,193.00293336542143
2008-07-18,141.82203216787144
2008-07-19,81.400321296346
2008-07-20,276.6339119188393
2008-07-21,209.16816363872812
2008-07-22,130.54894626500146
2008-07-23,136.4348834001666
2008-07-24,114.904227761024
2008-07-25,195.0845234201261
2008-07-26,97.61293720374232
2008-07-27,281.23010701119546
2008-07-28,186.1006012371515
2008-07-29,200.77709008051326
2008-07-30,257.15002825475005
2008-07-31,192.4262084281512
2008-08-01,267.6751250478335
2008-08-02,280.9006476212597
2008-08-03,63.34572126722696
2008-08-04,281.38379602679134
2008-08-05,288.95293121449527
2008-08-06,175.68724549311332
2008-08-07,256.1103757655778
2008-08-08,116.67921215128797
2008-08-09,105.63511973446539
2008-08-10,295.2728478119909
2008-08-11,250.37318326106265
2008-08-12,67.89818912070513
2008-08-13,276.06945144946906
2008-08-14,234.20494430495475
2008-08-15,66.72268330745311
2008-08-16,197.80152433949317
2008-08-17,282.96297487812694
2008-08-18,52.89302245335601
2008-08-19,156.12929750539575
2008-08-20,164.14977693961993
2008-08-21,192.0240299565934
2008-08-22,246.7760743547301
2008-08-23,206.2159338788186
2008-08-24,208.16908298769943
2008-08-25,64.56798427115874
2008-08-26,168.89037543799594
2008-08-27,178.64049543111318
2008-08-28,114.15642818332904
2008-08-29,113.18124419523508
2008-08-30,240.15973352233874
2008-08-31,94.54639550870078
2008-09-01,202.2181949255154
2008-09-02,128.79723965119956
2008-09-03,129.7442327801167
2008-09-04,187.43032534530988
2008-09-05,140.93686997540163
2008-09-06,214.33100483257394
2008-09-07,265.7080847023655
2008-09-08,133.94242031478973
2008-09-09,125.10483392273868
2008-09-10,152.5966890579391
2008-09-11,84.12521737421409
2008-09-12,107.69220430845037
2008-09-13,226.43213699436797
2008-09-14,298.1210186271768
2008-09-15,78.2598413844036
2008-09-16,156.74263290412148
2008-09-17,121.91075371536174
2008-09-18,162.65443890926633
2008-09-19,152.92141831531438
2008-09-20,278.30307004591435
2008-09-21,120.92990557710144
2008-09-22,185.1797638947848
2008-09-23,104.34639099166384
2008-09-24,230.60412663303208
2008-09-25,266.40211108525085
2008-09-26,175.33017169744744
2008-09-27,97.01549826655611
2008-09-28,118.52922588767149
2008-09-29,185.50847288966915
2008-09-30,243.66167020440898
2008-10-01,224.62519923805078
2008-10-02,219.80845610255426
2008-10-03,189.0628756781507
2008-10-04,133.78356043761738
2008-10-05,179.9832561431717
2008-10-06,271.36550890859223
2008-10-07,286.59491277948166
2008-10-08,57.04887711912472
2008-10-09,178.78398549665408
2008-10-10,80.31563802530401
2008-10-11,52.29902505491775
2008-10-12,172.35165942016363
2008-10-13,265.3479924019143
2008-10-14,112.41399865566765
2008-10-15,217.97858360961408
2008-10-16,184.4546750002521
2008-10-17,186.96248245693334
2008-10-18,69.03901691714697
2008-10-19,216.28327063283243
2008-10-20,172.82233055668584
2008-10-21,139.75648655105215
2008-10-22,62.00913738176107
2008-10-23,96.09019300388712
2008-10-24,187.03519163710195
2008-10-25,102.05462322939738
2008-10-26,119.23015851170491
2008-10-27,280.1908299705867
2008-10-28,57.612225314924835
2008-10-29,232.00401971138749
2008-10-30,243.1842747145558
2008-10-31,58.60101769690788
2008-11-01,246.11779528636566
2008-11-02,53.39437468237311
2008-11-03,139.61032175822436
2008-11-04,174.4370732011356
2008-11-05,113.98062848887403
2008-11-06,153.24196656297772
2008-11-07,215.51078375058384
2008-11-08,59.15215874022574
2008-11-09,52.90846107329895
2008-11-10,241.01722751118544
2008-11-11,246.91619633688723
2008-11-12,139.27531210347837
2008-11-13,184.5038036957961
2008-11-14,245.3304052983027
2008-11-15,129.3726179037682
2008-11-16,77.44981184074244
2008-11-17,253.14118527911626
2008-11-18,131.2876468656682
2008-11-19,269.29695867006325
2008-11-20,228.61444695734843
2008-11-21,293.58750892326265
2008-11-22,257.9265324957187
2008-11-23,67.95454951220557
2008-11-24,257.01099360544913
2008-11-25,251.2342842225584
2008-11-26,149.4145719113578
2008-11-27,211.96390139240637
2008-11-28,296.50133841797367
2008-11-29,139.24213774007148
2008-11-30,84.48298086640378
2008-12-01,181.45556029143444
2008-12-02,119.2525246863564
2008-12-03,130.8144964719428
2008-12-04,258.47037804174556
2008-12-05,171.6925783589894
2008-12-06,106.76164970080166
2008-12-07,247.5222502058784
2008-12-08,117.43424495218068
2008-12-09,184.4744466364391
2008-12-10,172.36767292018283
2008-12-11,297.7175498565766
2008-12-12,92.52464822201127
2008-12-13,93.91735341253886
2008-12-14,230.55740462095196
2008-12-15,121.58474876050819
2008-12-16,154.22799070980352
2008-12-17,160.94879970268084
2008-12-18,184.16594290961862
2008-12-19,172.27049106818544
2008-12-20,70.36556259383542
2008-12-21,126.47631598555324
2008-12-22,134.82174392371502
2008-12-23,184.10954428658957
2008-12-24,61.863738848999546
2008-12-25,252.4923168568556
2008-12-26,282.18095668714403
2008-12-27,125.48000681515194
2008-12-28,75.89780905175995
2008-12-29,51.450954105660315
2008-12-30,90.14255135590653
2008-12-31,232.55466802011054
2009-01-01,191.21369324106522
2009-01-02,254.95407324292998
2009-01-03,151.3684306674576
2009-01-04,153.5616262477864
2009-01-05,286.4298047572643
2009-01-06,137.20247450751083
2009-01-07,284.9482641679632
2009-01-08,190.51996214394987
2009-01-09,62.83818897891226
2009-01-10,66.34180570427543
2009-01-11,145.43568364484625
2009-01-12,79.69891029861682
2009-01-13,133.37109161512848
2009-01-14,102.02278871206734
2009-01-15,220.16901219661008
2009-01-16,282.3477709106535
2009-01-17,148.7516265735808
2009-01-18,109.59246866373479
2009-01-19,285.82009425372394
2009-01-20,258.96980280052503
2009-01-21,232.10026634751307
2009-01-22,241.17470950052862
2009-01-23,208.90621248039957
2009-01-24,197.83889348005468
2009-01-25,232.8668691024002
2009-01-26,69.67175150666655
2009-01-27,290.6366146140514
2009-01-28,282.4958792598826
2009-01-29,212.402926931888
2009-01-30,191.7749262881264
2009-01-31,165.62338136639636
2009-02-01,278.9392541939269
2009-02-02,180.19814732439445
2009-02-03,150.8699233812582
2009-02-04,164.18027472020276
2009-02-05,80.29034048865839
2009-02-06,173.83839843568063
2009-02-07,271.2206861158386
2009-02-08,80.20601337549326
2009-02-09,261.73949649146766
2009-02-10,73.81166901620648
2009-02-11,187.08494441612757
2009-02-12,241.3299082992522
2009-02-13,89.07216049694208
2009-02-14,90.61936640934417
2009-02-15,232.0189429837414
2009-02-16,268.5858149045094
2009-02-17,253.71279319373824
2009-02-18,146.67393251254845
2009-02-19,254.3297721066691
2009-02-20,107.80809829167112
2009-02-21,252.6311326113134
2009-02-22,262.1351580940718
2009-02-23,146.8106026125725
2009-02-24,66.23393334515401
2009-02-25,256.3737099943033
2009-02-26,263.63582061732524
2009-02-27,200.48819036453503
2009-02-28,175.1247968433331
2009-03-01,231.358217964355
2009-03-02,298.9227985235032
2009-03-03,100.9178033902424
2009-03-04,295.6431645207958
2009-03-05,208.35415528088416
2009-03-06,204.29363971323596
2009-03-07,255.37646597811639
2009-03-08,282.2180813721453
2009-03-09,167.23478196099944
2009-03-10,173.4819794164648
2009-03-11,148.44952993896482
2009-03-12,228.87624469755477
2009-03-13,290.523561361142
2009-03-14,182.75146897175566
2009-03-15,118.83440379017452
2009-03-16,163.87550781742988
2009-03-17,166.33060431595186
2009-03-18,277.78843414325195
2009-03-19,57.79995215415427
2009-03-20,262.3415162478172
2009-03-21,135.9241450253428
2009-03-22,229.29396769566924
2009-03-23,251.11682632137817
2009-03-24,199.11323673174488
2009-03-25,155.29405289857579
2009-03-26,157.00969906206547
2009-03-27,183.79048847541412
2009-03-28,243.3550793846259
2009-03-29,282.91354549059236
2009-03-30,124.02016081745019
2009-03-31,203.66483508324293
2009-04-01,130.34983809579336
2009-04-02,257.01703780970695
2009-04-03,179.24047632796072
2009-04-04,294.79771042487914
2009-04-05,260.3101878726044
2009-04-06,218.72111876640597
2009-04-07,72.87307052925522
2009-04-08,235.13645714330747
2009-04-09,276.03027182889207
2009-04-10,232.94016449620958
2009-04-11,116.94236887778882
2009-04-12,157.56798611940832
2009-04-13,102.19729279306915
2009-04-14,246.03312481634603
2009-04-15,264.6083677610641
2009-04-16,232.3596828617845
2009-04-17,120.46148334421181
2009-04-18,93.14483053885846
2009-04-19,262.94656333149584
2009-04-20,71.56936206336874
2009-04-21,70.39514728714586
2009-04-22,184.45542469924712
2009-04-23,122.83934586514488
2009-04-24,203.6858074622472
2009-04-25,225.869271229769
2009-04-26,126.73191408019947
2009-04-27,295.37785069938803
2009-04-28,263.237804028241
2009-04-29,128.41398733675186
2009-04-30,77.49026045526587
2009-05-01,73.66968905913505
2009-05-02,97.05589524476689
2009-05-03,81.98992883126492
2009-05-04,180.04263798767914
2009-05-05,210.39829601811658
2009-05-06,152.83692071480175
2009-05-07,276.249296714705
2009-05-08,294.4631474149572
2009-05-09,150.95866158463508
2009-05-10,297.7062745140829
2009-05-11,130.48245868175172
2009-05-12,267.1879574654789
2009-05-13,120.48716594458091
2009-05-14,206.02358292909085
2009-05-15,112.32039388219718
2009-05-16,147.55081938593406
2009-05-17,266.86814528034404
2009-05-18,92.83911333349685
2009-05-19,289.3751472048292
2009-05-20,87.2446721691366
2009-05-21,66.3720498210364
2009-05-22,56.83982930841282
2009-05-23,103.13893416593831
2009-05-24,51.80120129822336
2009-05-25,226.61598275842556
2009-05-26,266.15447764945554
2009-05-27,158.82071010877206
2009-05-28,255.85431602185284
2009-05-29,299.4916657510596
2009-05-30,170.3001117009307
2009-05-31,118.65306346448716
2009-06-01,257.13048248290784
2009-06-02,280.12597940505543
2009-06-03,237.18397256637815
2009-06-04,182.55024882595782
2009-06-05,117.34735741813496
2009-06-06,253.05501621666176
2009-06-07,160.78951344240662
2009-06-08,241.1651170594116
2009-06-09,240.7515705622401
2009-06-10,85.72162663766173
2009-06-11,127.64832013900092
2009-06-12,269.99544468847137
2009-06-13,244.61897488309648
2009-06-14,166.78500954572843
2009-06-15,272.7079550593359
2009-06-16,66.62810288127564
2009-06-17,275.7496971914469
2009-06-18,201.45371471440117
2009-06-19,215.86878786017473
2009-06-20,101.30408350833027
2009-06-21,174.98499021677378
2009-06-22,96.94131876240439
2009-06-23,226.0749089786937
2009-06-24,91.01825039186846
2009-06-25,221.86517260132462
2009-06-26,84.18232096645637
2009-06-27,80.72910128013856
2009-06-28,114.93206915419675
2009-06-29,73.87302702625013
2009-06-30,208.64859492231326
2009-07-01,93.06495717923971
2009-07-02,92.26854402298804
2009-07-03,57.5385428932743
2009-07-04,226.68275162422324
2009-07-05,129.98827338449655
2009-07-06,242.31768312153935
2009-07-07,200.18810435412672
2009-07-08,285.86525711671493
2009-07-09,113.52107113411398
2009-07-10,128.20172332853025
2009-07-11,122.63415396671024
2009-07-12,95.26028250123024
2009-07-13,294.0577935458865
2009-07-14,137.96054495206732
2009-07-15,253.5774139410461
2009-07-16,243.8019682582379
2009-07-17,148.43024488678296
2009-07-18,198.9816413125135
2009-07-19,183.74890235868648
2009-07-20,167.67736387094328
2009-07-21,288.3713405917598
2009-07-22,260.5220583436792
2009-07-23,54.82558989467083
2009-07-24,78.21033373257065
2009-07-25,66.32258604734486
2009-07-26,162.7275337282486
2009-07-27,182.33544186143823
2009-07-28,220.5476570140109
2009-07-29,176.18891996225238
2009-07-30,82.27905042871765
2009-07-31,104.20331579345316
2009-08-01,238.24912482559893
2009-08-02,63.050303263689614
2009-08-03,230.20762477631345
2009-08-04,53.27923414020581
2009-08-05,218.50769715915254
2009-08-06,202.29357999500328
2009-08-07,59.58840069579084
2009-08-08,241.62437101795894
2009-08-09,266.0570272857674
2009-08-10,123.50664331478376
2009-08-11,174.2240190040859
2009-08-12,180.89869691682574
2009-08-13,181.56577974805194
2009-08-14,161.7148690399919
2009-08-15,268.554699906908
2009-08-16,140.7313436060229
2009-08-17,265.74170699020726
2009-08-18,54.0631162592637
2009-08-19,150.7780295926253
2009-08-20,260.3572902674698
2009-08-21,93.63937841676238
2009-08-22,297.0816748458088
2009-08-23,280.22379886235933
2009-08-24,274.5898293717654
2009-08-25,292.8038409068091
2009-08-26,202.90257268779308
2009-08-27,235.23323631889807
2009-08-28,73.43366249706477
2009-08-29,155.24243535889923
2009-08-30,185.11207404988662
2009-08-31,110.44713246866695
2009-09-01,298.32517290830936
2009-09-02,251.48720241352686
2009-09-03,187.0066041638448
2009-09-04,243.70711066727065
2009-09-05,275.9608215609892
2009-09-06,287.2631913189463
2009-09-07,170.8005283763742
2009-09-08,110.81176949892455
2009-09-09,144.96609445747652
2009-09-10,288.09275628226874
2009-09-11,95.06186869701112
2009-09-12,237.79192922929937
2009-09-13,125.39769169100971
2009-09-14,253.96430067719513
2009-09-15,212.47876967180764
2009-09-16,148.73690230958482
2009-09-17,289.8269292956464
2009-09-18,290.3758397616564
2009-09-19,229.69059133404178
2009-09-20,145.01809581129885
2009-09-21,134.86204796846857
2009-09-22,179.825804125869
2009-09-23,243.8262229806225
2009-09-24,250.87056481111756
2009-09-25,204.08225402558895
2009-09-26,178.31143876657444
2009-09-27,111.32888493600339
2009-09-28,215.02515689396114
2009-09-29,203.77325432048178
2009-09-30,283.85866577070607
2009-10-01,255.5096599911334
2009-10-02,231.11254038656742
2009-10-03,177.27968780480606
2009-10-04,81.38959574622125
2009-10-05,249.09497068259356
2009-10-06,238.63988549351575
2009-10-07,162.81540900770153
2009-10-08,174.85815464425025
2009-10-09,233.82073867450663
2009-10-10,257.75395146195183
2009-10-11,234.51390001413927
2009-10-12,215.37150957399248
2009-10-13,273.7161159663714
2009-10-14,296.5628058553483
2009-10-15,248.99978778918
2009-10-16,279.40851228736597
2009-10-17,75.27036572943481
2009-10-18,72.38316064931045
2009-10-19,165.8578904654472
2009-10-20,170.78270035887937
2009-10-21,78.84754244118007
2009-10-22,95.05232570783002
2009-10-23,94.70604145441462
2009-10-24,291.05254013165177
2009-10-25,122.83220197061854
2009-10-26,166.80003842807776
2009-10-27,208.74878260968887
2009-10-28,250.53847619494408
2009-10-29,196.813380787365
2009-10-30,297.5181604857539
2009-10-31,266.4109935294599
2009-11-01,185.78367079926062
2009-11-02,129.79472681743897
2009-11-03,115.09324933057029
2009-11-04,92.85642559378653
2009-11-05,178.90314193967885
2009-11-06,217.13090066074162
2009-11-07,87.7957257181899
2009-11-08,252.7837403999633
2009-11-09,124.31987679415361
2009-11-10,277.3568495731324
2009-11-11,121.08403964550986
2009-11-12,100.28057014829281
2009-11-13,250.42989368773615
2009-11-14,264.9857052022058
2009-11-15,67.23243150372033
2009-11-16,275.47851279978295
2009-11-17,57.42054716794644
2009-11-18,217.49098848643933
2009-11-19,273.1515721133985
2009-11-20,53.613182993986584
2009-11-21,155.15276197654362
2009-11-22,185.62556721739728
2009-11-23,61.67093788447774
2009-11-24,150.91567781884856
2009-11-25,251.87843634281094
2009-11-26,158.02257572086205
2009-11-27,81.33864897471474
2009-11-28,276.3165181540678
2009-11-29,156.25883427596025
2009-11-30,93.76510498584068
2009-12-01,192.74715515609444
2009-12-02,166.26975892259145
2009-12-03,194.03627226984713
2009-12-04,88.7718799617407
2009-12-05,138.2178853880887
2009-12-06,124.13340083149022
2009-12-07,292.4427420930625
2009-12-08,277.3846638432628
2009-12-09,179.65683144045371
2009-12-10,181.7177170517778
2009-12-11,244.22946762693866
2009-12-12,149.33740039600607
2009-12-13,161.045047363849
2009-12-14,159.4528975171475
2009-12-15,289.35156992135006
2009-12-16,108.83610176333221
2009-12-17,150.85667483289308
2009-12-18,297.6330005557386
2009-12-19,221.68445962338808
2009-12-20,235.4279545044152
2009-12-21,189.01304328248077
2009-12-22,280.87719098863636
2009-12-23,182.74091280269712
2009-12-24,168.45537354977336
2009-12-25,271.29912779409966
2009-12-26,269.7118580144623
2009-12-27,115.26374303861296
2009-12-28,215.66585755664403
2009-12-29,180.570730465835
2009-12-30,58.89133123857697
2009-12-31,195.87338282500073
2010-01-01,159.91442867679348
2010-01-02,114.36732194276237
2010-01-03,89.06668617383066
2010-01-04,96.41744465033828
2010-01-05,159.58135209553342
2010-01-06,180.5428070478531
2010-01-07,288.41877223611
2010-01-08,239.77148993741963
2010-01-09,180.68288808427536
2010-01-10,126.99014033108992
2010-01-11,142.08739465258637
2010-01-12,100.55485327282946
2010-01-13,227.13959708682452
2010-01-14,228.41539997578727
2010-01-15,232.41420573907024
2010-01-16,79.90902541290738
2010-01-17,222.83708829189308
2010-01-18,78.13231740606989
2010-01-19,57.38878917751898
2010-01-20,259.3515907250587
2010-01-21,78.97449974975805
2010-01-22,51.810974588322715
2010-01-23,54.31988587739476
2010-01-24,68.48908445473151
2010-01-25,207.60764781183218
2010-01-26,275.33673638439353
2010-01-27,297.88446219753615
2010-01-28,189.79831680899719
2010-01-29,297.4424691021996
2010-01-30,80.54490597041773
2010-01-31,103.05017437869122
2010-02-01,238.23541861895626
2010-02-02,158.90399776287444
2010-02-03,197.45010316527333
2010-02-04,190.350164255942
2010-02-05,225.74327803242406
2010-02-06,250.51147137856253
2010-02-07,64.24964727969771
2010-02-08,193.2949246486015
2010-02-09,163.0544339163019
2010-02-10,227.03526660562005
2010-02-11,258.72812825368294
2010-02-12,112.5639463677039
2010-02-13,71.3656041148248
2010-02-14,110.2507859031254
2010-02-15,133.9287304043773
2010-02-16,153.14384614797007
2010-02-17,171.45081510553797
2010-02-18,227.65346817522598
2010-02-19,126.02681345572343
2010-02-20,180.65389913615118
2010-02-21,288.90685179482557
2010-02-22,260.5058937871249
2010-02-23,253.84915074293798
2010-02-24,138.4458101177248
2010-02-25,60.87787450585545
2010-02-26,228.96637461874306
2010-02-27,90.40153046434509
2010-02-28,105.8857029146621
2010-03-01,267.71168455849795
2010-03-02,162.9108822916356
2010-03-03,241.23187356465596
2010-03-04,272.15515557941103
2010-03-05,250.52710444221412
2010-03-06,209.87608939809803
2010-03-07,282.83299789717364
2010-03-08,277.82446265192436
2010-03-09,104.13993385828938
2010-03-10,265.0122195501749
2010-03-11,129.85065947130312
2010-03-12,132.70853091620535
2010-03-13,56.880963139198755
2010-03-14,106.03695689896593
2010-03-15,256.0163207522055
2010-03-16,278.0939239937123
2010-03-17,177.38234157857823
2010-03-18,120.23897216507449
2010-03-19,162.4886878732514
2010-03-20,103.61532118887621
2010-03-21,270.8841110862585
2010-03-22,226.4809929701632
2010-03-23,156.37782500023906
2010-03-24,98.96768010525884
2010-03-25,220.06685894200177
2010-03-26,295.48857639154596
2010-03-27,285.76019221335775
2010-03-28,141.65482575907697
2010-03-29,289.70399254202385
2010-03-30,77.14467923680877
2010-03-31,148.24866353205786
2010-04-01,275.0975664518292
2010-04-02,232.7090116340979
2010-04-03,214.8769009288693
2010-04-04,237.57456672868477
2010-04-05,158.24358757472328
2010-04-06,153.89712954491264
2010-04-07,144.89034031255963
2010-04-08,295.7826581573878
2010-04-09,52.400032845949944
2010-04-10,197.6933674246315
2010-04-11,181.1119456698853
2010-04-12,63.85340783087616
2010-04-13,271.5080714629572
2010-04-14,203.68569441993816
2010-04-15,290.4781858545249
2010-04-16,186.99973447214285
2010-04-17,61.61861494552577
2010-04-18,118.3371374625504
2010-04-19,276.20901335351175
2010-04-20,83.15125095988641
2010-04-21,116.61475367768641
2010-04-22,261.28737897262107
2010-04-23,177.66508723788945
2010-04-24,227.87338492189295
2010-04-25,220.55206977471673
2010-04-26,284.8250489389296
2010-04-27,292.49703632736043
2010-04-28,287.66469498006916
2010-04-29,94.53436084635595
2010-04-30,285.73843681986295
2010-05-01,166.68891189231343
2010-05-02,76.32884383644577
2010-05-03,133.7659591462123
2010-05-04,253.66798525974147
2010-05-05,88.88521531367766
2010-05-06,75.74120991605821
2010-05-07,211.2477798549584
2010-05-08,295.9096120892626
2010-05-09,65.71055664743986
2010-05-10,297.3460690169451
2010-05-11,155.40745030308923
2010-05-12,75.03182770584192
2010-05-13,201.8435376814242
2010-05-14,62.02569850799526
2010-05-15,120.2400233458137
2010-05-16,249.6504170565033
2010-05-17,250.429930083263
2010-05-18,283.674484655947
2010-05-19,215.87308586242375
2010-05-20,282.7574234125518
2010-05-21,195.55503453321148
2010-05-22,239.154135193064
2010-05-23,151.47263918508787
2010-05-24,235.13418348545648
2010-05-25,282.92708606826596
2010-05-26,131.16661531687157
2010-05-27,123.63191720954987
2010-05-28,60.193167503191795
2010-05-29,176.53376175362592
2010-05-30,156.91240831290256
2010-05-31,106.66993775690955
2010-06-01,109.81298080074771
2010-06-02,182.90215187669645
2010-06-03,121.81755638242274
2010-06-04,213.12551180393788
2010-06-05,230.97244171609756
2010-06-06,134.3087850756774
2010-06-07,207.05089363241356
2010-06-08,289.53260448753974
2010-06-09,234.11335943150803
2010-06-10,221.0804367749673
2010-06-11,102.86623913679908
2010-06-12,293.8995733174916
2010-06-13,149.8254711495299
2010-06-14,265.3162932521933
2010-06-15,194.82984333445265
2010-06-16,125.17760308912011
2010-06-17,85.78435872140875
2010-06-18,162.80098247364757
2010-06-19,191.54778604285917
2010-06-20,146.8962402489763
2010-06-21,104.90041310682706
2010-06-22,57.913097209857945
2010-06-23,298.29672660793983
2010-06-24,244.13692516001382
2010-06-25,152.85297149647124
2010-06-26,291.08130821665645
2010-06-27,183.1376909885192
2010-06-28,226.44087444060472
2010-06-29,142.13655065161385
2010-06-30,262.54316895166585
2010-07-01,283.60558778872894
2010-07-02,100.88007571794702
2010-07-03,279.9841648373209
2010-07-04,264.1429834474494
2010-07-05,82.11753452367682
2010-07-06,153.6535479837951
2010-07-07,292.0347999440213
2010-07-08,206.95099343369822
2010-07-09,61.03981348070027
2010-07-10,235.35842212513447
2010-07-11,154.83154350099414
2010-07-12,123.44995878837138
2010-07-13,200.42253266775595
2010-07-14,222.62340897409894
2010-07-15,262.75318667375507
2010-07-16,186.09103562933925
2010-07-17,205.95632094760958
2010-07-18,187.0069756996122
2010-07-19,110.21583980646713
2010-07-20,88.79590783739445
2010-07-21,142.9485661345788
2010-07-22,232.58147455004274
2010-07-23,160.5681011009188
2010-07-24,298.13597817962847
2010-07-25,166.99550297912668
2010-07-26,240.4633845195522
2010-07-27,85.14065366227995
2010-07-28,108.14925086130826
2010-07-29,290.2118153478972
2010-07-30,133.2025912083226
2010-07-31,267.27544699752593
2010-08-01,50.53738058624192
2010-08-02,124.57799479936308
2010-08-03,187.62233158239192
2010-08-04,256.91041738329534
2010-08-05,51.80814479259042
2010-08-06,101.18369490029161
2010-08-07,243.2669570358838
2010-08-08,293.0461299177554
2010-08-09,56.589657509069255
2010-08-10,63.347108792034376
2010-08-11,185.97263296674757
2010-08-12,251.23940015293553
2010-08-13,243.12445515766126
2010-08-14,149.15768168562076
2010-08-15,189.83341044492704
2010-08-16,65.66275913064914
2010-08-17,227.3698811926088
2010-08-18,230.10608326495046
2010-08-19,81.16827546520207
2010-08-20,185.2273460484002
2010-08-21,287.91503427687525
2010-08-22,108.53511373588296
2010-08-23,270.66667807882266
2010-08-24,91.78991990209633
2010-08-25,180.81373332517256
2010-08-26,270.36448661415227
2010-08-27,244.4166433115585
2010-08-28,209.6325502013333
2010-08-29,111.60156216483415
2010-08-30,148.70378006320408
2010-08-31,91.24554003323368
2010-09-01,152.29376175582735
2010-09-02,146.50927458455345
2010-09-03,124.79742375899387
2010-09-04,282.90513254211567
2010-09-05,88.81178974301761
2010-09-06,154.39971469886805
2010-09-07,261.89417209918827
2010-09-08,77.1963363911922
2010-09-09,132.70214467980986
2010-09-10,175.0509015063465
2010-09-11,175.419913857516
2010-09-12,184.0940927957868
2010-09-13,279.88613868356487
2010-09-14,234.02106031011988
2010-09-15,87.37051841229022
2010-09-16,176.03584674327857
2010-09-17,286.2707230528091
2010-09-18,65.45908868764506
2010-09-19,100.1128768451405
2010-09-20,214.1613496080857
2010-09-21,93.04951986785792
2010-09-22,127.4323414249208
2010-09-23,108.50727042070014
2010-09-24,299.6009204823149
2010-09-25,214.2524049940039
2010-09-26,133.5180461709397
2010-09-27,102.94652160488425
2010-09-28,96.45768470375045
2010-09-29,162.61704904015022
2010-09-30,163.79369585898252
2010-10-01,265.6309040416626
2010-10-02,53.776820921632066
2010-10-03,100.03584206093836
2010-10-04,261.31004980616103
2010-10-05,144.5369216002028
2010-10-06,292.3549953572565
2010-10-07,98.48064335901203
2010-10-08,249.79868372220068
2010-10-09,251.38256712000285
2010-10-10,275.2690144945805
2010-10-11,82.98344460587788
2010-10-12,56.70936237673553
2010-10-13,272.00187128684524
2010-10-14,129.28298395962833
2010-10-15,153.16440909091398
2010-10-16,115.240031276979
2010-10-17,183.29673015399572
2010-10-18,144.00044679555776
2010-10-19,197.34972854975234
2010-10-20,202.44250398845327
2010-10-21,69.03234600699294
2010-10-22,135.0158086063804
2010-10-23,117.43026158858156
2010-10-24,178.67123485053912
2010-10-25,255.65851485453592
2010-10-26,124.94642733372933
2010-10-27,78.00845592098648
2010-10-28,188.81238532852802
2010-10-29,250.94027804961044
2010-10-30,271.57037705941934
2010-10-31,89.57035949329287
2010-11-01,251.41749006124476
2010-11-02,249.1590116195379
2010-11-03,97.60021124253115
2010-11-04,263.7578297509449
2010-11-05,258.7932079709346
2010-11-06,183.91056104580133
2010-11-07,207.55744477783392
2010-11-08,155.93179311482348
2010-11-09,200.99226770716862
2010-11-10,283.3424145659746
2010-11-11,240.18261683328865
2010-11-12,179.6342103973344
2010-11-13,198.61414392281225
2010-11-14,131.56826961700222
2010-11-15,284.01536303781006
2010-11-16,208.81063095914112
2010-11-17,100.8338571793901
2010-11-18,65.38128553730012
2010-11-19,123.98526846343506
2010-11-20,111.46989598184734
2010-11-21,211.80260034413834
2010-11-22,161.99249561572526
2010-11-23,286.2466719514605
2010-11-24,202.48915866863462
2010-11-25,146.10667246195115
2010-11-26,197.75613786779692
2010-11-27,270.6328002630089
2010-11-28,122.1749369631256
2010-11-29,210.69703288964814
2010-11-30,232.5701259472508
2010-12-01,292.2631270767065
2010-12-02,197.86880386405926
2010-12-03,204.70232726180893
2010-12-04,97.70746265257574
2010-12-05,155.15874851588296
2010-12-06,214.21353376769673
2010-12-07,55.649719384755
2010-12-08,149.89181251818502
2010-12-09,281.516345052804
2010-12-10,136.87982918544648
2010-12-11,54.35104918909193
2010-12-12,236.20481553155486
2010-12-13,195.7987964957957
2010-12-14,292.4751241629532
2010-12-15,217.31105940262808
2010-12-16,94.86432257451919
2010-12-17,296.16238012258015
2010-12-18,79.73558229233412
2010-12-19,286.24497273156163
2010-12-20,164.02940403150555
2010-12-21,188.4761842645633
2010-12-22,215.13650999179626
2010-12-23,147.83521686915998
2010-12-24,76.08419009808216
2010-12-25,114.92836546048086
2010-12-26,89.94712531981648
2010-12-27,97.23823810978223
2010-12-28,59.588976434274336
2010-12-29,183.50943614438293
2010-12-30,286.5466989548454
2010-12-31,199.81948673008654
2011-01-01,170.0318075949204
2011-01-02,171.186941591915
2011-01-03,205.58123600905878
2011-01-04,240.00755292029132
2011-01-05,152.03378724088924
2011-01-06,184.48942788490635
2011-01-07,117.73347055504198
2011-01-08,172.02003779053484
2011-01-09,274.2102701523214
2011-01-10,119.54022405816337
2011-01-11,264.8754676083056
2011-01-12,244.85904388849593
2011-01-13,246.70593806935352
2011-01-14,133.16671982274926
2011-01-15,77.71910270157235
2011-01-16,248.70186888349826
2011-01-17,86.43229245076255
2011-01-18,218.61558646861633
2011-01-19,193.56205253521847
2011-01-20,66.76919470391607
2011-01-21,73.80379828361198
2011-01-22,247.9840939503413
2011-01-23,130.7380309037652
2011-01-24,229.3816162248267
2011-01-25,201.04061195324442
2011-01-26,171.24093730097718
2011-01-27,210.69971031913977
2011-01-28,117.86280405289122
2011-01-29,62.60284210817639
2011-01-30,258.5532626951798
2011-01-31,133.19866256325685
2011-02-01,284.7967370700095
2011-02-02,126.23507663872358
2011-02-03,280.7779958825769
2011-02-04,149.50263112964882
2011-02-05,206.76591561148527
2011-02-06,66.88171455366563
2011-02-07,52.65096034158607
2011-02-08,269.2287123856231
2011-02-09,218.46400173980336
2011-02-10,179.1702667610032
2011-02-11,110.08145480450911
2011-02-12,208.37116598987325
2011-02-13,248.4538522673713
2011-02-14,114.521701815482
2011-02-15,84.31129913429106
2011-02-16,211.99699211976008
2011-02-17,172.86545495588274
2011-02-18,257.02537182946946
2011-02-19,270.16911411677825
2011-02-20,87.40905363381636
2011-02-21,230.09318793257532
2011-02-22,207.2212770711412
2011-02-23,178.87989855284619
2011-02-24,182.70493623993153
2011-02-25,284.5175069124368
2011-02-26,132.5703704061013
2011-02-27,148.97136696890442
2011-02-28,128.9552581255426
2011-03-01,211.04505295981508
2011-03-02,138.07469101961067
2011-03-03,246.81929727938711
2011-03-04,143.21763319887938
2011-03-05,178.9483744574889
2011-03-06,163.60401977771693
2011-03-07,194.45675014659318
2011-03-08,60.641244476300606
2011-03-09,50.09957128900112
2011-03-10,159.0438005487888
2011-03-11,169.21898762430123
2011-03-12,236.56489226690246
2011-03-13,265.13731222775255
2011-03-14,145.54112086322297
2011-03-15,93.3738593309885
2011-03-16,181.54789584436259
2011-03-17,143.95855841759766
2011-03-18,291.7928315158183
2011-03-19,80.6520009874251
2011-03-20,103.18733429562295
2011-03-21,183.5401148002512
2011-03-22,139.08010334226796
2011-03-23,221.74593633286474
2011-03-24,158.6541375101794
2011-03-25,291.7706270454463
2011-03-26,160.59840369432789
2011-03-27,56.95786345302782
2011-03-28,291.3081308110196
2011-03-29,233.67653649705156
2011-03-30,161.98422956051238
2011-03-31,278.75804474658776
2011-04-01,193.78564111166284
2011-04-02,225.0030984407243
2011-04-03,126.66794337560192
2011-04-04,144.94670618778315
2011-04-05,185.22286023771116
2011-04-06,211.55659991000354
2011-04-07,84.13159504873448
2011-04-08,63.8195566600828
2011-04-09,119.66802575680781
2011-04-10,298.79363529306295
2011-04-11,221.52983137366817
2011-04-12,293.47940868922524
2011-04-13,141.5283018175752
2011-04-14,120.24177603313072
2011-04-15,261.36070379328305
2011-04-16,224.2090614053069
2011-04-17,192.57514879757773
2011-04-18,111.29233509006795
2011-04-19,179.5418145879
2011-04-20,98.97627557497214
2011-04-21,180.11193544745714
2011-04-22,109.77084135401512
2011-04-23,143.0843905854573
2011-04-24,131.07991742818393
2011-04-25,213.11570046570975
2011-04-26,172.3280321865181
2011-04-27,57.145893444682386
2011-04-28,231.64550433725728
2011-04-29,297.11539596403503
2011-04-30,140.7853723065061
2011-05-01,148.7779445748165
2011-05-02,262.4432839609483
2011-05-03,217.55373129734306
2011-05-04,236.51849416262206
2011-05-05,158.15005745661352
2011-05-06,168.21980467107403
2011-05-07,74.4132559145618
2011-05-08,152.60355934145545
2011-05-09,84.64385666305938
2011-05-10,283.53066593571225
2011-05-11,246.47961317421914
2011-05-12,218.9371073569314
2011-05-13,84.2204845430919
2011-05-14,125.26339326453882
2011-05-15,73.87503470443036
2011-05-16,128.10128753767947
2011-05-17,203.16820008193486
2011-05-18,162.16437303447526
2011-05-19,207.9539497525404
2011-05-20,167.63677924602322
2011-05-21,101.88507039886372
2011-05-22,284.8084440696966
2011-05-23,124.47495557898698
2011-05-24,292.4877264652328
2011-05-25,180.55810234922168
2011-05-26,204.09070606735003
2011-05-27,166.97171800475053
2011-05-28,274.60479194786853
2011-05-29,206.76290106017177
2011-05-30,126.95832334947606
2011-05-31,162.04865039265655
2011-06-01,89.20846744067109
2011-06-02,192.81408228166288
2011-06-03,283.4529863034229
2011-06-04,59.21595212453585
2011-06-05,265.77093763964956
2011-06-06,86.65138524011196
2011-06-07,64.37533614111469
2011-06-08,239.461535012116
2011-06-09,245.93096214987602
2011-06-10,275.72059815216915
2011-06-11,126.92305890254316
2011-06-12,104.23384010313201
2011-06-13,157.6561559826591
2011-06-14,66.75723357291022
2011-06-15,110.66259219134702
2011-06-16,86.35704824645666
2011-06-17,135.40260016026775
2011-06-18,255.6477444782952
2011-06-19,261.8631285515693
2011-06-20,71.14385703161756
2011-06-21,223.98025028090453
2011-06-22,290.7392298580047
2011-06-23,197.55969877768547
2011-06-24,210.4834277449689
2011-06-25,149.13245961148277
2011-06-26,235.52469195149925
2011-06-27,79.61403698564433
2011-06-28,137.26037234979447
2011-06-29,114.42964737104256
2011-06-30,211.11186425729971
2011-07-01,269.3960265269547
2011-07-02,224.35248256079169
2011-07-03,298.2962528052511
2011-07-04,252.33598536640216
2011-07-05,85.86166470740699
2011-07-06,212.00673196145647
2011-07-07,145.5605897339217
2011-07-08,257.5852339806137
2011-07-09,208.8325864664847
2011-07-10,144.12909483475664
2011-07-11,171.86285438894788
2011-07-12,222.30532224480416
2011-07-13,114.07182946017458
2011-07-14,84.83862941871979
2011-07-15,99.77082541734666
2011-07-16,82.85354752749417
2011-07-17,222.03818314825622
2011-07-18,115.64178993270492
2011-07-19,250.48694717175024
2011-07-20,294.4770216141198
2011-07-21,133.3444057136033
2011-07-22,123.98040820084046
2011-07-23,157.45048314795338
2011-07-24,240.85553101674932
2011-07-25,176.6166781855374
2011-07-26,150.74077675880892
2011-07-27,269.4232159078708
2011-07-28,124.63852191865824
2011-07-29,209.52002756419685
2011-07-30,281.05251213380166
2011-07-31,69.58805379117173
2011-08-01,115.51035104846248
2011-08-02,195.6305297835645
2011-08-03,61.255012760774676
2011-08-04,124.02380944770681
2011-08-05,50.10415096334468
2011-08-06,221.94304671351583
2011-08-07,127.72042565590526
2011-08-08,173.6346535172051
2011-08-09,135.08788459278992
2011-08-10,77.97488995447051
2011-08-11,210.55689307320952
2011-08-12,184.41016693345335
2011-08-13,163.85997687330854
2011-08-14,87.28840975690429
2011-08-15,134.40235731640485
2011-08-16,110.31802643447023
2011-08-17,281.23668905390105
2011-08-18,185.81619928268162
2011-08-19,168.51534663251093
2011-08-20,183.24207444430954
2011-08-21,142.86916886555434
2011-08-22,183.00318636720922
2011-08-23,187.13741657066834
2011-08-24,159.46363223611885
2011-08-25,293.18881834691257
2011-08-26,204.79230140922584
2011-08-27,162.1786154249276
2011-08-28,180.2966304044695
2011-08-29,71.94402892113447
2011-08-30,117.19336524216732
2011-08-31,233.0249629048334
2011-09-01,164.93658440026434
2011-09-02,189.1186747674633
2011-09-03,165.33955103845193
2011-09-04,161.51241689789168
2011-09-05,141.11128073289228
2011-09-06,152.84015177372333
2011-09-07,133.5026256036737
2011-09-08,177.76320526056912
2011-09-09,288.0455491067223
2011-09-10,253.4032984768501
2011-09-11,50.003124801746104
2011-09-12,56.03044278323586
2011-09-13,112.94826943862067
2011-09-14,251.99213515381717
2011-09-15,189.18609015013928
2011-09-16,77.74012611497965
2011-09-17,258.38173657471225
2011-09-18,122.91026510807363
2011-09-19,112.94253365759138
2011-09-20,272.9823463829317
2011-09-21,232.93102000715157
2011-09-22,88.96883455662072
2011-09-23,109.96913728896615
2011-09-24,288.1552848309815
2011-09-25,290.8914867685811
2011-09-26,82.06244308799758
2011-09-27,241.15025151806393
2011-09-28,71.47892845815113
2011-09-29,150.5042535813717
2011-09-30,68.18137399698497
2011-10-01,213.51257688751505
2011-10-02,136.2043041787386
2011-10-03,124.10311947887313
2011-10-04,252.294965071113
2011-10-05,98.98568213766919
2011-10-06,212.45883147850012
2011-10-07,186.60197513279653
2011-10-08,259.6624492520608
2011-10-09,193.97327498741336
2011-10-10,299.56983789125326
2011-10-11,67.6778615002291
2011-10-12,147.1922242494134
2011-10-13,155.3854498914559
2011-10-14,88.17634784170482
2011-10-15,65.75284646285832
2011-10-16,95.7503661892878
2011-10-17,89.17356521522055
2011-10-18,270.6950330556952
2011-10-19,296.0288420795039
2011-10-20,190.11981080144938
2011-10-21,103.64838876834884
2011-10-22,286.8965934659885
2011-10-23,179.98493333888084
2011-10-24,73.1959652454791
2011-10-25,257.92181743824835
2011-10-26,236.7523841313086
2011-10-27,273.9746769316188
2011-10-28,205.55728094142881
2011-10-29,126.5386108310876
2011-10-30,101.03922842343292
2011-10-31,159.95943732557373
2011-11-01,178.8219555485385
2011-11-02,84.57584480528736
2011-11-03,262.5408774364922
2011-11-04,270.74266550757136
2011-11-05,192.38052886632008
2011-11-06,196.75631357585436
2011-11-07,69.770371358042
2011-11-08,253.865797321602
2011-11-09,168.05284172404052
2011-11-10,248.3809152474948
2011-11-11,127.4124443644825
2011-11-12,269.0791967434444
2011-11-13,150.53604419268396
2011-11-14,225.0313384579051
2011-11-15,189.3715048101865
2011-11-16,257.6213862458586
2011-11-17,254.99961066304976
2011-11-18,278.5117316719818
2011-11-19,278.88838478133596
2011-11-20,50.02601220144313
2011-11-21,51.22767984374908
2011-11-22,290.726115583577
2011-11-23,75.52393426730256
2011-11-24,67.88573450832712
2011-11-25,292.89229235289326
2011-11-26,161.3765948311015
2011-11-27,85.14890021385034
2011-11-28,237.1605504992866
2011-11-29,274.1872099430038
2011-11-30,177.68111706365897
2011-12-01,202.6380757421985
2011-12-02,186.96330288713338
2011-12-03,200.93908714088232
2011-12-04,102.77872094712734
2011-12-05,239.2887650053565
2011-12-06,76.78025187705987
2011-12-07,259.5670993805877
2011-12-08,89.6037704794746
2011-12-09,291.8582036759799
2011-12-10,170.30445691983812
2011-12-11,265.36406061267314
2011-12-12,230.27875940809895
2011-12-13,196.6391106266473
2011-12-14,211.61491660860602
2011-12-15,76.31560738983052
2011-12-16,154.63169691193053
2011-12-17,218.21456428087683
2011-12-18,218.66167031021695
2011-12-19,211.9088167014135
2011-12-20,168.32335451995237
2011-12-21,121.92714702307876
2011-12-22,58.641095233080875
2011-12-23,235.20243429876797
2011-12-24,84.91869553173125
2011-12-25,201.97320522306416
2011-12-26,229.5730319646246
2011-12-27,94.44127831587855
2011-12-28,251.249892382931
2011-12-29,54.38199223006278
2011-12-30,111.86707058502472
2011-12-31,153.67793910439264
2012-01-01,56.66632396160402
2012-01-02,257.6212954034921
2012-01-03,285.4293314428551
2012-01-04,292.22525696423384
2012-01-05,276.15892429454533
2012-01-06,263.27821552552325
2012-01-07,140.05542334333603
2012-01-08,209.82114241895889
2012-01-09,65.72366989750523
2012-01-10,57.126437411095395
2012-01-11,52.27018776006585
2012-01-12,136.0124098024492
2012-01-13,189.24043046020995
2012-01-14,141.49597402746303
2012-01-15,118.05521710196224
2012-01-16,115.50048985835122
2012-01-17,239.6622830275382
2012-01-18,248.15710213950825
2012-01-19,77.18666897213873
2012-01-20,296.0194202655519
2012-01-21,98.31867298930209
2012-01-22,120.84867990554636
2012-01-23,262.0966433198529
2012-01-24,217.44090381562697
2012-01-25,89.79461509607648
2012-01-26,221.60033690391887
2012-01-27,51.735995406837304
2012-01-28,102.52693202504685
2012-01-29,117.32975873908761
2012-01-30,220.04713357628478
2012-01-31,62.899951929659785
2012-02-01,87.17108075075024
2012-02-02,287.0200741247668
2012-02-03,194.07875043059067
2012-02-04,59.95769613168454
2012-02-05,197.64110434844426
2012-02-06,97.7652157175836
2012-02-07,259.67048777091287
2012-02-08,196.88097666028466
2012-02-09,134.53244012458802
2012-02-10,82.7388640050536
2012-02-11,262.2001427466687
2012-02-12,112.76753978989927
2012-02-13,209.65510361590495
2012-02-14,159.01985810789023
2012-02-15,160.2203245580997
2012-02-16,190.2484376557802
2012-02-17,130.58793948580927
2012-02-18,212.81508222468923
2012-02-19,283.69796461039135
2012-02-20,136.3923066150971
2012-02-21,191.58457650153798
2012-02-22,226.98776560484177
2012-02-23,244.82630557840255
2012-02-24,232.25056531117502
2012-02-25,109.42152253269126
2012-02-26,125.58170464547173
2012-02-27,196.55994849766762
2012-02-28,292.99506681320304
2012-02-29,133.1753657920675
2012-03-01,146.94374137666162
2012-03-02,67.49653951263319
2012-03-03,79.51125181191978
2012-03-04,235.99956227226917
2012-03-05,250.50191344818657
2012-03-06,244.41987084894902
2012-03-07,172.85560899225553
2012-03-08,246.88756830637197
2012-03-09,126.05404880967525
2012-03-10,186.92083932645326
2012-03-11,185.04387696193515
2012-03-12,165.25993498823206
2012-03-13,141.6441088294998
2012-03-14,252.60965756456355
2012-03-15,117.64195012426532
2012-03-16,174.89956041920325
2012-03-17,177.35336611474725
2012-03-18,115.50379398588949
2012-03-19,210.2830381144737
2012-03-20,142.14202551033526
2012-03-21,243.11192029712197
2012-03-22,271.9153404126563
2012-03-23,241.65565739988264
2012-03-24,55.793890047553816
2012-03-25,227.20752907343942
2012-03-26,110.94042556021759
2012-03-27,63.92525733965036
2012-03-28,55.23744991556213
2012-03-29,233.6865968423533
2012-03-30,220.58523795737125
2012-03-31,239.78636650786473
2012-04-01,143.9261700895235
2012-04-02,86.32680801288801
2012-04-03,107.67805292845088
2012-04-04,282.2427203316904
2012-04-05,227.3597488543807
2012-04-06,144.1648685367033
2012-04-07,120.86349861760482
2012-04-08,80.24251066902556
2012-04-09,172.32711366539536
2012-04-10,278.4896203293951
2012-04-11,259.819450943377
2012-04-12,206.554255693925
2012-04-13,187.29735243526048
2012-04-14,80.64298254876385
2012-04-15,144.71653768430392
2012-04-16,283.87691969486315
2012-04-17,224.30812111065364
2012-04-18,114.93800107066869
2012-04-19,86.71530468621664
2012-04-20,81.87230332434422
2012-04-21,110.9026671271245
2012-04-22,203.0364575031496
2012-04-23,168.8537436565165
2012-04-24,68.4485966058249
2012-04-25,116.65639618385715
2012-04-26,53.31547378772526
2012-04-27,98.64908267620113
2012-04-28,281.48335011043173
2012-04-29,233.85793502067145
2012-04-30,122.5289591818612
2012-05-01,228.94657242904864
2012-05-02,220.27551440639357
2012-05-03,92.5052371342338
2012-05-04,150.19024965191585
2012-05-05,65.98555098326412
2012-05-06,141.0799993044401
2012-05-07,205.8369329831645
2012-05-08,141.17491309326738
2012-05-09,73.33446996085512
2012-05-10,214.30187661363254
2012-05-11,194.11915516810544
2012-05-12,143.21687824001864
2012-05-13,170.98724488217604
2012-05-14,147.92049202488295
2012-05-15,225.5107689751419
2012-05-16,116.6956584496458
2012-05-17,182.21878248109206
2012-05-18,217.3803906299907
2012-05-19,182.2998635146606
2012-05-20,61.18740611477156
2012-05-21,70.51513116810807
2012-05-22,236.44769642858992
2012-05-23,135.25511076042164
2012-05-24,120.8615623568209
2012-05-25,153.52002053217097
2012-05-26,229.00459181930154
2012-05-27,252.5698621205591
2012-05-28,107.57672228606569
2012-05-29,270.18595023076386
2012-05-30,105.56766873071805
2012-05-31,261.3849489730236
2012-06-01,221.2306793198468
2012-06-02,228.7931557894173
2012-06-03,279.8695538247447
2012-06-04,214.21735679733843
2012-06-05,163.45534994872986
2012-06-06,115.5305644455382
2012-06-07,120.61549295740707
2012-06-08,204.825781472777
2012-06-09,234.94584959935202
2012-06-10,217.87609615107664
2012-06-11,226.43688699907173
2012-06-12,273.67049993925656
2012-06-13,107.41127252387403
2012-06-14,127.83408909201212
2012-06-15,291.9937817678304
2012-06-16,129.37241404669095
2012-06-17,171.40588787056413
2012-06-18,266.02318217386255
2012-06-19,117.33336148892225
2012-06-20,209.14494564971895
2012-06-21,190.01236468750793
2012-06-22,215.38668007641658
2012-06-23,117.45179509681893
2012-06-24,165.61821208770635
2012-06-25,282.9058473266164
2012-06-26,285.35123904202334
2012-06-27,71.90651532626225
2012-06-28,114.28106129956629
2012-06-29,290.055551492462
2012-06-30,196.47373694886852
2012-07-01,215.60687920126793
2012-07-02,292.81721027116987
2012-07-03,162.79272236958076
2012-07-04,285.87709698107074
2012-07-05,193.24438453207816
2012-07-06,79.85509073851087
2012-07-07,55.837933029525146
2012-07-08,209.25414768147957
2012-07-09,56.143151595567446
2012-07-10,65.3755874978164
2012-07-11,146.2995438502729
2012-07-12,264.1348250822112
2012-07-13,116.23128039151585
2012-07-14,133.30042615062814
2012-07-15,267.13025090367586
2012-07-16,136.6726251421103
2012-07-17,157.56485420920438
2012-07-18,165.32011052871206
2012-07-19,94.7350532668396
2012-07-20,237.17214942804006
2012-07-21,242.11182099269033
2012-07-22,220.59470645890704
2012-07-23,157.1800304444049
2012-07-24,155.46467834669147
2012-07-25,138.60220677042327
2012-07-26,203.16000320551558
2012-07-27,224.35614458243046
2012-07-28,244.4150031327203
2012-07-29,170.4360195902338
2012-07-30,77.65643285855643
2012-07-31,92.9317030284493
2012-08-01,85.50404498681453
2012-08-02,227.26123744863247
2012-08-03,54.85418027558426
2012-08-04,234.14698811516593
2012-08-05,271.8893580710177
2012-08-06,215.97458226224
2012-08-07,123.27181869256472
2012-08-08,63.17390623703435
2012-08-09,119.93172389681351
2012-08-10,185.07056186354095
2012-08-11,257.0284492111443
2012-08-12,248.1204730328239
2012-08-13,193.53701252283378
2012-08-14,111.9636008455386
2012-08-15,207.71695372841776
2012-08-16,206.93701886541015
2012-08-17,135.8909344026023
2012-08-18,152.6128930280495
2012-08-19,158.12439000205976
2012-08-20,109.79654854940719
2012-08-21,186.54946294507607
2012-08-22,158.5445174658915
2012-08-23,205.0983482344911
2012-08-24,276.47958628063566
2012-08-25,100.98602033382326
2012-08-26,293.5676397179325
2012-08-27,133.5282973559598
2012-08-28,192.56463042822642
2012-08-29,155.5907412528731
2012-08-30,158.38314398759667
2012-08-31,212.37735466083737
2012-09-01,97.67648044573019
2012-09-02,261.5838362291669
2012-09-03,227.7727766400895
2012-09-04,176.67449990307466
2012-09-05,292.07410913983426
2012-09-06,80.26433927497766
2012-09-07,56.754818373286646
2012-09-08,56.27139086610134
2012-09-09,193.61678137958106
2012-09-10,243.72348110593543
2012-09-11,165.75765992604715
2012-09-12,224.67347281844206
2012-09-13,79.04127318220893
2012-09-14,241.43619330463918
2012-09-15,199.639966281897
2012-09-16,168.25777669291762
2012-09-17,122.13873712675544
2012-09-18,185.56844086157875
2012-09-19,285.4184782992364
2012-09-20,243.75650612716177
2012-09-21,152.43533394771703
2012-09-22,104.28011008534605
2012-09-23,112.15555136686126
2012-09-24,65.8869806044979
2012-09-25,103.67132612346148
2012-09-26,184.22317585328386
2012-09-27,74.82619054065266
2012-09-28,243.32679328438172
2012-09-29,205.69644066499512
2012-09-30,137.13289877284416
2012-10-01,222.4697627101463
2012-10-02,212.47796090157087
2012-10-03,124.62516221474047
2012-10-04,285.0394719436392
2012-10-05,271.5569090699689
2012-10-06,295.8839503479837
2012-10-07,105.77989682437962
2012-10-08,160.1035903347701
2012-10-09,211.1428222915988
2012-10-10,222.38657337948135
2012-10-11,98.10995414319638
2012-10-12,81.52458311063072
2012-10-13,60.85200359495897
2012-10-14,190.57510724864656
2012-10-15,158.7231195760216
2012-10-16,77.27836815461401
2012-10-17,162.72420873414114
2012-10-18,110.47216234199578
2012-10-19,83.1256511708828
2012-10-20,155.8182523552527
2012-10-21,214.17399826300618
2012-10-22,278.8019144021547
2012-10-23,177.2857617010919
2012-10-24,121.61617071026119
2012-10-25,291.21689763353584
2012-10-26,77.64827999772285
2012-10-27,180.80384675824158
2012-10-28,97.87814685402489
2012-10-29,289.01047051635055
2012-10-30,291.8205613966287
2012-10-31,99.07741422890678
2012-11-01,142.34355295425308
2012-11-02,117.67629149866342
2012-11-03,208.22109078942455
2012-11-04,113.98869959174093
2012-11-05,131.75126333469467
2012-11-06,152.10390097554915
2012-11-07,118.10521587625328
2012-11-08,229.02247903570037
2012-11-09,52.09783218002838
2012-11-10,166.5663606110275
2012-11-11,191.34402427610428
2012-11-12,131.26914624444697
2012-11-13,170.09564720835243
2012-11-14,244.38118246646533
2012-11-15,115.28822436825286
2012-11-16,153.53649380908251
2012-11-17,66.13134980207839
2012-11-18,66.11447291898926
2012-11-19,92.07259116180306
2012-11-20,278.1034733039403
2012-11-21,270.95229618369376
2012-11-22,59.708620713580444
2012-11-23,50.79887019655548
2012-11-24,135.59979053342917
2012-11-25,90.64125268423876
2012-11-26,273.87548696247336
2012-11-27,93.04261760715569
2012-11-28,62.968169790572134
2012-11-29,139.65162733808808
2012-11-30,190.78792373794593
2012-12-01,182.52521475718984
2012-12-02,277.6276823038871
2012-12-03,101.17323709579402
2012-12-04,112.80288492235402
2012-12-05,297.69234589034636
2012-12-06,189.95342123754637
2012-12-07,122.77598301911125
2012-12-08,66.35619183116668
2012-12-09,62.28341846221548
2012-12-10,138.1166793916704
2012-12-11,243.76947087531389
2012-12-12,90.7315360122151
2012-12-13,276.35682233389343
2012-12-14,150.81801349808745
2012-12-15,276.419959286953
2012-12-16,234.86738047534172
2012-12-17,128.3772774926913
2012-12-18,94.81111262405082
2012-12-19,186.17895664578802
2012-12-20,188.55434602010902
2012-12-21,82.7674324948666
2012-12-22,164.0412407693006
2012-12-23,56.31067534202096
2012-12-24,80.10745263335696
2012-12-25,125.10102280868189
2012-12-26,180.81847773142857
2012-12-27,94.49486275534284
2012-12-28,61.48334853060199
2012-12-29,266.18945398298274
2012-12-30,296.17049483612544
2012-12-31,215.37036326972807
2013-01-01,280.8625646999027
2013-01-02,174.1812213040147
2013-01-03,243.75162829395114
2013-01-04,177.9414448169731
2013-01-05,205.95735064699846
2013-01-06,290.1083863744391
2013-01-07,54.44143648144835
2013-01-08,278.77699381422417
2013-01-09,163.99089938803218
2013-01-10,197.54621635257405
2013-01-11,266.30608758594315
2013-01-12,241.49862377280496
2013-01-13,73.05579480622188
2013-01-14,225.33745388191426
2013-01-15,101.06064236187902
2013-01-16,276.6674968457673
2013-01-17,261.64944142690405
2013-01-18,197.41412564338046
2013-01-19,219.2217060055772
2013-01-20,232.85230284872463
2013-01-21,105.98027732936767
2013-01-22,218.15764113832395
2013-01-23,166.78183888254728
2013-01-24,253.4583145874199
2013-01-25,277.4725161359298
2013-01-26,235.4605076143028
2013-01-27,277.8927154844981
2013-01-28,206.76725297245122
2013-01-29,114.33501286776865
2013-01-30,217.895049934758
2013-01-31,245.4890044082101
2013-02-01,165.7661624098181
2013-02-02,86.63677831364924
2013-02-03,132.12176797310974
2013-02-04,169.46874476634522
2013-02-05,233.43283932193148
2013-02-06,91.00419900421824
2013-02-07,192.3767325172548
2013-02-08,171.90650673817595
2013-02-09,64.05245712959407
2013-02-10,235.0492369061296
2013-02-11,294.51092217952726
2013-02-12,206.8606415675564
2013-02-13,107.67809666586493
2013-02-14,289.23640108676636
2013-02-15,88.45848418347883
2013-02-16,289.07161200310105
2013-02-17,169.00912425439554
2013-02-18,126.93535931494064
2013-02-19,291.0528011694569
2013-02-20,50.707187039700855
2013-02-21,173.13921697087636
2013-02-22,115.01401888840968
2013-02-23,159.70678330966402
2013-02-24,220.3745571210957
2013-02-25,265.639341360937
2013-02-26,125.55008428455268
2013-02-27,89.6017007013125
2013-02-28,58.24651601736015
2013-03-01,162.75679379740365
2013-03-02,282.4774767510068
2013-03-03,218.50185586175894
2013-03-04,191.66696417086143
2013-03-05,199.73473929900865
2013-03-06,207.66689198065538
2013-03-07,85.35624805452429
2013-03-08,232.90399314179467
2013-03-09,111.21222128517368
2013-03-10,187.94000955741973
2013-03-11,146.4806843643566
2013-03-12,69.86478326584734
2013-03-13,83.11693824346227
2013-03-14,185.6568697404335
2013-03-15,110.30597285725811
2013-03-16,117.77717215740262
2013-03-17,160.07029458112856
2013-03-18,246.95297853988652
2013-03-19,108.27853817421516
2013-03-20,75.8360965172412
2013-03-21,214.31814575012368
2013-03-22,124.8591201424103
2013-03-23,108.75659115967213
2013-03-24,137.9685454524943
2013-03-25,129.852949490217
2013-03-26,113.38158927954873
2013-03-27,95.43646465878909
2013-03-28,143.59551335757493
2013-03-29,292.7247435394182
2013-03-30,168.68750025779465
2013-03-31,157.12163718359818
2013-04-01,141.8021877606708
2013-04-02,122.13434465442276
2013-04-03,293.31103179338993
2013-04-04,281.5155032518644
2013-04-05,151.87950166885798
2013-04-06,92.96512858817283
2013-04-07,231.61956738270226
2013-04-08,122.00954386365497
2013-04-09,163.92254277913938
2013-04-10,242.8730233155817
2013-04-11,169.6288696740744
2013-04-12,119.824650101003
2013-04-13,72.68276839707536
2013-04-14,69.67557905903038
2013-04-15,250.40968951390656
2013-04-16,185.04171731860365
2013-04-17,152.21881870033323
2013-04-18,53.29898526679323
2013-04-19,291.8199027922549
2013-04-20,176.3137520330685
2013-04-21,73.62230491550754
2013-04-22,276.5200334165736
2013-04-23,117.02629279276113
2013-04-24,266.96288588097485
2013-04-25,239.3690238803881
2013-04-26,166.8417641571687
2013-04-27,80.3899984012512
2013-04-28,95.65761292253467
2013-04-29,91.9332482866743
2013-04-30,87.05887663455925
2013-05-01,99.88427071667981
2013-05-02,68.81776026081444
2013-05-03,80.4070959902648
2013-05-04,224.435176563242
2013-05-05,279.7060880889609
2013-05-06,132.7233727243486
2013-05-07,265.97069507255515
2013-05-08,117.64751483799708
2013-05-09,82.19086721456027
2013-05-10,161.1818936410563
2013-05-11,168.31996267479593
2013-05-12,291.7667401674165
2013-05-13,242.34334501605133
2013-05-14,235.44073913027964
2013-05-15,61.898827364482
2013-05-16,297.4986714166967
2013-05-17,125.87315407995612
2013-05-18,206.21898834397575
2013-05-19,76.54305197772186
2013-05-20,147.87712469133623
2013-05-21,113.36524690771364
2013-05-22,199.40399291415952
2013-05-23,299.07243569022444
2013-05-24,224.80204383371887
2013-05-25,87.75982758876603
2013-05-26,114.6191027848912
2013-05-27,291.98706345040705
2013-05-28,214.75210930534664
2013-05-29,224.7005169130092
2013-05-30,71.29832398835788
2013-05-31,186.04374572695187
2013-06-01,108.79763081117106
2013-06-02,286.90308611975263
2013-06-03,118.77886554998699
2013-06-04,255.27034319252323
2013-06-05,153.19727129012944
2013-06-06,106.36481920675047
2013-06-07,103.71837176821006
2013-06-08,263.7848228438038
2013-06-09,234.96149900228326
2013-06-10,180.4235602391715
2013-06-11,243.3254006151082
2013-06-12,122.60041278387821
2013-06-13,171.2927517223811
2013-06-14,119.39790490049033
2013-06-15,92.85383802211268
2013-06-16,120.02507558748205
2013-06-17,260.2551790625539
2013-06-18,243.7835894315791
2013-06-19,195.3624807634334
2013-06-20,211.03106369094783
2013-06-21,258.0988325749831
2013-06-22,262.1775682586161
2013-06-23,102.23359786844884
2013-06-24,184.90968077985713
2013-06-25,62.252352980155756
2013-06-26,227.90773144442008
2013-06-27,144.78617823860418
2013-06-28,63.6020449599209
2013-06-29,64.76215578717202
2013-06-30,295.3082206195746
2013-07-01,184.7467283931974
2013-07-02,98.17613481171512
2013-07-03,222.96255727625982
2013-07-04,211.02422470772558
2013-07-05,258.22376295187934
2013-07-06,285.66534948317326
2013-07-07,138.10571533645467
2013-07-08,181.2882862788843
2013-07-09,296.4526808770171
2013-07-10,234.6205036060039
2013-07-11,260.58839208680456
2013-07-12,170.19258636075497
2013-07-13,110.55555871639328
2013-07-14,192.74268044089158
2013-07-15,135.1585307056147
2013-07-16,162.2737960590644
2013-07-17,196.84974884271836
2013-07-18,53.91864948415208
2013-07-19,198.01510329522497
2013-07-20,83.4374105676147
2013-07-21,194.98227204649436
2013-07-22,172.80724824317818
2013-07-23,235.1178050876556
2013-07-24,145.04464432318076
2013-07-25,293.7513360659689
2013-07-26,254.27640714006205
2013-07-27,200.6707085741573
2013-07-28,253.43204919416667
2013-07-29,206.06852887330254
2013-07-30,263.5473006612714
2013-07-31,157.68728595528856
2013-08-01,160.60237549491006
2013-08-02,220.96881744661283
2013-08-03,97.72724791246134
2013-08-04,176.0739365846334
2013-08-05,266.24949935413207
2013-08-06,282.9110888149618
2013-08-07,151.28112836533535
2013-08-08,213.00938073977642
2013-08-09,151.6298284358602
2013-08-10,62.6354100439349
2013-08-11,81.47167061201328
2013-08-12,95.2742050693567
2013-08-13,100.80964871631156
2013-08-14,210.3350731645001
2013-08-15,64.12082950386755
2013-08-16,288.96460283622184
2013-08-17,234.87472781185355
2013-08-18,182.4060169958574
2013-08-19,201.7331752413072
2013-08-20,52.70347282521233
2013-08-21,241.1203044198165
2013-08-22,153.79664313951884
2013-08-23,269.52421601183585
2013-08-24,248.70656863526867
2013-08-25,132.13197289239025
2013-08-26,106.3297593871852
2013-08-27,228.56707329890034
2013-08-28,221.24312109291282
2013-08-29,221.24332053927282
2013-08-30,198.1453878298299
2013-08-31,86.7410034355889
2013-09-01,226.97752022669377
2013-09-02,268.0880397372458
2013-09-03,51.02896688551182
2013-09-04,90.86235485645126
2013-09-05,272.68052019141805
2013-09-06,204.80204070000985
2013-09-07,74.02713347224814
2013-09-08,89.82401696337098
2013-09-09,160.28680293894195
2013-09-10,92.79706428900715
2013-09-11,198.67451579498885
2013-09-12,77.41748162563279
2013-09-13,257.2313403885415
2013-09-14,82.61818197654381
2013-09-15,98.64914567674734
2013-09-16,242.7716195073977
2013-09-17,286.903145144039
2013-09-18,210.0538979440097
2013-09-19,125.10695896276646
2013-09-20,222.66420221932327
2013-09-21,292.8892566732487
2013-09-22,64.55352421110156
2013-09-23,124.91387188315305
2013-09-24,126.33827410781608
2013-09-25,297.6304616565917
2013-09-26,157.6044205399165
2013-09-27,266.7645549339007
2013-09-28,171.63508745257212
2013-09-29,229.71771877074306
2013-09-30,56.51564048213476
2013-10-01,299.7475349706823
2013-10-02,154.94128562680964
2013-10-03,258.9781796912904
2013-10-04,97.50748953408657
2013-10-05,250.5065896120195
2013-10-06,153.46921135687182
2013-10-07,249.34298003069725
2013-10-08,176.87738799644328
2013-10-09,183.08452654479572
2013-10-10,153.94227611279143
2013-10-11,178.59240634705654
2013-10-12,185.36493160713047
2013-10-13,223.70755971341993
2013-10-14,282.3984846013093
2013-10-15,111.43400053979033
2013-10-16,221.82280421012115
2013-10-17,227.2678846686847
2013-10-18,227.38452872713455
2013-10-19,222.71611985426574
2013-10-20,132.9704468514995
2013-10-21,176.47332825445875
2013-10-22,91.77192765288554
2013-10-23,104.96270060393027
2013-10-24,132.6754807231631
2013-10-25,252.62918627502026
2013-10-26,74.87566241859513
2013-10-27,93.35525944282676
2013-10-28,217.42049352649866
2013-10-29,254.6764608823056
2013-10-30,153.87699634789072
2013-10-31,154.05522987979242
2013-11-01,187.97777637053053
2013-11-02,171.4750079389738
2013-11-03,298.37739153663415
2013-11-04,62.001480444840006
2013-11-05,90.43401928944746
2013-11-06,261.71218495483396
2013-11-07,274.6520284102472
2013-11-08,264.355477032948
2013-11-09,130.62274648987864
2013-11-10,129.4765906185229
2013-11-11,248.42391580536318
2013-11-12,139.69891914315562
2013-11-13,203.04770052559965
2013-11-14,204.11597150123862
2013-11-15,224.81711276712085
2013-11-16,131.73439783251894
2013-11-17,185.50202486127313
2013-11-18,115.80456787586483
2013-11-19,100.10343857519305
2013-11-20,298.9462219524993
2013-11-21,153.37821724022595
2013-11-22,150.4686492515236
2013-11-23,88.4578996700907
2013-11-24,108.91647856713331
2013-11-25,297.61126231573405
2013-11-26,81.06068182424407
2013-11-27,181.24876073598148
2013-11-28,60.93069623537965
2013-11-29,213.95300565110202
2013-11-30,179.60859908665122
2013-12-01,134.768453943066
2013-12-02,73.52155921979183
2013-12-03,73.16684757551313
2013-12-04,166.09051740229228
2013-12-05,108.41737898523586
2013-12-06,200.00499973880943
2013-12-07,227.93441128814294
2013-12-08,80.16438359013496
2013-12-09,86.1156861371564
2013-12-10,182.90751900571877
2013-12-11,217.16788508957765
2013-12-12,207.09456885515925
2013-12-13,95.26775429758843
2013-12-14,71.08215922052983
2013-12-15,57.67897395155484
2013-12-16,114.87905606030256
2013-12-17,219.6189777147199
2013-12-18,190.97805860257128
2013-12-19,148.4376312573222
2013-12-20,282.1550656931804
2013-12-21,228.4688407086931
2013-12-22,140.708161429243
2013-12-23,158.02708725801202
2013-12-24,226.05954390777927
2013-12-25,240.04482074739914
2013-12-26,59.860917994085085
2013-12-27,233.864925097314
2013-12-28,291.1813509017055
2013-12-29,132.8348170146229
2013-12-30,263.0464003519139
2013-12-31,172.59008372208723
2014-01-01,265.48621588485736
2014-01-02,180.28866502421775
2014-01-03,115.66066537111729
2014-01-04,121.66854331761827
2014-01-05,244.4117803774564
2014-01-06,130.23552449181688
2014-01-07,104.20126505084777
2014-01-08,66.36746228689353
2014-01-09,132.76753267043227
2014-01-10,277.92921613884766
2014-01-11,148.36850163794466
2014-01-12,57.85222909206368
2014-01-13,73.85777974813746
2014-01-14,284.71421408022275
2014-01-15,236.76299294460034
2014-01-16,282.84071727633966
2014-01-17,204.02696294840783
2014-01-18,225.35979708738896
2014-01-19,229.8764317401618
2014-01-20,134.26212867392024
2014-01-21,289.7245036034899
2014-01-22,191.5639024247106
2014-01-23,275.2938302123528
2014-01-24,213.3232761349177
2014-01-25,265.31289386158267
2014-01-26,204.67465016620972
2014-01-27,133.0563761786139
2014-01-28,150.2747039075222
2014-01-29,182.1426541126887
2014-01-30,141.74742632601158
2014-01-31,142.65704045976702
2014-02-01,129.5695312210103
2014-02-02,283.5010112569688
2014-02-03,268.85853226667973
2014-02-04,177.70507065133637
2014-02-05,182.97100244472622
2014-02-06,257.84168317651785
2014-02-07,224.376861130075
2014-02-08,193.40995362659328
2014-02-09,184.5130134347443
2014-02-10,221.91743752221623
2014-02-11,164.9382107096739
2014-02-12,120.4702085902022
2014-02-13,93.0713769610403
2014-02-14,187.41373972111344
2014-02-15,227.29279565225832
2014-02-16,74.2190196907027
2014-02-17,216.4664364886026
2014-02-18,251.77908529993567
2014-02-19,297.54061005528104
2014-02-20,111.53991269934545
2014-02-21,262.3640021474022
2014-02-22,68.46046582769532
2014-02-23,118.68349339510033
2014-02-24,69.04008837246079
2014-02-25,250.90522393497147
2014-02-26,200.14923831692536
2014-02-27,283.53306920902025
2014-02-28,228.46798416338274
2014-03-01,262.17582623275655
2014-03-02,174.04871404655228
2014-03-03,276.68576944683394
2014-03-04,152.93099971382316
2014-03-05,281.1481720304058
2014-03-06,237.4284974781842
2014-03-07,276.0765433809354
2014-03-08,162.8698093141623
2014-03-09,277.9446951521715
2014-03-10,107.25138953315806
2014-03-11,131.92308735123862
2014-03-12,173.58920793122522
2014-03-13,283.9586110397712
2014-03-14,84.20016960851672
2014-03-15,149.57630168094198
2014-03-16,238.93609752268236
2014-03-17,196.23725187016893
2014-03-18,153.9451795161459
2014-03-19,272.31168616660864
2014-03-20,255.94583960445044
2014-03-21,246.33743819276768
2014-03-22,297.56052844607166
2014-03-23,262.8267344991308
2014-03-24,295.93946857176593
2014-03-25,132.45467068171888
2014-03-26,70.42884710374513
2014-03-27,127.75339144415958
2014-03-28,216.82854402398846
2014-03-29,154.34788537695627
2014-03-30,289.51468507321545
2014-03-31,147.88791144151497
2014-04-01,278.71876106907973
2014-04-02,137.5057714814286
2014-04-03,252.19196041662101
2014-04-04,236.8238681112497
2014-04-05,142.69440718803116
2014-04-06,243.9013156222505
2014-04-07,52.439362676339705
2014-04-08,76.5490694416876
2014-04-09,198.69193010508423
2014-04-10,234.6077195227257
2014-04-11,254.10940978074444
2014-04-12,221.47335570106566
2014-04-13,199.43902437718
2014-04-14,119.65219505241372
2014-04-15,180.74134526847683
2014-04-16,150.7219513813937
2014-04-17,83.53469616574922
2014-04-18,115.58478412924302
2014-04-19,258.00397608682454
2014-04-20,132.8269631493377
2014-04-21,215.76938952496096
2014-04-22,268.57665743303255
2014-04-23,125.59736583692259
2014-04-24,275.75920983912295
2014-04-25,173.99039944684134
2014-04-26,175.91528276485474
2014-04-27,116.1984760581956
2014-04-28,269.10270832061815
2014-04-29,191.21925523064226
2014-04-30,110.64952920510838
2014-05-01,192.3029951769988
2014-05-02,270.29898551744236
2014-05-03,250.19897293593394
2014-05-04,226.20334447669592
2014-05-05,93.59649120588435
2014-05-06,214.42414239119537
2014-05-07,240.60774542773987
2014-05-08,216.56818393767136
2014-05-09,97.39585072744096
2014-05-10,66.33956903298048
2014-05-11,257.9106662821465
2014-05-12,204.14160526866388
2014-05-13,115.88627060117867
2014-05-14,63.3806185521195
2014-05-15,277.47558850366386
2014-05-16,205.19353227764003
2014-05-17,239.52756771222226
2014-05-18,263.62850087738263
2014-05-19,283.52958464444885
2014-05-20,282.1297008516002
2014-05-21,252.08727545711633
2014-05-22,59.08327000457099
2014-05-23,70.7794427948021
2014-05-24,143.86334254062177
2014-05-25,248.37245464201027
2014-05-26,280.6554505221531
2014-05-27,279.78041583755004
2014-05-28,86.68262428695269
2014-05-29,124.18775494078164
2014-05-30,268.5308860680857
2014-05-31,67.10482495740254
2014-06-01,183.06236426585576
2014-06-02,298.86568123465383
2014-06-03,85.72784212240131
2014-06-04,280.7042384776728
2014-06-05,253.13035734842893
2014-06-06,257.2756420075792
2014-06-07,104.44693855204792
2014-06-08,115.16003958303718
2014-06-09,240.44851973288758
2014-06-10,205.17527859528946
2014-06-11,262.69070889033185
2014-06-12,66.01675132367367
2014-06-13,80.53506218035531
2014-06-14,296.77926963889263
2014-06-15,199.172043872223
2014-06-16,107.48483156918915
2014-06-17,76.43122051166205
2014-06-18,56.85751458087616
2014-06-19,265.1915649193055
2014-06-20,245.61776296178087
2014-06-21,81.64065067422428
2014-06-22,193.2949084266409
2014-06-23,218.0545695056373
2014-06-24,231.44237909333503
2014-06-25,115.28771050091551
2014-06-26,170.47439367303792
2014-06-27,230.58625965199545
2014-06-28,146.1085790462144
2014-06-29,67.47134110010163
2014-06-30,258.8273507820309
2014-07-01,159.44680695202965
2014-07-02,170.11658061395576
2014-07-03,53.99429600786447
2014-07-04,50.91643192043883
2014-07-05,271.70443705188814
2014-07-06,247.19920612515696
2014-07-07,127.15251119158151
2014-07-08,214.17368563195572
2014-07-09,255.49971911203323
2014-07-10,127.45839867547299
2014-07-11,83.51953308776007
2014-07-12,252.96135482632081
2014-07-13,152.69205809527105
2014-07-14,135.43261171330187
2014-07-15,223.9642466404914
2014-07-16,212.55083967232295
2014-07-17,64.34363139821471
2014-07-18,237.69198512371108
2014-07-19,80.91349155617876
2014-07-20,63.62821816658999
2014-07-21,172.16469893011455
2014-07-22,169.98060442043885
2014-07-23,248.89681373357476
2014-07-24,206.7395526878828
2014-07-25,53.92129221950616
2014-07-26,138.95182832938522
2014-07-27,206.45750342683525
2014-07-28,227.27476841081005
2014-07-29,213.4937234613189
2014-07-30,173.18235595173232
2014-07-31,53.22482324482976
2014-08-01,81.18211365203832
2014-08-02,114.66108146742386
2014-08-03,104.61544163759731
2014-08-04,254.18116794856354
2014-08-05,266.605992645795
2014-08-06,209.72403724254815
2014-08-07,110.60864301294168
2014-08-08,51.35448822238046
2014-08-09,153.42778169295337
2014-08-10,213.7592196186031
2014-08-11,76.59640617906362
2014-08-12,236.63681421979186
2014-08-13,59.82204315255664
2014-08-14,242.1062383222938
2014-08-15,254.7807884612474
2014-08-16,159.14700405599845
2014-08-17,156.2422499969715
2014-08-18,138.34925215380008
2014-08-19,223.3331818177515
2014-08-20,111.24352454171873
2014-08-21,113.28750236041117
2014-08-22,258.3750820435065
2014-08-23,177.3715213835619
2014-08-24,133.38682250682416
2014-08-25,97.32226225794753
2014-08-26,205.3961208678212
2014-08-27,164.54125921941838
2014-08-28,154.1018606737447
2014-08-29,230.03754552541486
2014-08-30,251.68965173901407
2014-08-31,163.32924254560027
2014-09-01,267.11130955193596
2014-09-02,246.62437056273166
2014-09-03,69.43380796817809
2014-09-04,66.1724120043262
2014-09-05,183.97743583774482
2014-09-06,117.30281564594767
2014-09-07,61.278403098854525
2014-09-08,122.75408351451671
2014-09-09,74.36475171459506
2014-09-10,236.81461247783994
2014-09-11,174.8832932569962
2014-09-12,280.0951403580147
2014-09-13,133.47673835631505
2014-09-14,284.60272571707026
2014-09-15,143.12252959111493
2014-09-16,193.58243975051312
2014-09-17,205.66780836732065
2014-09-18,280.6063485639988
2014-09-19,54.94344344454292
2014-09-20,187.74525174946746
2014-09-21,298.0129615231499
2014-09-22,191.26332738699236
2014-09-23,235.39965556824052
2014-09-24,69.62737775995501
2014-09-25,265.8195596840369
2014-09-26,211.86492431340207
2014-09-27,299.78117815329347
2014-09-28,155.66659563406512
2014-09-29,203.36908055247324
2014-09-30,181.412318881103
2014-10-01,192.09473652286815
2014-10-02,137.252557267328
2014-10-03,60.24790993104405
2014-10-04,226.2323548792789
2014-10-05,283.8372397508978
2014-10-06,207.53292659405676
2014-10-07,75.39825407057006
2014-10-08,197.7618623110133
2014-10-09,224.42734011901752
2014-10-10,204.46558976017872
2014-10-11,106.33643947589064
2014-10-12,108.45685321914837
2014-10-13,76.26445121577851
2014-10-14,228.45946999028658
2014-10-15,157.8579780196772
2014-10-16,157.47307856335775
2014-10-17,180.65147678639414
2014-10-18,219.5701803069559
2014-10-19,112.82158670797344
2014-10-20,84.50184521709232
2014-10-21,164.39535945135782
2014-10-22,249.57965681636196
2014-10-23,96.14735004327827
2014-10-24,121.43379176370091
2014-10-25,73.47661652470111
2014-10-26,159.2969724447314
2014-10-27,275.32252537613465
2014-10-28,72.87226008762482
2014-10-29,189.72860530993984
2014-10-30,256.8136301386346
2014-10-31,187.098399537737
2014-11-01,188.60314917042925
2014-11-02,68.29327387412458
2014-11-03,290.9466169358162
2014-11-04,128.51248005647318
2014-11-05,244.28010641216756
2014-11-06,229.663966459555
2014-11-07,247.01302446622765
2014-11-08,283.0725578970395
2014-11-09,160.17881329370644
2014-11-10,187.41367798215765
2014-11-11,136.5171282666533
2014-11-12,85.37894232163838
2014-11-13,199.10000938394077
2014-11-14,211.71905430386576
2014-11-15,113.4698277971277
2014-11-16,164.0199305857967
2014-11-17,260.19015098484203
2014-11-18,286.6550874059601
2014-11-19,233.4813607611574
2014-11-20,114.36726805892067
2014-11-21,111.47555625683032
2014-11-22,215.36788375671063
2014-11-23,224.3785905966817
2014-11-24,52.91871231843949
2014-11-25,237.1124361435059
2014-11-26,183.98097115716686
2014-11-27,50.334102730135236
2014-11-28,212.58589499698692
2014-11-29,143.33596621309363
2014-11-30,156.5605499810431
2014-12-01,58.65160762411585
2014-12-02,136.03293009657412
2014-12-03,154.25621391384522
2014-12-04,128.3673540734188
2014-12-05,278.7584016238586
2014-12-06,234.67856808635887
2014-12-07,251.4098526820939
2014-12-08,126.24198461550446
2014-12-09,197.59349407204678
2014-12-10,89.92713875501464
2014-12-11,125.3487715752465
2014-12-12,259.1329741052688
2014-12-13,180.8309822045793
2014-12-14,230.6401925442372
2014-12-15,296.34553938045315
2014-12-16,59.68510532909714
2014-12-17,219.59800333221324
2014-12-18,295.9229232966486
2014-12-19,200.7570234970492
2014-12-20,124.34404546947665
2014-12-21,125.8157251940745
2014-12-22,218.0718284345202
2014-12-23,280.92146996796737
2014-12-24,112.51338895448077
2014-12-25,214.20987747827502
2014-12-26,58.09451867806349
2014-12-27,174.14336771175888
2014-12-28,284.49679327629497
2014-12-29,246.92834691702865
2014-12-30,169.3101693765832
2014-12-31,114.718263450224
2015-01-01,64.34208898856751
2015-01-02,293.57422921395926
2015-01-03,206.9366127109912
2015-01-04,184.183811780357
2015-01-05,241.99629146616613
2015-01-06,107.42480408465825
2015-01-07,146.37720709970233
2015-01-08,122.98178318320414
2015-01-09,143.47035455461824
2015-01-10,187.8504549766125
2015-01-11,52.65856913149612
2015-01-12,55.37711615256695
2015-01-13,246.41874235792676
2015-01-14,227.74096927558247
2015-01-15,137.7109627727652
2015-01-16,276.3946125372993
2015-01-17,166.16942839370475
2015-01-18,155.74823110426715
2015-01-19,299.4825937892623
2015-01-20,92.08169403065351
2015-01-21,277.2268760862303
2015-01-22,59.42885043854763
2015-01-23,111.25863369999331
2015-01-24,163.0725945388789
2015-01-25,297.47747621166593
2015-01-26,241.525551583438
2015-01-27,190.69355559920518
2015-01-28,83.41090352109939
2015-01-29,290.9491816614791
2015-01-30,97.5298130774141
2015-01-31,142.51880996915676
2015-02-01,249.52575930671182
2015-02-02,237.61894689338538
2015-02-03,269.28287368942915
2015-02-04,279.73818541873305
2015-02-05,76.53089378965018
2015-02-06,95.99659128857559
2015-02-07,272.41440786999726
2015-02-08,204.6579110118962
2015-02-09,227.75102024643775
2015-02-10,243.6735465301744
2015-02-11,125.23596881418231
2015-02-12,110.4338875030299
2015-02-13,137.05088367551343
2015-02-14,198.4946920580154
2015-02-15,86.52731611865511
2015-02-16,130.92795045083108
2015-02-17,171.07222287466317
2015-02-18,64.2587562883957
2015-02-19,185.68243369892767
2015-02-20,242.7070646138814
2015-02-21,265.15109711644504
2015-02-22,135.02531439095202
2015-02-23,180.10960974474332
2015-02-24,185.2084816159158
2015-02-25,234.109710398672
2015-02-26,249.56341782860454
2015-02-27,129.87543781465794
2015-02-28,165.26954471465552
2015-03-01,285.0418578117376
2015-03-02,143.56684215511098
2015-03-03,72.20838334188616
2015-03-04,112.10494578479685
2015-03-05,204.9189804712227
2015-03-06,186.80730474505444
2015-03-07,280.5950023077505
2015-03-08,94.59033412859495
2015-03-09,92.70495648533682
2015-03-10,73.54563025918952
2015-03-11,68.84859767965466
2015-03-12,61.02461372267863
2015-03-13,113.73371006829376
2015-03-14,251.93432119388459
2015-03-15,58.33320804230658
2015-03-16,143.319631391673
2015-03-17,119.24846140707879
2015-03-18,128.69069273998
2015-03-19,104.58010195074687
2015-03-20,278.9316746978718
2015-03-21,229.3123097525144
2015-03-22,145.8533867828032
2015-03-23,282.73138234735717
2015-03-24,208.23287692153676
2015-03-25,84.95717722982467
2015-03-26,232.3690614105899
2015-03-27,78.36493024064532
2015-03-28,164.67848005141545
2015-03-29,297.33607539817
2015-03-30,126.95113850356245
2015-03-31,88.08694471907612
2015-04-01,152.20590619137093
2015-04-02,283.5844771210106
2015-04-03,184.80876259342733
2015-04-04,282.4577532652422
2015-04-05,292.8744799034398
2015-04-06,185.89583621060638
2015-04-07,238.93844484157836
2015-04-08,262.0768277105146
2015-04-09,177.69874681943716
2015-04-10,83.29428979714844
2015-04-11,131.45272385706792
2015-04-12,288.21472847387804
2015-04-13,241.68502791555107
2015-04-14,246.3449381701139
2015-04-15,85.47543603673148
2015-04-16,118.92160359090505
2015-04-17,90.41699842940477
2015-04-18,91.80034615781719
2015-04-19,163.91313297455704
2015-04-20,189.27591362990114
2015-04-21,239.1868540756109
2015-04-22,103.99074336614329
2015-04-23,94.66138040801981
2015-04-24,96.19466294850625
2015-04-25,89.56686000452359
2015-04-26,164.17821296414309
2015-04-27,256.76552636521467
2015-04-28,194.68520440943652
2015-04-29,101.91672667844036
2015-04-30,218.7861590719283
2015-05-01,272.3952328511102
2015-05-02,160.04310533846635
2015-05-03,281.8442328771316
2015-05-04,207.01571584282345
2015-05-05,139.23857272563657
2015-05-06,138.98691579755
2015-05-07,153.05333641052954
2015-05-08,236.41969357914172
2015-05-09,122.65404400052184
2015-05-10,258.8891249321356
2015-05-11,69.65682040908831
2015-05-12,207.64974919604145
2015-05-13,117.4822857633914
2015-05-14,255.3652915968897
2015-05-15,176.80327908357896
2015-05-16,221.63891075679152
2015-05-17,245.35122398707324
2015-05-18,171.4082924452517
2015-05-19,194.14955259758665
2015-05-20,217.04358628924567
2015-05-21,268.49867820845617
2015-05-22,53.97086213199038
2015-05-23,226.91234402084584
2015-05-24,230.4952128529163
2015-05-25,232.80207449776645
2015-05-26,286.3179564131282
2015-05-27,167.9943618234421
2015-05-28,283.4094048359169
2015-05-29,165.44279302794263
2015-05-30,98.16144095875768
2015-05-31,123.18758310441522
2015-06-01,115.44520716793706
2015-06-02,152.89209092220085
2015-06-03,219.02226472865718
2015-06-04,107.88639976873463
2015-06-05,60.04869524361576
2015-06-06,279.76853994631784
2015-06-07,291.78789183927773
2015-06-08,164.9633865636289
2015-06-09,163.9601295209909
2015-06-10,59.9636576174606
2015-06-11,129.02592987168694
2015-06-12,227.3046463639807
2015-06-13,219.5602771937549
2015-06-14,221.56815556465483
2015-06-15,289.36594596817713
2015-06-16,147.3059612992431
2015-06-17,107.73485529857389
2015-06-18,183.4428396027164
2015-06-19,145.41114740525376
2015-06-20,280.11072339819225
2015-06-21,246.84762825168698
2015-06-22,99.85280541500842
2015-06-23,77.40054977121036
2015-06-24,257.3948656508618
2015-06-25,74.2096653957509
2015-06-26,220.7696367424821
2015-06-27,184.91750173351758
2015-06-28,292.5536950250031
2015-06-29,237.50129314048357
2015-06-30,178.71333040893884
2015-07-01,250.93935730493823
2015-07-02,288.33531415721063
2015-07-03,138.5001260644131
2015-07-04,179.65322689181792
2015-07-05,174.6133155047582
2015-07-06,210.8229586787261
2015-07-07,298.83340182983704
2015-07-08,163.4354904239623
2015-07-09,242.82768835030234
2015-07-10,134.87727004035338
2015-07-11,124.20985137914995
2015-07-12,166.48510121405616
2015-07-13,81.23957327845415
2015-07-14,149.15354719025962
2015-07-15,153.6626634134039
2015-07-16,189.08225685242755
2015-07-17,295.8190638004488
2015-07-18,270.50149179869953
2015-07-19,176.47096345617263
2015-07-20,281.8892796602153
2015-07-21,174.16710400443816
2015-07-22,269.62690973076724
2015-07-23,127.77590342694634
2015-07-24,133.01931188200948
2015-07-25,271.150931878185
2015-07-26,166.2842287815546
2015-07-27,274.04813502281934
2015-07-28,198.28718964000498
2015-07-29,115.11170690362577
2015-07-30,74.57459486258503
2015-07-31,160.77548884664714
2015-08-01,161.28873353725652
2015-08-02,178.92412999776494
2015-08-03,291.41348102251675
2015-08-04,246.23062469612535
2015-08-05,265.0467264647905
2015-08-06,284.95834320128426
2015-08-07,182.52134193515485
2015-08-08,278.7798602747141
2015-08-09,159.3631282885425
2015-08-10,221.8986068828197
2015-08-11,255.9625580875678
2015-08-12,220.7110439331897
2015-08-13,280.76160239042486
2015-08-14,69.56743484939508
2015-08-15,53.219900105489586
2015-08-16,212.90473375979474
2015-08-17,246.80135040851175
2015-08-18,181.8127654480257
2015-08-19,240.92361462540376
2015-08-20,70.39687813108048
2015-08-21,257.8268146394514
2015-08-22,159.7650065602764
2015-08-23,251.9864396812416
2015-08-24,180.24196378292885
2015-08-25,122.43058640881355
2015-08-26,194.05367226990072
2015-08-27,277.1774319482601
2015-08-28,137.38877637365488
2015-08-29,53.2242683002782
2015-08-30,298.6034857698254
2015-08-31,272.765058371298
2015-09-01,119.22049135935731
2015-09-02,108.61354611005149
2015-09-03,151.4377363382273
2015-09-04,207.452924282515
2015-09-05,113.63849348673534
2015-09-06,147.9828059555856
2015-09-07,247.56324999923606
2015-09-08,164.07827322140466
2015-09-09,277.4451902106746
2015-09-10,59.20689275645181
2015-09-11,56.27626019336669
2015-09-12,87.73832832176288
2015-09-13,73.56895208445192
2015-09-14,261.88607118842646
2015-09-15,133.70418216764253
2015-09-16,185.4932565214094
2015-09-17,261.3169890833021
2015-09-18,52.56430990847198
2015-09-19,146.66567307286005
2015-09-20,115.52075510245788
2015-09-21,139.18062914827502
2015-09-22,233.99322961852667
2015-09-23,92.20001852144483
2015-09-24,211.0148330228388
2015-09-25,168.77120096791572
2015-09-26,141.269612972637
2015-09-27,79.94515737490094
2015-09-28,100.75855226431281
2015-09-29,143.61733239493304
2015-09-30,144.92149482873884
2015-10-01,228.38497019278387
2015-10-02,93.92727419696268
2015-10-03,145.649536744406
2015-10-04,269.934161435918
2015-10-05,278.288643332783
2015-10-06,194.98839773859737
2015-10-07,268.1991215493299
2015-10-08,74.23494915260932
2015-10-09,237.41621196857352
2015-10-10,209.26313746047876
2015-10-11,83.08736486215999
2015-10-12,220.64672869197517
2015-10-13,89.94902775702067
2015-10-14,290.3803171246627
2015-10-15,176.825722412919
2015-10-16,255.26288612678007
2015-10-17,243.52887155903028
2015-10-18,151.8936755619299
2015-10-19,118.80031014097435
2015-10-20,266.72763471517885
2015-10-21,72.4405535339614
2015-10-22,242.6744001058311
2015-10-23,135.69193718785613
2015-10-24,221.0175788578674
2015-10-25,125.12841738660677
2015-10-26,101.62898234546074
2015-10-27,244.1436976020669
2015-10-28,199.46416465823245
2015-10-29,209.94513574500155
2015-10-30,117.31363751055055
2015-10-31,168.2814429442593
2015-11-01,159.4985835868315
2015-11-02,68.56202209443424
2015-11-03,273.0977375283109
2015-11-04,103.19000058949952
2015-11-05,54.02183230445474
2015-11-06,296.3025819031311
2015-11-07,175.13597491330182
2015-11-08,271.22224706885333
2015-11-09,63.607692140628544
2015-11-10,186.09084313057255
2015-11-11,85.83213237483284
2015-11-12,242.78287890562473
2015-11-13,188.23220136163306
2015-11-14,184.94673251737973
2015-11-15,212.22351843017282
2015-11-16,290.0046693783986
2015-11-17,245.7640463373728
2015-11-18,164.85477088298418
2015-11-19,234.19183109517093
2015-11-20,85.45613085029758
2015-11-21,247.22815425688253
2015-11-22,218.0192565617739
2015-11-23,224.74188026729362
2015-11-24,93.53597880580473
2015-11-25,227.68301896044102
2015-11-26,229.43474376201019
2015-11-27,148.77148683760151
2015-11-28,62.761007543587525
2015-11-29,290.09367776262275
2015-11-30,286.52792801452654
2015-12-01,127.12871348314665
2015-12-02,72.65476089394814
2015-12-03,175.53226521643762
2015-12-04,53.16578644046453
2015-12-05,83.15711713799222
2015-12-06,53.109479085459775
2015-12-07,194.28860328450776
2015-12-08,179.7031119585651
2015-12-09,65.45326291159319
2015-12-10,272.03624464662994
2015-12-11,73.41129128009462
2015-12-12,275.2017200571113
2015-12-13,124.48921358441687
2015-12-14,98.38104878373662
2015-12-15,51.68031400173993
2015-12-16,237.17980844462863
2015-12-17,115.70846353301496
2015-12-18,245.99634921252166
2015-12-19,152.388862371686
2015-12-20,170.39118082822324
2015-12-21,69.61318814944485
2015-12-22,291.19382812005847
2015-12-23,136.9048803868818
2015-12-24,117.49265570952286
2015-12-25,168.64124596849462
2015-12-26,283.8402417397223
2015-12-27,186.18916386513993
2015-12-28,153.51847567390803
2015-12-29,94.73544830737697
2015-12-30,233.06160897389924
2015-12-31,120.59022614440744
2016-01-01,55.834453817787356
2016-01-02,276.73420016183996
2016-01-03,170.69132757166244
2016-01-04,260.0859429126952
2016-01-05,55.28184575959298
2016-01-06,230.03439447443506
2016-01-07,268.5339958254518
2016-01-08,50.30320445311191
2016-01-09,151.92365560224482
2016-01-10,100.63511796215255
2016-01-11,57.236037357449185
2016-01-12,69.7195454050797
2016-01-13,299.6737579931673
2016-01-14,112.50718714165934
2016-01-15,217.49165430261223
2016-01-16,141.42861977116678
2016-01-17,170.07762682834542
2016-01-18,231.60393805909797
2016-01-19,221.4964172582428
2016-01-20,253.05762794665253
2016-01-21,287.9283657505714
2016-01-22,242.3188511230411
2016-01-23,211.67002953490837
2016-01-24,164.43917935447178
2016-01-25,208.2576464099093
2016-01-26,73.70033530569151
2016-01-27,176.8211089586049
2016-01-28,184.62083625039466
2016-01-29,275.4956072606527
2016-01-30,161.50039131527603
2016-01-31,155.0225693061961
2016-02-01,68.24854070787127
2016-02-02,76.10332363631646
2016-02-03,51.34706690890801
2016-02-04,174.37482402957585
2016-02-05,255.4177886753205
2016-02-06,81.21297966978487
2016-02-07,239.89755625312029
2016-02-08,272.0396478830545
2016-02-09,197.85940413415372
2016-02-10,139.86786449105912
2016-02-11,256.44268433780985
2016-02-12,203.7619648092379
2016-02-13,233.86722805691954
2016-02-14,251.48688184959718
2016-02-15,146.5212092927394
2016-02-16,183.8144661907743
2016-02-17,72.91147684654382
2016-02-18,187.1654559750091
2016-02-19,298.46322361220746
2016-02-20,187.87339546773978
2016-02-21,285.46431280049654
2016-02-22,105.89656088503526
2016-02-23,232.37154464661126
2016-02-24,253.90423541533465
2016-02-25,145.00080084999104
2016-02-26,224.0085101820789
2016-02-27,266.0235816806419
2016-02-28,174.54064865699036
2016-02-29,204.68758809145967
2016-03-01,287.1105737036993
2016-03-02,72.3783483499331
2016-03-03,222.87423689379756
2016-03-04,107.49677126990392
2016-03-05,82.0618383434528
2016-03-06,100.2396744620425
2016-03-07,182.6731036685799
2016-03-08,130.73641268779164
2016-03-09,138.13866537730092
2016-03-10,289.86407234073505
2016-03-11,114.7176479275856
2016-03-12,108.74018354063237
2016-03-13,150.82673407744335
2016-03-14,170.84615873286793
2016-03-15,291.0916696085315
2016-03-16,104.55396779941881
2016-03-17,229.16910973806176
2016-03-18,145.39706327483324
2016-03-19,173.32821704536252
2016-03-20,56.06726029655694
2016-03-21,233.98277491407052
2016-03-22,231.85345280929698
2016-03-23,106.1115518545763
2016-03-24,51.85407571463733
2016-03-25,190.29691896392396
2016-03-26,271.17761279887225
2016-03-27,275.23413688641483
2016-03-28,179.67675732472043
2016-03-29,269.569267915305
2016-03-30,90.22457200275525
2016-03-31,120.4935236538874
2016-04-01,196.6855484585674
2016-04-02,99.1099580312214
2016-04-03,183.12324790657325
2016-04-04,187.03599219044153
2016-04-05,265.5094901907555
2016-04-06,264.56696066843136
2016-04-07,166.1443470841088
2016-04-08,263.157241206141
2016-04-09,223.26073339416098
2016-04-10,94.54623196116117
2016-04-11,235.59537064705893
2016-04-12,289.34829507507277
2016-04-13,92.24667340507517
2016-04-14,144.93046785072096
2016-04-15,263.7369198630472
2016-04-16,63.72243373452051
2016-04-17,280.04709169473404
2016-04-18,119.16164549967351
2016-04-19,69.6737598208484
2016-04-20,219.7505390423352
2016-04-21,190.75498255456944
2016-04-22,239.803284180818
2016-04-23,103.51989666294344
2016-04-24,113.39076901093685
2016-04-25,57.26151389535948
2016-04-26,91.39621157113197
2016-04-27,266.3189852891136
2016-04-28,170.4282350143091
2016-04-29,217.9789280904381
2016-04-30,108.13812790091293
2016-05-01,277.4009952555533
2016-05-02,257.575276095752
2016-05-03,67.98632698530089
2016-05-04,150.1545754869933
2016-05-05,151.6433511401184
2016-05-06,294.1653335432634
2016-05-07,77.08454666148127
2016-05-08,169.59602872494605
2016-05-09,129.6927643171519
2016-05-10,131.57664264817038
2016-05-11,231.60761637065204
2016-05-12,231.72743013833679
2016-05-13,169.6547863992193
2016-05-14,241.84886825528793
2016-05-15,296.7582792222155
2016-05-16,297.0374850390866
2016-05-17,59.037461348802125
2016-05-18,151.30828107513307
2016-05-19,219.570301152007
2016-05-20,286.43997996442795
2016-05-21,267.1853011339894
2016-05-22,205.25650868413132
2016-05-23,291.76910403039557
2016-05-24,192.91064893701034
2016-05-25,108.10922656118069
2016-05-26,165.8299835228318
2016-05-27,274.8815095739511
2016-05-28,208.99145057910005
2016-05-29,223.46909306004878
2016-05-30,260.88437139860275
2016-05-31,101.7811430214156
2016-06-01,79.13596633958366
2016-06-02,104.00593306315979
2016-06-03,288.7358455882405
2016-06-04,248.62602566386803
2016-06-05,160.69318905603222
2016-06-06,63.46871391176932
2016-06-07,220.5586300675039
2016-06-08,126.5881737432087
2016-06-09,197.92586365754332
2016-06-10,280.4759587943686
2016-06-11,245.00566968671512
2016-06-12,126.58343985952756
2016-06-13,97.05127955441216
2016-06-14,187.79071527652408
2016-06-15,50.63663145431453
2016-06-16,181.51218034075444
2016-06-17,199.9461685698888
2016-06-18,64.483142335804
2016-06-19,252.46502412577576
2016-06-20,88.55339577786668
2016-06-21,244.97979444050833
2016-06-22,160.87912489623253
2016-06-23,62.6446178232765
2016-06-24,253.91532334188295
2016-06-25,57.37047252493892
2016-06-26,278.07297124271815
2016-06-27,284.84687221169526
2016-06-28,286.7410477988998
2016-06-29,128.27503411814575
2016-06-30,246.22550507272308
2016-07-01,191.75595573554892
2016-07-02,185.31831517349423
2016-07-03,193.33459108006835
2016-07-04,93.26458231967977
2016-07-05,124.86368924299924
2016-07-06,226.59202615594788
2016-07-07,228.20949450396174
2016-07-08,114.48378987014866
2016-07-09,147.3671095014756
2016-07-10,107.70095137849896
2016-07-11,278.8915275623561
2016-07-12,202.55225246362275
2016-07-13,247.8895573505599
2016-07-14,110.69426843120968
2016-07-15,167.62205649493427
2016-07-16,66.66312099429038
2016-07-17,99.95321810697234
2016-07-18,120.23180787839414
2016-07-19,83.43114619806708
2016-07-20,75.82325788147044
2016-07-21,170.50328335540473
2016-07-22,159.72270491710515
2016-07-23,180.07035695861205
2016-07-24,176.96846434784044
2016-07-25,66.67198412016518
2016-07-26,156.09748378887735
2016-07-27,86.05058201816455
2016-07-28,165.6059012234774
2016-07-29,147.95984682397386
2016-07-30,157.92817706989146
2016-07-31,239.9122340652377
2016-08-01,115.82819926634761
2016-08-02,274.9487759311319
2016-08-03,63.38098845094632
2016-08-04,203.46087302840277
2016-08-05,256.20745735199694
2016-08-06,222.2200399848354
2016-08-07,147.05833249405208
2016-08-08,242.89844539119693
2016-08-09,138.38915398300873
2016-08-10,202.40856082730198
2016-08-11,299.76599236707585
2016-08-12,101.0591573881165
2016-08-13,163.91506607609048
2016-08-14,101.1866005347768
2016-08-15,101.84375894450774
2016-08-16,140.8552596587904
2016-08-17,128.60288863405148
2016-08-18,61.17934762192341
2016-08-19,179.33933014255737
2016-08-20,255.19318105997533
2016-08-21,71.7162078919886
2016-08-22,110.98460706125536
2016-08-23,140.89097840526972
2016-08-24,136.79140502763138
2016-08-25,117.92825374241038
2016-08-26,280.6186073606351
2016-08-27,156.13997719148304
2016-08-28,113.43887124664651
2016-08-29,272.46511941597663
2016-08-30,197.38273096155487
2016-08-31,270.1615912717764
2016-09-01,69.73738072604769
2016-09-02,180.01192004311994
2016-09-03,199.20499214535272
2016-09-04,205.9496933243837
2016-09-05,228.09957041594836
2016-09-06,99.62826061880332
2016-09-07,209.2218584916533
2016-09-08,275.3025371316357
2016-09-09,85.62688566521504
2016-09-10,114.25017819121962
2016-09-11,93.23102581154428
2016-09-12,196.6318881797858
2016-09-13,240.04647540838818
2016-09-14,200.66747821954834
2016-09-15,275.88590734509233
2016-09-16,264.029752994838
2016-09-17,156.74992545671745
2016-09-18,55.6222199171273
2016-09-19,295.50132845666815
2016-09-20,232.5477422092149
2016-09-21,276.44490798372317
2016-09-22,130.1729027334293
2016-09-23,164.17067474213852
2016-09-24,284.6156377054415
2016-09-25,233.46444979734298
2016-09-26,214.52489938579672
2016-09-27,224.62671567022704
2016-09-28,182.6776213130502
2016-09-29,91.89591291488733
2016-09-30,100.20114237066775
2016-10-01,72.50690051851458
2016-10-02,58.314036093781866
2016-10-03,240.72311474089648
2016-10-04,204.40229139037086
2016-10-05,109.15615615092665
2016-10-06,288.93216375824295
2016-10-07,82.04936282320892
2016-10-08,93.37666634171342
2016-10-09,288.10764205757124
2016-10-10,92.45815662458119
2016-10-11,243.64539947993188
2016-10-12,117.7691132350182
2016-10-13,190.25572795448332
2016-10-14,245.06348069525285
2016-10-15,153.58264155266767
2016-10-16,198.32169715044972
2016-10-17,58.568349083658696
2016-10-18,97.73590639312161
2016-10-19,106.75449998347165
2016-10-20,202.46706258103254
2016-10-21,238.10878257014218
2016-10-22,239.86716998767946
2016-10-23,75.29986978519867
2016-10-24,276.2992181662157
2016-10-25,293.5697983310921
2016-10-26,217.62275715576988
2016-10-27,299.0433093877217
2016-10-28,156.4115826114164
2016-10-29,138.88063621931104
2016-10-30,91.21167598397125
2016-10-31,51.030867409441775
2016-11-01,199.76786811454323
2016-11-02,249.99475742901538
2016-11-03,70.10758232548653
2016-11-04,226.14947676367433
2016-11-05,240.09418219231293
2016-11-06,295.9403313015646
2016-11-07,271.15382068260124
2016-11-08,143.93315309016663
2016-11-09,67.3249458553067
2016-11-10,282.26502620203456
2016-11-11,236.81607890416907
2016-11-12,104.14570564594004
2016-11-13,70.1959687980256
2016-11-14,251.3382725644744
2016-11-15,293.1554145579478
2016-11-16,71.80139502352851
2016-11-17,102.51227238529503
2016-11-18,206.458325227236
2016-11-19,296.7553904564343
2016-11-20,288.95917905948164
2016-11-21,101.30480888340821
2016-11-22,155.4495377088772
2016-11-23,282.89960102833106
2016-11-24,259.04878129275374
2016-11-25,231.69776327736852
2016-11-26,50.71060597726505
2016-11-27,198.84714215228445
2016-11-28,238.63608642820125
2016-11-29,296.99956150928006
2016-11-30,139.1733455446109
2016-12-01,250.16979918731147
2016-12-02,234.97547491941157
2016-12-03,220.70278864436415
2016-12-04,233.6361856495192
2016-12-05,272.09113976654646
2016-12-06,217.40022647911752
2016-12-07,193.38607315704058
2016-12-08,279.6146533831412
2016-12-09,184.29489458720727
2016-12-10,289.8849659008106
2016-12-11,79.19467566824102
2016-12-12,192.4178597024562
2016-12-13,246.3576073693398
2016-12-14,58.5729353463824
2016-12-15,134.05894288805413
2016-12-16,285.7386464480356
2016-12-17,149.8131418997113
2016-12-18,174.78805339208378
2016-12-19,207.1901718910922
2016-12-20,111.5110819557741
2016-12-21,247.73195469272721
2016-12-22,151.04737316617926
2016-12-23,240.29181776300268
2016-12-24,220.5952198479109
2016-12-25,173.4150582628033
2016-12-26,214.6813556111654
2016-12-27,117.48134365689715
2016-12-28,170.2292971270796
2016-12-29,223.50923968719567
2016-12-30,213.35549210936313
2016-12-31,189.7689896800854
2017-01-01,197.5838431374698
2017-01-02,242.46131261322694
2017-01-03,102.72845073119714
2017-01-04,162.29889250548194
2017-01-05,199.12201542406567
2017-01-06,69.43761849057998
2017-01-07,279.0651987444633
2017-01-08,297.80124220017166
2017-01-09,279.36000094937606
2017-01-10,91.33166721557637
2017-01-11,66.10806402435568
2017-01-12,139.91048026948835
2017-01-13,124.6335732832591
2017-01-14,59.28882851687496
2017-01-15,65.71069816604523
2017-01-16,283.39375677639634
2017-01-17,225.01841312154448
2017-01-18,299.7977764324695
2017-01-19,103.3847875494991
2017-01-20,218.5583711628165
2017-01-21,152.5833436698603
2017-01-22,103.79056701727495
2017-01-23,207.41937428039014
2017-01-24,217.77315903586685
2017-01-25,92.15690851242445
2017-01-26,252.85225910112953
2017-01-27,104.92447838715401
2017-01-28,184.91843341066252
2017-01-29,229.99630250915527
2017-01-30,222.04065198660885
2017-01-31,290.73584983452224
2017-02-01,297.0966074165557
2017-02-02,267.19073854616255
2017-02-03,233.4373102575914
2017-02-04,212.90902538364946
2017-02-05,175.81127204516199
2017-02-06,187.45767022380807
2017-02-07,83.4068013251479
2017-02-08,81.27184359716887
2017-02-09,74.8563735865015
2017-02-10,62.974499212508874
2017-02-11,220.33921140033942
2017-02-12,179.94731401349034
2017-02-13,248.44870845011877
2017-02-14,149.4470466957105
2017-02-15,226.20877388863443
2017-02-16,175.9845485197885
2017-02-17,265.73707165531346
2017-02-18,69.34211833259575
2017-02-19,99.45139396638015
2017-02-20,291.2997784167951
2017-02-21,262.97058183204905
2017-02-22,144.77729212318246
2017-02-23,271.6791893066471
2017-02-24,242.4714276401958
2017-02-25,199.65577735822166
2017-02-26,215.9877558221596
2017-02-27,50.46018259146125
2017-02-28,87.35609737370812
2017-03-01,126.18855897971197
2017-03-02,55.01762706464404
2017-03-03,122.70924466198383
2017-03-04,124.36935589570406
2017-03-05,153.08051432579128
2017-03-06,217.21302043172284
2017-03-07,238.17741977950698
2017-03-08,251.8693705138418
2017-03-09,201.49435360768993
2017-03-10,80.25388246657798
2017-03-11,75.69965459772536
2017-03-12,54.85141115028379
2017-03-13,209.8155646827713
2017-03-14,192.4078251724141
2017-03-15,53.172522360703425
2017-03-16,61.49038605374572
2017-03-17,192.68518789601237
2017-03-18,52.96912254906337
2017-03-19,241.29738680162504
2017-03-20,283.5442723693909
2017-03-21,109.99983254605812
2017-03-22,167.44612707302042
2017-03-23,249.20766844994228
2017-03-24,86.44843365112956
2017-03-25,173.40352901362434
2017-03-26,92.78634439281828
2017-03-27,191.7270112226435
2017-03-28,201.1532858581992
2017-03-29,184.79912802142366
2017-03-30,99.05586277241244
2017-03-31,58.380148000530994
2017-04-01,52.82765025344131
2017-04-02,115.96751626395286
2017-04-03,173.98102789543722
2017-04-04,155.33009738767203
2017-04-05,105.99576645031672
2017-04-06,98.84877581872772
2017-04-07,148.18776573404188
2017-04-08,170.37570383491482
2017-04-09,167.2472571947572
2017-04-10,211.870893372143
2017-04-11,187.35183116211232
2017-04-12,283.79361558309927
2017-04-13,189.1560662918893
2017-04-14,249.99378746676473
2017-04-15,161.99285904227818
2017-04-16,124.98130798659861
2017-04-17,137.82363547238455
2017-04-18,107.05230662424967
2017-04-19,105.86960056496251
2017-04-20,276.01064700199595
2017-04-21,269.2157192195508
2017-04-22,91.29215041221295
2017-04-23,173.2498681738941
2017-04-24,260.24959879741925
2017-04-25,263.7198356175801
2017-04-26,124.32551092577913
2017-04-27,57.9447163367182
2017-04-28,167.01286061587797
2017-04-29,209.28082530247386
2017-04-30,283.7766032374103
2017-05-01,120.4503836276236
2017-05-02,183.1911890352394
2017-05-03,82.51670722389443
2017-05-04,193.7875193278261
2017-05-05,117.83870928653202
2017-05-06,180.55575477852702
2017-05-07,108.12342523013406
2017-05-08,283.6324385344077
2017-05-09,285.7990906904571
2017-05-10,197.36521508367343
2017-05-11,131.6174829338528
2017-05-12,281.0051245763635
2017-05-13,226.14235027606458
2017-05-14,89.62601154135648
2017-05-15,72.94547533168942
2017-05-16,235.89337680431117
2017-05-17,249.4124928299855
2017-05-18,193.02408625222216
2017-05-19,168.1883810722221
2017-05-20,151.0006534195755
2017-05-21,280.3744130361944
2017-05-22,89.03012560405672
2017-05-23,231.7186761209632
2017-05-24,98.39650194775258
2017-05-25,65.75590860574073
2017-05-26,138.12363827714623
2017-05-27,133.2089383328596
2017-05-28,67.50865268915142
2017-05-29,147.37381875635793
2017-05-30,237.20458287057158
2017-05-31,156.16570538750096
2017-06-01,296.0942129070212
2017-06-02,217.11251188196945
2017-06-03,228.68003853987733
2017-06-04,115.89157085587061
2017-06-05,136.83644840023996
2017-06-06,246.81233226363926
2017-06-07,250.13723277297638
2017-06-08,98.64440107304242
2017-06-09,251.51263077625197
2017-06-10,246.69611632270625
2017-06-11,124.02496702424737
2017-06-12,110.69620197400701
2017-06-13,151.3078746373444
2017-06-14,291.55372935727394
2017-06-15,181.177433493291
2017-06-16,126.09753473698463
2017-06-17,274.90603273750946
2017-06-18,71.89255375749252
2017-06-19,70.11183728048132
2017-06-20,298.9677849031011
2017-06-21,262.14644104872593
2017-06-22,53.891054543264524
2017-06-23,79.7367542806608
2017-06-24,262.4822745891211
2017-06-25,202.96112775901105
2017-06-26,82.62740583636736
2017-06-27,136.05246336471382
2017-06-28,192.06278079435236
2017-06-29,144.22209940897983
2017-06-30,94.1840843960685
2017-07-01,194.11147710243395
2017-07-02,52.13895823302679
2017-07-03,179.7482732996996
2017-07-04,241.13739769143032
2017-07-05,146.1388930465851
2017-07-06,199.00445617613204
2017-07-07,291.5988933930028
2017-07-08,160.32997998143503
2017-07-09,174.3191562428562
2017-07-10,87.406069672839
2017-07-11,93.6372296423703
2017-07-12,82.10104963171575
2017-07-13,198.31234000169894
2017-07-14,103.46352188473614
2017-07-15,150.17065218727808
2017-07-16,69.49658912305802
2017-07-17,112.16387290105845
2017-07-18,270.63739978126404
2017-07-19,160.86999943908796
2017-07-20,272.53420647790244
2017-07-21,219.7702660707096
2017-07-22,61.752602469101205
2017-07-23,228.96506509110668
2017-07-24,216.62637694503292
2017-07-25,94.5007180857312
2017-07-26,69.58540798077124
2017-07-27,62.47200583494981
2017-07-28,211.87329496168172
2017-07-29,170.29847703437582
2017-07-30,164.28053233284552
2017-07-31,150.54082802436847
2017-08-01,260.40296188689877
2017-08-02,154.8512932635517
2017-08-03,132.42872550981068
2017-08-04,130.38615552915473
2017-08-05,225.19720305563754
2017-08-06,276.7581519193485
2017-08-07,202.0429783476055
2017-08-08,151.85936369450232
2017-08-09,127.22552834854937
2017-08-10,241.17779555861054
2017-08-11,71.66181910171925
2017-08-12,167.91659902280026
2017-08-13,267.5528685448402
2017-08-14,87.22205299638415
2017-08-15,188.86623746805955
2017-08-16,68.33972829862724
2017-08-17,108.76448041769635
2017-08-18,190.43004720362913
2017-08-19,65.7789690067012
2017-08-20,192.75526620314443
2017-08-21,87.74338657813635
2017-08-22,87.26049608117887
2017-08-23,269.16536896719833
2017-08-24,196.0697082510245
2017-08-25,261.28630052015683
2017-08-26,55.74945537793556
2017-08-27,226.8986776459814
2017-08-28,159.35905108276324
2017-08-29,56.70000306342949
2017-08-30,166.45937312258724
2017-08-31,86.37934311792468
2017-09-01,259.4211604464708
2017-09-02,127.35631874138075
2017-09-03,121.4509315350542
2017-09-04,183.29232591031956
2017-09-05,175.4101241307792
2017-09-06,68.16910644084612
2017-09-07,275.578027336349
2017-09-08,222.12644206077198
2017-09-09,267.9857928102151
2017-09-10,98.10489514554445
2017-09-11,190.97990628579257
2017-09-12,272.1013660489024
2017-09-13,255.41225590356524
2017-09-14,208.86412596769947
2017-09-15,233.17961364581407
2017-09-16,132.31662870859014
2017-09-17,121.50618462895103
2017-09-18,279.36745451570624
2017-09-19,52.27848475263836
2017-09-20,278.49565263169734
2017-09-21,236.3154132578244
2017-09-22,135.28799028984378
2017-09-23,99.15053425402577
2017-09-24,203.5860582211111
2017-09-25,135.16154888117944
2017-09-26,87.79229399017295
2017-09-27,120.99448460712254
2017-09-28,66.73371935940824
2017-09-29,191.25408744816158
2017-09-30,227.96906814484566
2017-10-01,278.44269919186473
2017-10-02,122.84769442485606
2017-10-03,117.2274889767068
2017-10-04,196.74611526009866
2017-10-05,182.9967350374165
2017-10-06,299.345750332166
2017-10-07,212.31178121440848
2017-10-08,65.08749569082099
2017-10-09,134.3554743386196
2017-10-10,127.34037350178349
2017-10-11,206.251615729069
2017-10-12,255.18995960470045
2017-10-13,242.3570736914235
2017-10-14,99.949868080214
2017-10-15,277.30253093704437
2017-10-16,216.25925085253104
2017-10-17,114.07664778535873
2017-10-18,80.32268926920167
2017-10-19,288.2458351461329
2017-10-20,286.9063913022442
2017-10-21,68.60231614590694
2017-10-22,93.98854209104732
2017-10-23,135.07197241769921
2017-10-24,178.19922522117133
2017-10-25,77.96501595946587
2017-10-26,52.94292660864098
2017-10-27,221.18256924253106
2017-10-28,99.60083161385192
2017-10-29,74.07459538577808
2017-10-30,133.78174754483751
2017-10-31,115.09080737158587
2017-11-01,113.36426827920683
2017-11-02,253.31081909446468
2017-11-03,238.18934910545266
2017-11-04,58.207873011912476
2017-11-05,245.49344455578813
2017-11-06,164.65475027869002
2017-11-07,226.50778691095712
2017-11-08,178.9140909576829
2017-11-09,246.58976365581717
2017-11-10,222.73500669220428
2017-11-11,267.2193673289071
2017-11-12,231.74262495492067
2017-11-13,169.33425563157203
2017-11-14,180.4597646617822
2017-11-15,170.45764819051297
2017-11-16,179.47901364904868
2017-11-17,238.8030463025351
2017-11-18,75.18128521595654
2017-11-19,93.39381415714399
2017-11-20,59.26146907710379
2017-11-21,154.98226103529424
2017-11-22,69.24872233332711
2017-11-23,75.53226259324029
2017-11-24,232.38695991698896
2017-11-25,199.24932091523155
2017-11-26,251.44908630306148
2017-11-27,245.51161805746756
2017-11-28,180.8413961250852
2017-11-29,235.86117239256788
2017-11-30,292.12582956639073
2017-12-01,154.82531534914585
2017-12-02,248.77126548337753
2017-12-03,154.8536067959812
2017-12-04,246.9686470263606
2017-12-05,69.29119158616157
2017-12-06,218.2682983201616
2017-12-07,84.23901564662404
2017-12-08,256.10296716258154
2017-12-09,62.98017818435948
2017-12-10,78.54471014376273
2017-12-11,103.41159062410091
2017-12-12,129.61118702567853
2017-12-13,173.0359160963829
2017-12-14,54.23234619828872
2017-12-15,98.58018416177396
2017-12-16,153.07941070871152
2017-12-17,110.3579849491806
2017-12-18,235.59614899554666
2017-12-19,166.08779697467804
2017-12-20,237.9628583506666
2017-12-21,286.87918883292804
2017-12-22,162.53306222890538
2017-12-23,273.4715742992497
2017-12-24,237.79030480855047
2017-12-25,190.2129681333291
2017-12-26,96.88070788144535
2017-12-27,69.14635728258665
2017-12-28,96.70853254660115
2017-12-29,198.2343556254704
2017-12-30,55.29858641927669
2017-12-31,145.01943900720232
2018-01-01,262.8914662262013
2018-01-02,70.89005180485188
2018-01-03,277.9934475271164
2018-01-04,97.60595315611269
2018-01-05,98.15178186331015
2018-01-06,213.54957027469686
2018-01-07,183.40394895751285
2018-01-08,292.5404942887085
2018-01-09,146.9315517190077
2018-01-10,172.9963142009635
2018-01-11,65.32770141262976
2018-01-12,175.48494349600742
2018-01-13,156.0925557249634
2018-01-14,196.51079333530998
2018-01-15,235.39789769423112
2018-01-16,158.17923777540796
2018-01-17,267.6439695234192
2018-01-18,150.85363527699806
2018-01-19,174.73690964069684
2018-01-20,236.63823407723453
2018-01-21,70.11209599019867
2018-01-22,127.34152832108745
2018-01-23,281.0050657245226
2018-01-24,100.17817215415165
2018-01-25,267.2422115460229
2018-01-26,171.91653488351625
2018-01-27,81.4569170229326
2018-01-28,77.3010959837641
2018-01-29,216.7351956334071
2018-01-30,102.15615782090374
2018-01-31,114.52005259804486
2018-02-01,101.76653031977776
2018-02-02,259.8338270545578
2018-02-03,84.55517251487039
2018-02-04,95.93561045421396
2018-02-05,196.20375303563645
2018-02-06,158.59971766619418
2018-02-07,169.62812255186626
2018-02-08,243.22176994692364
2018-02-09,235.33518513216802
2018-02-10,180.50081048660525
2018-02-11,282.5373696976301
2018-02-12,224.98580924629468
2018-02-13,103.96884139759197
2018-02-14,297.7213154280529
2018-02-15,190.7878922630733
2018-02-16,129.51161899582092
2018-02-17,166.88524247848352
2018-02-18,273.8758098393113
2018-02-19,197.59091000557592
2018-02-20,273.275365070308
2018-02-21,287.64473806206297
2018-02-22,287.2352631818841
2018-02-23,194.55300154835408
2018-02-24,232.02209865418482
2018-02-25,202.50322835907932
2018-02-26,78.07589312536216
2018-02-27,89.5867700456246
2018-02-28,221.98454329779474
2018-03-01,167.708200679972
2018-03-02,177.08594681757285
2018-03-03,91.21802928008742
2018-03-04,92.43377416917147
2018-03-05,191.05406987300714
2018-03-06,225.27870719570438
2018-03-07,212.0783189739
2018-03-08,227.32579902992808
2018-03-09,53.106118413708366
2018-03-10,231.14581218025788
2018-03-11,165.96911520157468
2018-03-12,217.40605023739136
2018-03-13,282.6197754219005
2018-03-14,196.65237389882049
2018-03-15,116.98472385797527
2018-03-16,105.05652587091927
2018-03-17,119.83378293027337
2018-03-18,75.20800939721052
2018-03-19,181.72968936952898
2018-03-20,71.00883007140445
2018-03-21,211.69643348034117
2018-03-22,84.8727615163606
2018-03-23,280.9662801807695
2018-03-24,228.08363594340983
2018-03-25,140.71080447274875
2018-03-26,119.04662082439955
2018-03-27,270.9556559211169
2018-03-28,127.30556452606285
2018-03-29,127.6241477467278
2018-03-30,182.55248868336562
2018-03-31,107.24108337554901
2018-04-01,129.99315800256232
2018-04-02,182.5180296812478
2018-04-03,234.81473655691653
2018-04-04,65.79477854216296
2018-04-05,88.39373450631284
2018-04-06,220.44503137277752
2018-04-07,251.63417665899811
2018-04-08,58.45100193514797
2018-04-09,119.23993657905488
2018-04-10,259.5858010008708
2018-04-11,100.48412706750877
2018-04-12,64.31022050707587
2018-04-13,218.90947920012505
2018-04-14,239.28621419157898
2018-04-15,166.60275980663448
2018-04-16,205.77998278879087
2018-04-17,261.23376547033473
2018-04-18,61.11553052113687
2018-04-19,150.76840933799045
2018-04-20,262.3540868388853
2018-04-21,79.4882898772938
2018-04-22,204.61882272256406
2018-04-23,177.98869264430382
2018-04-24,213.49720743496027
2018-04-25,114.36289112122728
2018-04-26,200.72222351848055
2018-04-27,84.62440408776408
2018-04-28,200.11131312038518
2018-04-29,106.92174910099166
2018-04-30,103.08811839838503
2018-05-01,147.55724988201777
2018-05-02,295.57988554295537
2018-05-03,217.92191250555769
2018-05-04,164.00886679045232
2018-05-05,114.45473621911788
2018-05-06,95.067623462656
2018-05-07,73.91933396419869
2018-05-08,109.60247747619024
2018-05-09,197.03678793263174
2018-05-10,195.82173051967396
2018-05-11,139.30711523097017
2018-05-12,157.05711878356584
2018-05-13,89.12543458695728
2018-05-14,296.8624712539179
2018-05-15,188.9590455707365
2018-05-16,149.27406802064922
2018-05-17,225.29390974947512
2018-05-18,268.8686756435792
2018-05-19,290.1485897593444
2018-05-20,67.85234003389155
2018-05-21,104.14198203356409
2018-05-22,156.67153529659674
2018-05-23,191.21104109604858
2018-05-24,169.30166811100435
2018-05-25,139.6419190286428
2018-05-26,141.66906534735523
2018-05-27,263.09539691241525
2018-05-28,140.88082161986978
2018-05-29,114.59407163637613
2018-05-30,102.6741112809934
2018-05-31,176.41331539213965
2018-06-01,197.81966187090956
2018-06-02,229.58256587579453
2018-06-03,212.23082348395047
2018-06-04,281.44035214345945
2018-06-05,201.89997211685193
2018-06-06,271.45721379848726
2018-06-07,199.71105526848885
2018-06-08,276.57278842722496
2018-06-09,185.58274279896295
2018-06-10,286.41806584312417
2018-06-11,145.46224019495173
2018-06-12,208.17898972494595
2018-06-13,122.89106155845782
2018-06-14,91.31529263977818
2018-06-15,118.56088900520082
2018-06-16,247.58854091692587
2018-06-17,264.1691482484838
2018-06-18,104.68841671051605
2018-06-19,238.9370545795592
2018-06-20,82.53002439411321
2018-06-21,137.2845786851908
2018-06-22,276.6828940086011
2018-06-23,129.90668239014389
2018-06-24,246.76136000371972
2018-06-25,122.79793925209222
2018-06-26,230.45517545415603
2018-06-27,130.58192294546444
2018-06-28,75.58238470703233
2018-06-29,137.81011982449493
2018-06-30,96.1541575515161
2018-07-01,293.2127492355472
2018-07-02,263.5595337918878
2018-07-03,151.33356032804306
2018-07-04,172.3795388403225
2018-07-05,158.76288904849932
2018-07-06,190.0619218777678
2018-07-07,68.51752706668734
2018-07-08,52.87149367263098
2018-07-09,215.13741134951374
2018-07-10,222.44754066995338
2018-07-11,258.77632732636687
2018-07-12,162.40339189276116
2018-07-13,160.9719777475808
2018-07-14,151.19867337604637
2018-07-15,236.80806240005728
2018-07-16,60.36083095121471
2018-07-17,151.06560087003055
2018-07-18,74.14781301212143
2018-07-19,211.0457486477192
2018-07-20,199.3027828500953
2018-07-21,197.54022933287973
2018-07-22,139.52509056614804
2018-07-23,123.90622565047539
2018-07-24,262.70874538389046
2018-07-25,220.8480783935536
2018-07-26,157.17755478729612
2018-07-27,152.66742696276935
2018-07-28,141.8237682191761
2018-07-29,165.69490481678224
2018-07-30,265.6347669972244
2018-07-31,231.85098293678013
2018-08-01,56.04884625830823
2018-08-02,213.08700950909176
2018-08-03,259.6126183323794
2018-08-04,234.18157051256952
2018-08-05,67.61902138074791
2018-08-06,61.567437079559426
2018-08-07,158.88273822762932
2018-08-08,289.9810457176792
2018-08-09,254.97268853198412
2018-08-10,87.80493715287797
2018-08-11,213.90685391416446
2018-08-12,67.95800909182141
2018-08-13,262.7409090379368
2018-08-14,216.40673246519577
2018-08-15,259.1270971149336
2018-08-16,81.04625716822216
2018-08-17,107.6530308142155
2018-08-18,249.72799544960154
2018-08-19,288.08052734614563
2018-08-20,109.71348677541022
2018-08-21,89.54803232965354
2018-08-22,247.73376123532765
2018-08-23,171.25844566397615
2018-08-24,150.14245717279763
2018-08-25,181.93895945343436
2018-08-26,74.13883546592899
2018-08-27,262.58007191226613
2018-08-28,153.5260346277639
2018-08-29,127.0054337430082
2018-08-30,136.13444524341128
2018-08-31,183.73549573756975
2018-09-01,126.3148212174783
2018-09-02,127.20438223637727
2018-09-03,59.79156744291249
2018-09-04,65.0511617739049
2018-09-05,103.4382605198465
2018-09-06,282.96299451980343
2018-09-07,210.14190799530544
2018-09-08,155.6198073825488
2018-09-09,267.3454559185191
2018-09-10,248.74289985998647
2018-09-11,90.33952166351094
2018-09-12,290.3523671005097
2018-09-13,284.0245276025674
2018-09-14,241.86761891961564
2018-09-15,92.76179484133246
2018-09-16,224.20475004997758
2018-09-17,138.0372673098281
2018-09-18,145.18675568375158
2018-09-19,128.30766325157148
2018-09-20,222.57846149125217
2018-09-21,237.67885906716646
2018-09-22,189.1912322916335
2018-09-23,286.25306343670513
2018-09-24,80.39545460800794
2018-09-25,63.21063594945518
2018-09-26,72.869226817953
2018-09-27,104.45711736296144
2018-09-28,120.89316592262412
2018-09-29,150.0730686751516
2018-09-30,181.2454207574347
2018-10-01,149.4465180617708
2018-10-02,53.33881390558499
2018-10-03,107.36991448520126
2018-10-04,83.29474800252692
2018-10-05,221.41720114837992
2018-10-06,170.8140036843955
2018-10-07,63.10072035440954
2018-10-08,294.79010381207695
2018-10-09,65.0996405056667
2018-10-10,138.9366511311508
2018-10-11,140.68601353736986
2018-10-12,283.3757679105937
2018-10-13,260.389128816057
2018-10-14,233.94805531402181
2018-10-15,171.83349487761603
2018-10-16,95.91853469565851
2018-10-17,84.99176927595043
2018-10-18,130.06581079481634
2018-10-19,181.88224741724375
2018-10-20,262.0271735128424
2018-10-21,212.7839989823376
2018-10-22,234.87752217621926
2018-10-23,145.04678582630774
2018-10-24,249.73678951129392
2018-10-25,81.18117258719921
2018-10-26,68.71050987708014
2018-10-27,238.10306555294028
2018-10-28,97.33033011927829
2018-10-29,221.6834763852889
2018-10-30,158.541584597424
2018-10-31,235.2314514888813
2018-11-01,145.0203931792092
2018-11-02,100.33115189007248
2018-11-03,90.08208245477624
2018-11-04,112.45116545699406
2018-11-05,61.204977082628716
2018-11-06,110.22183444557477
2018-11-07,237.0018314714886
2018-11-08,279.69694142023144
2018-11-09,183.1354592434542
2018-11-10,170.29891427508826
2018-11-11,247.15461858067684
2018-11-12,88.90937244738075
2018-11-13,296.4647153092619
2018-11-14,136.74675407413395
2018-11-15,271.6371806820866
2018-11-16,242.11007166072247
2018-11-17,80.83707256562906
2018-11-18,178.46912665629273
2018-11-19,235.42297947229116
2018-11-20,70.9099838195305
2018-11-21,106.92709877672536
2018-11-22,129.36226623429576
2018-11-23,86.2031226037789
2018-11-24,138.43714067582098
2018-11-25,244.78263248432202
2018-11-26,107.53929101040436
2018-11-27,186.61842813239136
2018-11-28,183.28256475168584
2018-11-29,207.5607048976192
2018-11-30,80.15445871236633
2018-12-01,171.2234746947884
2018-12-02,171.44489015651436
2018-12-03,161.5547985495173
2018-12-04,69.01273103909304
2018-12-05,105.42517255851365
2018-12-06,109.44640813366888
2018-12-07,125.32411681177712
2018-12-08,298.696244529954
2018-12-09,159.4563318482259
2018-12-10,111.07223453759359
2018-12-11,155.2162825123525
2018-12-12,75.56443002399006
2018-12-13,286.13702134785876
2018-12-14,181.6376367147536
2018-12-15,161.24774788728894
2018-12-16,137.10258196373667
2018-12-17,237.90609991169697
2018-12-18,158.17363230650255
2018-12-19,175.62259175180463
2018-12-20,143.9895072684413
2018-12-21,160.4935019169978
2018-12-22,71.04954859901909
2018-12-23,201.48159682901715
2018-12-24,212.33624485845874
2018-12-25,285.6881752891517
2018-12-26,286.1943661181941
2018-12-27,75.64752706013493
2018-12-28,287.1808567388127
2018-12-29,53.40371513986218
2018-12-30,244.75567699797634
2018-12-31,132.60876130785942
2019-01-01,148.49573218228167
2019-01-02,75.56423018135592
2019-01-03,74.62531455517822
2019-01-04,109.58853097545077
2019-01-05,279.6900980895167
2019-01-06,90.4020142646518
2019-01-07,61.97112714741594
2019-01-08,193.84309482453097
2019-01-09,235.04656088118833
2019-01-10,178.2348859422838
2019-01-11,73.5879153466004
2019-01-12,256.927187350294
2019-01-13,220.72262789793746
2019-01-14,221.51020791628352
2019-01-15,121.01765030545262
2019-01-16,218.40460037620304
2019-01-17,153.47673924205998
2019-01-18,229.40728232300995
2019-01-19,201.70179824416442
2019-01-20,163.94120515590043
2019-01-21,247.37886377167038
2019-01-22,104.54375637961309
2019-01-23,244.0678130245968
2019-01-24,183.37731896418956
2019-01-25,82.75564409994489
2019-01-26,136.42320043551956
2019-01-27,220.89693562525065
2019-01-28,214.05199729609208
2019-01-29,218.2141844102012
2019-01-30,224.16400908831463
2019-01-31,197.55339166517166
2019-02-01,265.05522115922577
2019-02-02,130.27063604734911
2019-02-03,239.82224471337983
2019-02-04,84.24881164899796
2019-02-05,196.54216434414926
2019-02-06,235.91559801791246
2019-02-07,117.1121123017769
2019-02-08,132.71644801834773
2019-02-09,126.87549197788931
2019-02-10,251.27395619800853
2019-02-11,192.22421629542774
2019-02-12,215.89103109789392
2019-02-13,157.1302795215891
2019-02-14,204.53564852030846
2019-02-15,169.28870501454935
2019-02-16,87.92265401764561
2019-02-17,172.7561888125374
2019-02-18,266.965017021462
2019-02-19,257.6155821762925
2019-02-20,66.82881191627713
2019-02-21,130.43417499916933
2019-02-22,131.24020813963426
2019-02-23,290.87149694437784
2019-02-24,180.0018255249248
2019-02-25,255.17255485896052
2019-02-26,226.48831575020287
2019-02-27,138.97797632582564
2019-02-28,190.1156637651959
2019-03-01,83.89365048231858
2019-03-02,237.15559820596488
2019-03-03,192.35105827607637
2019-03-04,62.84661535531673
2019-03-05,148.7984921001958
2019-03-06,215.41161959419594
2019-03-07,84.89788570134095
2019-03-08,279.24175648753703
2019-03-09,173.26359925415173
2019-03-10,172.16957311718684
2019-03-11,100.42164475247685
2019-03-12,235.93873954862957
2019-03-13,98.78715260955795
2019-03-14,242.31022214761023
2019-03-15,154.54533000077598
2019-03-16,127.03877614948942
2019-03-17,165.76297531849517
2019-03-18,213.98060196061496
2019-03-19,232.07733339891132
2019-03-20,280.1191130332827
2019-03-21,215.98080061151393
2019-03-22,293.3452064433113
2019-03-23,284.34548175893894
2019-03-24,173.67644649573253
2019-03-25,239.49138041402492
2019-03-26,137.9556682823906
2019-03-27,194.02162506553847
2019-03-28,183.03765506766834
2019-03-29,227.893715410187
2019-03-30,71.55971931560133
2019-03-31,54.584079062659924
2019-04-01,117.17336499439038
2019-04-02,246.27132111468674
2019-04-03,197.04653420085162
2019-04-04,245.41599621462333
2019-04-05,127.52336977970548
2019-04-06,196.25072604263573
2019-04-07,285.991401557111
2019-04-08,235.2284558561194
2019-04-09,278.01936715113186
2019-04-10,246.23750244176912
2019-04-11,68.13496016215876
2019-04-12,87.24096930284699
2019-04-13,124.63225299261659
2019-04-14,197.79431937131406
2019-04-15,211.44750613913692
2019-04-16,264.5172745935064
2019-04-17,272.09856206900633
2019-04-18,118.93081962773375
2019-04-19,258.1034041624538
2019-04-20,242.62737051299032
2019-04-21,101.75931126728716
2019-04-22,118.66655716579228
2019-04-23,254.37554063062564
2019-04-24,172.11125392652087
2019-04-25,140.1484974277525
2019-04-26,237.41346658105047
2019-04-27,61.457888260057196
2019-04-28,238.56118768571744
2019-04-29,173.53094871725324
2019-04-30,93.58873019755092
2019-05-01,194.3004894119068
2019-05-02,224.84552586163954
2019-05-03,205.9064277157386
2019-05-04,150.27761112758265
2019-05-05,169.28852367891315
2019-05-06,73.4750605650569
2019-05-07,215.83355106703908
2019-05-08,245.00824771298818
2019-05-09,297.1781559535573
2019-05-10,276.8294541852464
2019-05-11,285.75740346797056
2019-05-12,251.20078655994274
2019-05-13,57.162137393426555
2019-05-14,115.66189446347131
2019-05-15,257.49472907880636
2019-05-16,139.594801467721
2019-05-17,69.70935482782696
2019-05-18,149.28199481966544
2019-05-19,208.89822192215692
2019-05-20,200.93829763732012
2019-05-21,279.8246480165508
2019-05-22,116.3584194977244
2019-05-23,112.19793750339878
2019-05-24,178.2512558960563
2019-05-25,258.28208403795304
2019-05-26,127.6376860601383
2019-05-27,290.1666818075016
2019-05-28,273.0683619751342
2019-05-29,102.13220678273152
2019-05-30,272.0649888657405
2019-05-31,296.90222154173875
2019-06-01,60.41896538127912
2019-06-02,275.7017275143863
2019-06-03,179.86529656848393
2019-06-04,259.3599525464989
2019-06-05,69.6938299566489
2019-06-06,126.94200591522124
2019-06-07,214.839709284537
2019-06-08,81.54659902887663
2019-06-09,151.86020162375814
2019-06-10,81.22409254146812
2019-06-11,142.15524126994666
2019-06-12,65.29004133523517
2019-06-13,215.30120282084448
2019-06-14,75.66986587127614
2019-06-15,208.62137568812457
2019-06-16,187.35527653645727
2019-06-17,158.58995144680753
2019-06-18,290.30016839242035
2019-06-19,123.1061891781114
2019-06-20,57.89019072503366
2019-06-21,248.80271434278248
2019-06-22,114.69372178354016
2019-06-23,256.46630274925013
2019-06-24,161.7336487163737
2019-06-25,239.4495869514505
2019-06-26,76.9567732784021
2019-06-27,103.07127083398616
2019-06-28,279.424418419302
2019-06-29,64.90460702779994
2019-06-30,87.36531693186365
2019-07-01,207.59715598827765
2019-07-02,187.04933545435244
2019-07-03,231.02690834692004
2019-07-04,281.45829425631695
2019-07-05,67.3228173792769
2019-07-06,290.91881710559755
2019-07-07,77.2476900534736
2019-07-08,54.57933436967742
2019-07-09,163.87718851780636
2019-07-10,158.0820702257397
2019-07-11,282.3148403396882
2019-07-12,67.74247817652127
2019-07-13,251.1957825743989
2019-07-14,298.69197270187385
2019-07-15,289.10758815158795
2019-07-16,247.29587580667763
2019-07-17,139.5517171153562
2019-07-18,154.74876372279743
2019-07-19,127.89099445955128
2019-07-20,94.19653981116738
2019-07-21,78.31768271574528
2019-07-22,73.24019237355034
2019-07-23,117.31738288523839
2019-07-24,82.34130787998757
2019-07-25,134.45381110208
2019-07-26,113.29542250793122
2019-07-27,107.6531765295179
2019-07-28,159.1400463074085
2019-07-29,149.95763449867104
2019-07-30,169.74586244132396
2019-07-31,275.7923180839659
2019-08-01,147.7059995236737
2019-08-02,137.41937925668668
2019-08-03,127.35386635283962
2019-08-04,284.76402817014326
2019-08-05,111.51815127625376
2019-08-06,196.67786992568455
2019-08-07,131.58768180243368
2019-08-08,261.59527475490563
2019-08-09,181.52886348176256
2019-08-10,149.71227248396605
2019-08-11,231.40540349537338
2019-08-12,92.49759807483463
2019-08-13,182.42707826180464
2019-08-14,50.207539534772565
2019-08-15,93.08131513874608
2019-08-16,242.4368230300556
2019-08-17,105.45788637515928
2019-08-18,289.8325671704269
2019-08-19,234.99236682296032
2019-08-20,266.2862710020147
2019-08-21,227.07023777032632
2019-08-22,103.75218962801748
2019-08-23,73.91737587668347
2019-08-24,244.48064850604226
2019-08-25,162.49571005718116
2019-08-26,295.8131979468051
2019-08-27,109.06665209883663
2019-08-28,68.51289525692351
2019-08-29,288.14488830006474
2019-08-30,145.4085433927186
2019-08-31,61.97927925148293
2019-09-01,184.68511092169368
2019-09-02,168.97389883470814
2019-09-03,102.36122485496197
2019-09-04,255.20188019075434
2019-09-05,79.20560614670146
2019-09-06,250.80325497627393
2019-09-07,252.82841950565597
2019-09-08,289.02329497024346
2019-09-09,153.25737918924034
2019-09-10,211.4653248308687
2019-09-11,133.14085574547744
2019-09-12,88.616419219882
2019-09-13,249.25765090706585
2019-09-14,117.37270871248214
2019-09-15,113.77664461965018
2019-09-16,293.38510950864776
2019-09-17,256.0398115600065
2019-09-18,293.0823021821998
2019-09-19,181.01109275630066
2019-09-20,182.87073317415138
2019-09-21,188.63500353664412
2019-09-22,144.83733161401926
2019-09-23,298.7500342489941
2019-09-24,157.20424637126038
2019-09-25,275.54770207356256
2019-09-26,195.66037658018635
2019-09-27,74.78012665886025
2019-09-28,157.9584492180407
2019-09-29,206.392643754017
2019-09-30,253.61521889081746
2019-10-01,95.27513907710897
2019-10-02,158.14681927708008
2019-10-03,237.44324175978267
2019-10-04,201.46336692310703
2019-10-05,262.14361957459505
2019-10-06,278.05287945482075
2019-10-07,223.52948037519093
2019-10-08,143.0330842010176
2019-10-09,292.66945879433183
2019-10-10,56.29838369682817
2019-10-11,222.75874999335397
2019-10-12,193.6423083116668
2019-10-13,192.59462673446262
2019-10-14,273.67037702613334
2019-10-15,57.23593067843844
2019-10-16,216.4544643659079
2019-10-17,205.36337864687653
2019-10-18,270.22247189508937
2019-10-19,233.47158243533113
2019-10-20,281.1853609414426
2019-10-21,102.24890453295764
2019-10-22,163.02240685714773
2019-10-23,149.60055091157335
2019-10-24,71.51408417753603
2019-10-25,288.660265623742
2019-10-26,86.37059825729688
2019-10-27,219.7072480664742
2019-10-28,83.49285258020231
2019-10-29,294.32879028033733
2019-10-30,136.6956342215231
2019-10-31,154.68688240078387
2019-11-01,109.5409376689243
2019-11-02,100.93958753821559
2019-11-03,56.65413614556318
2019-11-04,269.68528896464375
2019-11-05,249.246797665556
2019-11-06,242.53914051524623
2019-11-07,123.38849401919154
2019-11-08,297.80210615467126
2019-11-09,74.35321901520132
2019-11-10,96.36607116968081
2019-11-11,126.0452443173127
2019-11-12,233.9338879032412
2019-11-13,248.0634514987076
2019-11-14,135.31200274102264
2019-11-15,219.62681282694862
2019-11-16,172.5067671079006
2019-11-17,160.30670616650545
2019-11-18,267.3402937795501
2019-11-19,61.86445920686399
2019-11-20,175.94626084018813
2019-11-21,185.72968506459765
2019-11-22,242.29295629204427
2019-11-23,129.68626038309512
2019-11-24,108.81984248782413
2019-11-25,226.74004654398698
2019-11-26,195.5182706559666
2019-11-27,251.70451314020409
2019-11-28,158.82335005640917
2019-11-29,270.3599311623518
2019-11-30,134.8583963322065
2019-12-01,134.4364224564324
2019-12-02,286.65349803547963
2019-12-03,193.96016327796974
2019-12-04,277.30212219721477
2019-12-05,185.58891206932532
2019-12-06,297.1981510390099
2019-12-07,295.4345514393261
2019-12-08,250.21349608567795
2019-12-09,273.99550469620067
2019-12-10,208.92767257381382
2019-12-11,272.3613969658169
2019-12-12,254.76976343610215
2019-12-13,299.4147839872824
2019-12-14,199.22830423148983
2019-12-15,59.274082142362055
2019-12-16,294.6575376467966
2019-12-17,142.54697046487172
2019-12-18,69.1230385210815
2019-12-19,127.86269746301552
2019-12-20,126.94303627983248
2019-12-21,132.70949976253632
